wallet,mint,sample_group,first_buy_time,realized_pnl_sol,realized_roi,pre_1m_return,pre_3m_return,pre_5m_return,pre_10m_return,pre_20m_return,pre_5m_volume_spike,pre_20m_volume_spike,entry_range_position,break_previous_high,distance_to_20m_high,distance_to_20m_low,consecutive_green_candles,consecutive_red_candles,volatility_20m,entry_label
55PB376nxsrBLTZr1UdQSk6M89AxPif6oKmbmZmWq5dr,G76fNn6QnTtQCWtGUKA4H9yQ6YNMn4aPSAeQxb9Jpump,profit,2026-04-29T01:38:51+00:00,0.678311137,1.357027000,0.516360348,1.088793613,1.222319521,1.466891954,2.040606967,17.621515976,10.178320585,0.817713052,true,-0.154781404,4.601500553,5,0,5.627280306,breakout_volume_entry
55PB376nxsrBLTZr1UdQSk6M89AxPif6oKmbmZmWq5dr,9zr5VVFzpgUf9wnk2a9bkgdZxNXkPJ7XoJXuBidSpump,profit,2026-04-29T01:43:13+00:00,0.063118425,0.126237000,0.478947614,0.478947614,0.478947614,0.478947614,0.478947614,0.418630554,0.418630554,0.449730411,false,-0.394918981,1.143266049,2,0,2.542114167,unclear_entry
55PB376nxsrBLTZr1UdQSk6M89AxPif6oKmbmZmWq5dr,AZcVDsjNw2vXgNn34W7aRF49aRtSeKZT5BAN3V5cpump,profit,2026-04-29T01:44:28+00:00,0.004953845,0.009023000,0.071527059,0.071527059,0.071527059,0.071527059,0.071527059,1.584418243,1.584418243,0.766908453,false,-0.114636734,0.742189176,2,0,0.967767629,high_range_entry
55PB376nxsrBLTZr1UdQSk6M89AxPif6oKmbmZmWq5dr,5nYVDeouoW7ahb1svHewcDcRzexezCmWqJdk4PsApump,profit,2026-04-29T01:47:17+00:00,0.176023116,0.329229000,,,,,,,,0.877198732,false,-0.085550695,2.014598875,1,0,2.296627664,high_range_entry
55PB376nxsrBLTZr1UdQSk6M89AxPif6oKmbmZmWq5dr,2L33pPAAJkAR23KWv7mR2k2F9KKYhpWt7k2ArwYmpump,profit,2026-04-29T01:48:02+00:00,0.019889508,0.037195000,-0.530948845,-0.530948845,-0.530948845,-0.530948845,-0.530948845,3.570940107,3.570940107,0.049319584,true,-0.712851008,0.147826609,0,1,2.997320694,breakout_volume_entry
55PB376nxsrBLTZr1UdQSk6M89AxPif6oKmbmZmWq5dr,HqdKyNo2A6852hnYxG8Vfi7jf2n1mgUgBqwBqoUzpump,profit,2026-04-29T01:51:00+00:00,0.070260853,0.140522000,0.229044359,0.043276466,0.043276466,0.043276466,0.043276466,0.606950755,0.606950755,0.470528613,false,-0.173352087,0.229044359,1,0,0.486780936,unclear_entry
55PB376nxsrBLTZr1UdQSk6M89AxPif6oKmbmZmWq5dr,6sN3E4Dk1ZNn1spRcTvvNbfHsxGyPhTKfuDHrgtVpump,profit,2026-04-29T01:52:44+00:00,0.042969803,0.041556000,,,,,,,,1.000000000,false,0.000000000,0.141738131,1,0,0.141738131,high_range_entry
55PB376nxsrBLTZr1UdQSk6M89AxPif6oKmbmZmWq5dr,HXYZgD8QoE3oGnXAdw1CztmDTDoygbuRU9ALTdX4pump,profit,2026-04-29T02:21:44+00:00,0.012200982,0.024408000,0.949897222,0.949897222,0.949897222,0.949897222,0.949897222,24.358863808,24.358863808,0.591562624,true,-0.300794102,1.653039153,2,0,2.794360372,breakout_volume_entry
55PB376nxsrBLTZr1UdQSk6M89AxPif6oKmbmZmWq5dr,9ch1JqNxqwKgpQnM3EcsTgF7NG8bF44j37wVyuuspump,profit,2026-04-29T02:25:55+00:00,0.010664886,0.020094000,0.119929261,-0.015635232,0.121719006,0.121719006,0.121719006,0.492011400,0.492011400,0.310313970,false,-0.227342187,0.152586560,1,0,0.491716696,unclear_entry
55PB376nxsrBLTZr1UdQSk6M89AxPif6oKmbmZmWq5dr,9uaNxDribD1UC7MUXQogBVdUscQBVHBuCzh5PrJ5pump,profit,2026-04-29T02:39:01+00:00,0.019945963,0.043211000,-0.157549883,-0.157549883,-0.157549883,-0.157549883,-0.157549883,3.199058436,3.199058436,0.715116838,true,-0.227409435,2.829541848,0,1,3.956754615,breakout_volume_entry
55PB376nxsrBLTZr1UdQSk6M89AxPif6oKmbmZmWq5dr,3pbggCjSuDLSB4iQ4v1Uc6HjbMT1hGqBd8AMKNxUpump,profit,2026-04-29T02:45:12+00:00,0.969017774,1.673030000,,,,,,,,0.897656383,false,-0.085664273,4.610317902,1,0,5.135949558,high_range_entry
55PB376nxsrBLTZr1UdQSk6M89AxPif6oKmbmZmWq5dr,BDDumgWwRv5zynmmjxKALavMAHgPh6UocJRQs6Hmpump,profit,2026-04-29T03:01:55+00:00,1.105070030,1.807767000,,,,,,,,0.724574104,false,-0.209570037,2.305778479,1,0,3.182253499,unclear_entry
55PB376nxsrBLTZr1UdQSk6M89AxPif6oKmbmZmWq5dr,H6SBg5q554YUFBwh3LqZJgfMxX4eofPdh9RXHFpBpump,profit,2026-04-29T03:03:25+00:00,0.305137303,0.504028000,,,,,,,,0.995824216,false,-0.003168959,3.134335235,1,0,3.147478426,high_range_entry
55PB376nxsrBLTZr1UdQSk6M89AxPif6oKmbmZmWq5dr,3H3kqqdFWLiJ39FP2u1P7Nw3tsTyCMrB4AX5XRX74YWc,loss,2026-04-29T03:10:03+00:00,-0.196448795,-0.193030000,-0.246816557,-0.246816557,-0.246816557,-0.246816557,-0.246816557,1.295547547,1.295547547,0.355669436,true,-0.498296688,1.213614989,0,1,3.412199271,unclear_entry
55PB376nxsrBLTZr1UdQSk6M89AxPif6oKmbmZmWq5dr,82yiAogGB4nr6JqmwPn1fqKGP59Q7DsEqvkn9zxopump,profit,2026-04-29T03:12:10+00:00,0.043865924,0.083943000,,,,,,,,0.289858857,false,-0.461506068,0.538023932,1,0,1.856158332,unclear_entry
55PB376nxsrBLTZr1UdQSk6M89AxPif6oKmbmZmWq5dr,2vDVTKZNE96oJfeXeHQ618BGKS9ud493KReqgKXcpump,loss,2026-04-29T03:14:13+00:00,-0.010666891,-0.020428000,0.221426139,-0.298447051,-0.178983751,0.083545935,0.083545935,1.011903544,0.582530551,0.281588806,false,-0.397006825,0.347825633,1,0,1.235225354,unclear_entry
55PB376nxsrBLTZr1UdQSk6M89AxPif6oKmbmZmWq5dr,CPWrXBsW6WgcVXyko8JsVgDRpaSm1xub9s9HGAx8pump,loss,2026-04-29T03:14:57+00:00,-0.028279093,-0.051830000,,,,,,,,0.626490801,false,-0.147862182,0.410527459,1,0,0.655280905,unclear_entry
55PB376nxsrBLTZr1UdQSk6M89AxPif6oKmbmZmWq5dr,vm9z1CxCjgxxevWk1qfYow9SwBw1McM1UoDt3RJpump,loss,2026-04-29T03:16:31+00:00,-0.170530686,-0.330188000,-0.330094294,-0.330094294,-0.330094294,-0.330094294,-0.330094294,1.483835082,1.483835082,0.078247678,true,-0.480325507,0.085142892,0,1,1.088120367,dip_or_rebound_entry
55PB376nxsrBLTZr1UdQSk6M89AxPif6oKmbmZmWq5dr,DGaWTm2cyRNuwgGpfV1WhFQ4jhpfi6x1HcUNKc8Wpump,loss,2026-04-29T03:27:40+00:00,-0.006247649,-0.012500000,0.128125627,0.136554997,0.136554997,0.136554997,0.136554997,0.529300006,0.529300006,1.000000000,true,0.000000000,0.263295243,2,0,0.263295243,high_range_entry
55PB376nxsrBLTZr1UdQSk6M89AxPif6oKmbmZmWq5dr,524zXrkbMkoDF8tZSy45PwTNb9pNgvwx5VSdk2R4pump,profit,2026-04-29T03:27:59+00:00,0.506645819,0.980579000,,,,,,,,1.000000000,false,0.000000000,1.323054237,1,0,1.323054237,high_range_entry
55PB376nxsrBLTZr1UdQSk6M89AxPif6oKmbmZmWq5dr,eqqewyvQimbTq83juJwT6Gt6FzAqnoikGB9kw4hpump,loss,2026-04-29T03:28:35+00:00,-0.237017390,-0.155133000,0.253316434,0.253316434,0.253316434,0.253316434,0.253316434,11.978856830,11.978856830,0.691836666,true,-0.183244595,1.014862383,2,0,1.466910374,breakout_volume_entry
55PB376nxsrBLTZr1UdQSk6M89AxPif6oKmbmZmWq5dr,8TwGaAgqQ9ovYfNwBGBLJbnYqRKmBEQiLNHRBSeTpump,profit,2026-04-29T03:31:00+00:00,0.052515755,0.047146000,1.356667429,1.356667429,1.356667429,1.356667429,1.356667429,332.963115826,332.963115826,0.348589769,true,-0.518248534,1.356667429,2,0,3.891873912,breakout_volume_entry
55PB376nxsrBLTZr1UdQSk6M89AxPif6oKmbmZmWq5dr,14hDBCzrLQJa7kLfmaJoahVNxMG8asYHrUga9jrdpump,loss,2026-04-29T03:35:23+00:00,-0.056576104,-0.113237000,0.073664635,0.073664635,0.073664635,0.073664635,0.073664635,1.025966838,1.025966838,0.120213393,false,-0.388352581,0.094997861,1,0,0.790243572,unclear_entry
55PB376nxsrBLTZr1UdQSk6M89AxPif6oKmbmZmWq5dr,GwJAwXGGU8oB4ZDqksCe6wQPdNyX2j5xZDXv9qq5pump,loss,2026-04-29T03:37:39+00:00,-0.002718544,-0.005437000,-0.002734037,-0.002734037,-0.002734037,-0.002734037,-0.002734037,1.067897804,1.067897804,0.744934300,false,-0.111797568,0.581300549,0,1,0.780338009,unclear_entry
55PB376nxsrBLTZr1UdQSk6M89AxPif6oKmbmZmWq5dr,4tvpDeku9ErHjwa51yAobJH7sVmMuXUChYcnMG1Bpump,profit,2026-04-29T03:43:22+00:00,0.017610669,0.017618000,0.391107354,0.391107354,0.391107354,0.391107354,0.391107354,12.456169013,12.456169013,0.866675013,true,-0.047741061,0.483455084,2,0,0.557827417,breakout_volume_entry
55PB376nxsrBLTZr1UdQSk6M89AxPif6oKmbmZmWq5dr,Cw1Bi3VRZtUuHkKqFhgiT5mPduLX6YS6mEaz2hrBpump,loss,2026-04-29T03:47:45+00:00,-0.001255558,-0.002511000,,,,,,,,0.816647529,false,-0.136069233,2.350105571,1,0,2.877747730,high_range_entry
55PB376nxsrBLTZr1UdQSk6M89AxPif6oKmbmZmWq5dr,JEGXcUidPy51rP15JPzdqpLLYJz72qB736rAH59Mpump,loss,2026-04-29T03:50:14+00:00,-0.176495033,-0.340270000,-0.641203845,-0.641203845,-0.641203845,-0.641203845,-0.641203845,3.104480590,3.104480590,0.000000000,true,-0.707030654,0.000000000,0,1,2.413326386,breakout_volume_entry
55PB376nxsrBLTZr1UdQSk6M89AxPif6oKmbmZmWq5dr,81n9oxHutLoQkRvjdn83aaofk8NR7dFVLxcCoDD2pump,loss,2026-04-29T03:56:51+00:00,-0.036165130,-0.035721000,-0.033375533,-0.033375533,-0.033375533,-0.033375533,-0.033375533,0.318861426,0.318861426,0.083712367,false,-0.624184483,0.178881881,0,1,2.136863240,unclear_entry
55PB376nxsrBLTZr1UdQSk6M89AxPif6oKmbmZmWq5dr,FkkPfxF9yiJKZ1u6VAFDgK7Tn9gxm6V1kMtU8BZipump,loss,2026-04-29T03:57:18+00:00,-0.068974855,-0.137976000,-0.344415291,-0.344415291,-0.344415291,-0.344415291,-0.344415291,1.064253277,1.064253277,0.302243396,true,-0.410325739,0.431471562,0,1,1.427563243,dip_or_rebound_entry
55PB376nxsrBLTZr1UdQSk6M89AxPif6oKmbmZmWq5dr,Gj2wMDacswzYG43CgpwCcWRihPhGsLQJf5F11hhvpump,profit,2026-04-29T03:57:42+00:00,0.123325817,0.246679000,3.989584560,3.989584560,3.989584560,3.989584560,3.989584560,2.850866981,2.850866981,0.860447899,true,-0.114794058,3.989584560,1,0,4.636636995,breakout_volume_entry
55PB376nxsrBLTZr1UdQSk6M89AxPif6oKmbmZmWq5dr,DxEjXMRWihmQLztaKDGRSgr1EjH4zkvvPxnoe2Z6pump,profit,2026-04-29T04:00:57+00:00,0.301767631,0.292417000,0.360343073,0.360343073,0.360343073,0.360343073,0.360343073,0.346237243,0.346237243,1.000000000,true,0.000000000,0.421038419,2,0,0.421038419,high_range_entry
55PB376nxsrBLTZr1UdQSk6M89AxPif6oKmbmZmWq5dr,75X3YgCpLaEqMTz5TabNX4Mo51mZctaxa8aRbUedpump,loss,2026-04-29T04:17:14+00:00,-0.021591778,-0.219401000,,,,,,,,0.164916815,false,-0.583841671,0.383238053,1,0,2.323826433,unclear_entry
55PB376nxsrBLTZr1UdQSk6M89AxPif6oKmbmZmWq5dr,2uRdYXZcC6WrsL55aNN3Y22wrT6kHYb3QE3J75F4pump,profit,2026-04-29T04:18:20+00:00,0.218783959,0.111290000,0.450063822,0.450063822,0.450063822,0.450063822,0.450063822,0.137657099,0.137657099,0.469540846,false,-0.325246563,0.744187017,2,0,1.584924982,unclear_entry
55PB376nxsrBLTZr1UdQSk6M89AxPif6oKmbmZmWq5dr,6pg9DtWC5zC6ueMFb5GGgeNvBHBgh1oEFidwgvLhpump,profit,2026-04-29T04:26:58+00:00,0.042968589,0.078462000,-0.627133690,-0.447240971,-0.447240971,-0.447240971,-0.447240971,0.716474887,0.716474887,0.101043379,false,-0.655740414,0.272425214,0,1,2.696121369,dip_or_rebound_entry
55PB376nxsrBLTZr1UdQSk6M89AxPif6oKmbmZmWq5dr,FML9ApgKaSCqbC3XUqTdLaTtdGm1BcJWatN7xmBbpump,profit,2026-04-29T04:33:55+00:00,0.023628618,0.044000000,0.328617028,0.048232874,0.470934692,0.866612077,0.866612077,0.864956233,0.978582457,1.000000000,true,0.000000000,0.896644652,1,0,0.896644652,high_range_entry
55PB376nxsrBLTZr1UdQSk6M89AxPif6oKmbmZmWq5dr,BBZbQQFu8kkw1rhDVzjkyMXsEvc2JLBZiJeShoNapump,profit,2026-04-29T04:37:56+00:00,0.103273451,0.191636000,,,,,,,,1.000000000,false,0.000000000,0.263725916,1,0,0.263725916,high_range_entry
55PB376nxsrBLTZr1UdQSk6M89AxPif6oKmbmZmWq5dr,27sFia5GZfmt44iiDAym8Y2TL2duTewvYAjkLavhpump,profit,2026-04-29T04:39:00+00:00,0.209533617,0.209587000,0.123124572,0.562202632,0.770408763,0.770408763,0.770408763,0.324146934,0.324146934,1.000000000,true,0.000000000,0.835367890,4,0,0.835367890,high_range_entry
55PB376nxsrBLTZr1UdQSk6M89AxPif6oKmbmZmWq5dr,6EYMLZo38gUSnujkokp6KPWQkWoftRKksL7dRc3yMTNG,loss,2026-04-29T05:01:08+00:00,-0.038272735,-0.076545000,-0.031641903,0.219515727,0.219515727,0.219515727,0.219515727,0.065810881,0.065810881,0.158660109,false,-0.525582844,0.264092383,0,1,1.664516592,unclear_entry
55PB376nxsrBLTZr1UdQSk6M89AxPif6oKmbmZmWq5dr,H64ap4deX9piTa1kbt6ihjck3KjuHve3MivMrsadpump,loss,2026-04-29T05:03:31+00:00,-0.182482537,-0.361764000,,,,,,,,0.478769530,false,-0.322455628,0.776667345,1,0,1.622215486,unclear_entry
55PB376nxsrBLTZr1UdQSk6M89AxPif6oKmbmZmWq5dr,HbUWXrTVCLY8sTydzW6gLu9q2UUCpe77yjni4eZPpump,loss,2026-04-29T05:08:49+00:00,-0.011311457,-0.022655000,,,,,,,,0.982996825,false,-0.005839645,0.514205878,1,0,0.523100243,high_range_entry
55PB376nxsrBLTZr1UdQSk6M89AxPif6oKmbmZmWq5dr,2Ku7NnBci7sMSLRYV6xpESJFYmg9FTizpX2wTqXopump,profit,2026-04-29T05:09:30+00:00,0.006475550,0.012954000,1.315655777,0.320819929,0.320819929,0.320819929,0.320819929,0.787426619,0.787426619,0.900352848,true,-0.071091489,2.241496634,1,0,2.489575770,high_range_entry
55PB376nxsrBLTZr1UdQSk6M89AxPif6oKmbmZmWq5dr,etxt2AosDxDR5kaKQn4GZoxwWgVXa9CBzUT5fAZpump,loss,2026-04-29T05:12:08+00:00,-0.073552630,-0.147105000,-0.052530601,-0.052530601,-0.052530601,-0.052530601,-0.052530601,0.433832401,0.433832401,0.684315296,false,-0.254544334,2.848994559,0,1,4.163277621,unclear_entry
55PB376nxsrBLTZr1UdQSk6M89AxPif6oKmbmZmWq5dr,4SGxnG9Asrr2RdSXGcWvJAgzfxaQFnx2w6Zj5pegpump,loss,2026-04-29T05:17:50+00:00,-0.101917976,-0.203836000,,,,,,,,0.310052146,false,-0.312189684,0.256235574,1,0,0.826427353,unclear_entry
55PB376nxsrBLTZr1UdQSk6M89AxPif6oKmbmZmWq5dr,9Gk885sPonJDzUfwoDqQf43nHb4vG22TsMiGEF3ppump,loss,2026-04-29T05:27:49+00:00,-0.145707845,-0.270485000,,,,,,,,0.960287287,false,-0.026042902,1.829481704,1,0,1.905139981,high_range_entry
55PB376nxsrBLTZr1UdQSk6M89AxPif6oKmbmZmWq5dr,APF5DgmqmDkmbF21TGJeYd4F7d8hSknyZWPCHphXpump,loss,2026-04-29T05:29:31+00:00,-0.024139659,-0.040860000,,,,,,,,0.427261826,false,-0.305870424,0.489706066,1,0,1.146149824,unclear_entry
55PB376nxsrBLTZr1UdQSk6M89AxPif6oKmbmZmWq5dr,ELWxQbrb9FmSUGmxdmrDbjbYqvu5SNM2gn8ThYcspump,loss,2026-04-29T05:37:18+00:00,-0.029915087,-0.303991000,,,,,,,,0.325939530,false,-0.412169788,0.512971390,1,0,1.573823799,unclear_entry
55PB376nxsrBLTZr1UdQSk6M89AxPif6oKmbmZmWq5dr,CyAr9fPWPP4YdMoFajbEvNTpxSBaXbDbigauGg4epump,profit,2026-04-29T05:42:21+00:00,0.002259687,0.004519000,0.338142725,-0.174384483,-0.186261725,0.551740780,0.551740780,0.619982406,0.362838605,0.570605469,false,-0.299874045,1.321101975,2,0,2.315263428,unclear_entry
55PB376nxsrBLTZr1UdQSk6M89AxPif6oKmbmZmWq5dr,6GrGEJ7Z2M2RQpfwjrFmFswPWNmbtHGrr3DHtE1Wpump,loss,2026-04-29T05:44:55+00:00,-0.005661600,-0.012500000,-0.027347310,-0.753025291,-0.700307318,-0.621401252,-0.513342121,0.086487343,0.094091837,0.000000000,false,-0.775416051,0.000000000,0,2,3.452677967,dip_or_rebound_entry
55PB376nxsrBLTZr1UdQSk6M89AxPif6oKmbmZmWq5dr,6i7VSyA3GwPeDgzigdFyK5qJXWARuMxfhEm1p92dpump,profit,2026-04-29T05:45:40+00:00,0.238198378,0.476397000,,,,,,,,0.942975441,false,-0.035086780,1.508173306,1,0,1.599377079,high_range_entry
55PB376nxsrBLTZr1UdQSk6M89AxPif6oKmbmZmWq5dr,5xL9HT3fDAzX3VEsZCX8qEWi3mgemtrgfd544aJgpump,loss,2026-04-29T05:59:26+00:00,-0.259572890,-0.464887000,,,,,,,,0.145851355,false,-0.509197064,0.215297120,1,0,1.476140689,unclear_entry
55PB376nxsrBLTZr1UdQSk6M89AxPif6oKmbmZmWq5dr,PFVF3TH5uGWnhaM6XNn8CAWXpqrCE2PQiGgGQybpump,profit,2026-04-29T06:00:11+00:00,0.078006833,0.156038000,-0.614153864,-0.614153864,-0.614153864,-0.614153864,-0.614153864,0.584491679,0.584491679,0.016637134,false,-0.728543255,0.047566479,0,1,2.859054893,dip_or_rebound_entry
55PB376nxsrBLTZr1UdQSk6M89AxPif6oKmbmZmWq5dr,DaNJ7kvzxFu7c7DG6u1E6s4wMZhJSEa4Ss9ZqKfUpump,profit,2026-04-29T06:05:25+00:00,0.011370379,0.022741000,,,,,,,,0.838177301,false,-0.035935474,0.239264142,1,0,0.285457673,high_range_entry
55PB376nxsrBLTZr1UdQSk6M89AxPif6oKmbmZmWq5dr,EW9ArqgzzH8U5pu5nMXdajw9nft9hiWMncw11x5cpump,profit,2026-04-29T06:19:03+00:00,0.243537607,0.514903000,1.076240983,1.076240983,1.076240983,1.076240983,1.076240983,1.654090064,1.654090064,1.000000000,true,0.000000000,2.075663522,2,0,2.075663522,breakout_volume_entry
55PB376nxsrBLTZr1UdQSk6M89AxPif6oKmbmZmWq5dr,BP37KtWxxY3smx463XzsS5QvC58RW4tFFbVKRX2Gpump,profit,2026-04-29T06:23:16+00:00,0.179339438,1.823698000,,,,,,,,0.904144242,false,-0.081317425,5.057160407,1,0,5.593311525,high_range_entry
55PB376nxsrBLTZr1UdQSk6M89AxPif6oKmbmZmWq5dr,8B8HcYv5zktaDKPBN4pvEDgHuutMp585A9mPyTLMpump,loss,2026-04-29T06:32:57+00:00,-0.176298023,-0.352596000,,,,,,,,0.740129882,false,-0.133896637,0.786680666,1,0,1.062895426,unclear_entry
55PB376nxsrBLTZr1UdQSk6M89AxPif6oKmbmZmWq5dr,EPo6akAM2AiECbMh8q48kVHywyN7RMRmbpeHodKfpump,profit,2026-04-29T06:36:25+00:00,0.163259195,0.108873000,0.451102654,0.896426988,1.153491509,0.938192671,0.938192671,1.764899202,1.689926197,1.000000000,true,0.000000000,1.153491509,5,0,1.153491509,breakout_volume_entry
55PB376nxsrBLTZr1UdQSk6M89AxPif6oKmbmZmWq5dr,E4VuwYbTv5RmmqJGQhKdoxUWZzJGNxUXyDcsP73apzJu,profit,2026-04-29T06:40:46+00:00,0.042481643,0.430855000,,,,,,,,0.957418573,false,-0.033379692,3.473077694,1,0,3.627543679,high_range_entry
55PB376nxsrBLTZr1UdQSk6M89AxPif6oKmbmZmWq5dr,F92bdh9DZMGUeASuwXepC2A3Dz8umaGvRgjzJgDypump,profit,2026-04-29T06:41:23+00:00,0.074180646,0.132082000,0.236010259,-0.066463487,-0.066463487,-0.066463487,-0.066463487,0.916149166,0.916149166,0.557917385,false,-0.319557332,1.455100421,1,0,2.608092988,unclear_entry
55PB376nxsrBLTZr1UdQSk6M89AxPif6oKmbmZmWq5dr,Fu2Rm5QEf66SjnHLFxKwS3C5WdXiES2LX2hfPAWpump,loss,2026-04-29T06:47:54+00:00,-0.029368462,-0.058775000,,,,,,,,0.324684336,false,-0.417976223,0.527359241,1,0,1.624221381,unclear_entry
55PB376nxsrBLTZr1UdQSk6M89AxPif6oKmbmZmWq5dr,GASyGb3FKcUU5atCePcG39QwuLkLiHQ6bub8doEfpump,profit,2026-04-29T06:54:23+00:00,0.015283589,0.030572000,,,,,,,,0.817375489,false,-0.117265583,1.466517506,1,0,1.794178473,high_range_entry
55PB376nxsrBLTZr1UdQSk6M89AxPif6oKmbmZmWq5dr,EAE9oXaQfoZrB4Lofyo13WyiGkWu73VVS9dGZrxhpump,profit,2026-04-29T07:00:50+00:00,0.195377706,0.320264000,,,,,,,,1.000000000,false,0.000000000,1.572453779,1,0,1.572453779,high_range_entry
55PB376nxsrBLTZr1UdQSk6M89AxPif6oKmbmZmWq5dr,6eZAb5VQBD75KuEMEuUAVfsdnjikVxZmHCggLy4Ppump,profit,2026-04-29T07:03:34+00:00,0.010033961,0.017567000,,,,,,,,0.877617980,false,-0.050522180,0.617023001,1,0,0.703065588,high_range_entry
55PB376nxsrBLTZr1UdQSk6M89AxPif6oKmbmZmWq5dr,7wKewyb1mqbqLWkR2ruJ3Y5bTubi81P8uraanG5Ypump,loss,2026-04-29T07:07:06+00:00,-0.261442883,-0.522886000,-0.400340526,0.421036544,0.391395727,0.391395727,0.391395727,1.697458281,1.697458281,0.348615658,true,-0.528122396,1.493662414,0,2,4.284553437,breakout_volume_entry
55PB376nxsrBLTZr1UdQSk6M89AxPif6oKmbmZmWq5dr,3a1ovj7dNJ87r4jj93PB2xSaowtnF2YaA8kCy7eSpump,loss,2026-04-29T07:08:58+00:00,-0.078775889,-0.160422000,-0.026867015,-0.026867015,-0.026867015,-0.026867015,-0.026867015,0.789826281,0.789826281,0.752178879,false,-0.174076496,1.775541779,0,1,2.360531291,high_range_entry
55PB376nxsrBLTZr1UdQSk6M89AxPif6oKmbmZmWq5dr,88zHjd1LL7pwBjommuMdLrf9yHmH3iwcuFb3ikAvpump,loss,2026-04-29T07:10:43+00:00,-0.038035385,-0.076150000,0.117294832,0.162565130,0.334638269,1.428948786,1.428948786,0.628210460,0.743621727,0.996879034,false,-0.001860584,1.471600520,1,0,1.476207713,high_range_entry
55PB376nxsrBLTZr1UdQSk6M89AxPif6oKmbmZmWq5dr,CaTc99L3DGKQaCDicYAjpWZdvbsiygZN4omPAZhmpump,profit,2026-04-29T07:13:48+00:00,0.049508664,0.099017000,,,,,,,,0.806183830,false,-0.070218273,0.458008082,1,0,0.568118666,high_range_entry
55PB376nxsrBLTZr1UdQSk6M89AxPif6oKmbmZmWq5dr,7ZVztNusCidFiHuscBFz7dAygHogBRfcJVMR3aGkpump,profit,2026-04-29T07:14:41+00:00,0.013754080,0.027508000,0.187680605,0.054958980,0.255554331,0.560484712,1.378930003,2.211714639,3.442951422,0.871494795,true,-0.089996272,2.036703587,1,0,2.337023239,breakout_volume_entry
55PB376nxsrBLTZr1UdQSk6M89AxPif6oKmbmZmWq5dr,SEbDZ4TRfKUvWxPm7fRxQinWNWJSAFEWeHCz2Kapump,profit,2026-04-29T07:19:59+00:00,0.086255074,0.172510000,0.419116677,0.787636984,1.023782845,1.190787305,2.175821339,1.222872256,1.183777108,1.000000000,true,0.000000000,2.683711031,5,0,2.683711031,high_range_entry
55PB376nxsrBLTZr1UdQSk6M89AxPif6oKmbmZmWq5dr,tjn8grxUZug5xn5VswjweXGzfrZYNjwX7JWWXF3pump,loss,2026-04-29T07:37:33+00:00,-0.008075812,-0.016163000,-0.168813725,-0.168813725,-0.168813725,-0.168813725,-0.168813725,1.726512184,1.726512184,0.601354979,true,-0.275696666,1.348465078,0,1,2.242377839,breakout_volume_entry
55PB376nxsrBLTZr1UdQSk6M89AxPif6oKmbmZmWq5dr,98d1zQZStVJEKeTnxnsamTE2EVRyPtLV23WcZvHTpump,loss,2026-04-29T07:43:18+00:00,-0.012429937,-0.022391000,0.228989988,0.228989988,0.228989988,0.228989988,0.228989988,3.018929220,3.018929220,0.745766293,true,-0.097781111,0.466095537,2,0,0.624988741,breakout_volume_entry
55PB376nxsrBLTZr1UdQSk6M89AxPif6oKmbmZmWq5dr,DLeaRYKbquAHyDv6kAz7teAnojNnmpjeD8t1ijh1pump,loss,2026-04-29T08:36:57+00:00,-0.086291067,-0.156192000,,,,,,,,1.000000000,false,0.000000000,0.830998141,1,0,0.830998141,high_range_entry
55PB376nxsrBLTZr1UdQSk6M89AxPif6oKmbmZmWq5dr,3x8PdworsRHX6TxSFwancm48KaFnmcqw3r15f5Gwpump,loss,2026-04-29T08:44:56+00:00,-0.079440300,-0.158881000,,,,,,,,0.977126353,false,-0.011367574,0.965364613,1,0,0.987962928,high_range_entry
55PB376nxsrBLTZr1UdQSk6M89AxPif6oKmbmZmWq5dr,BX4eMWGB2P1GWwzT3f9Egt8KiNcfhgGPE8geJcpXpump,loss,2026-04-29T08:47:15+00:00,-0.202166719,-0.404333000,-0.007158268,-0.007158268,-0.007158268,-0.007158268,-0.007158268,5.180689486,5.180689486,0.377395194,true,-0.409268204,0.724000722,0,1,1.918415319,breakout_volume_entry
55PB376nxsrBLTZr1UdQSk6M89AxPif6oKmbmZmWq5dr,E99TXmhG9ppHzm17eKkruMmA7rVfQePqoeHipUJppump,loss,2026-04-29T08:48:30+00:00,-0.079640457,-0.147210000,2.072007603,2.072007603,2.072007603,2.072007603,2.072007603,7.031641253,7.031641253,1.000000000,true,0.000000000,3.089122947,2,0,3.089122947,breakout_volume_entry
55PB376nxsrBLTZr1UdQSk6M89AxPif6oKmbmZmWq5dr,5eMXSW5rDTBCU3ZEiGaTeeesTqM7FPNg1KcS3krNpump,profit,2026-04-29T08:57:34+00:00,1.112747618,2.131602000,0.277243632,0.277243632,0.277243632,0.277243632,0.277243632,0.549618768,0.549618768,0.977439239,true,-0.014978727,1.930985143,2,0,1.975555171,high_range_entry
55PB376nxsrBLTZr1UdQSk6M89AxPif6oKmbmZmWq5dr,9EZW54MXnwR5pbFBLEeEtP68AyLpBMiMNcqVjgYspump,profit,2026-04-29T09:02:41+00:00,0.583495358,0.583625000,,,,,,,,0.701997628,false,-0.133130964,0.566851597,1,0,0.807483636,unclear_entry
55PB376nxsrBLTZr1UdQSk6M89AxPif6oKmbmZmWq5dr,DuuZid3VsVNzNUiJvxx1sEnr9rM2QirNVr9r8A58pump,profit,2026-04-29T09:08:02+00:00,0.024649515,0.040600000,0.182474030,0.182474030,0.182474030,0.182474030,0.182474030,0.951434613,0.951434613,0.476291392,true,-0.388813555,1.372834245,2,0,2.882341082,unclear_entry
55PB376nxsrBLTZr1UdQSk6M89AxPif6oKmbmZmWq5dr,9LdQTLF47JL1X3gwGcqZuBBPqE5qAyNhenmJYxDppump,loss,2026-04-29T09:08:22+00:00,-0.005464146,-0.003518000,,,,,,,,1.000000000,false,0.000000000,1.697511650,1,0,1.697511650,high_range_entry
55PB376nxsrBLTZr1UdQSk6M89AxPif6oKmbmZmWq5dr,BFQbT1xeg7N9vGwC5cjQgN8F8MzgC3w1hv3k9tGypump,profit,2026-04-29T09:16:37+00:00,0.041682111,0.075564000,,,,,,,,0.000000000,false,-0.553583360,0.000000000,0,1,1.240059866,unclear_entry
55PB376nxsrBLTZr1UdQSk6M89AxPif6oKmbmZmWq5dr,DZQKJPbkx7xZK68CKkQy3hzUfaoELkTCEq4n2uGWpump,loss,2026-04-29T09:20:58+00:00,-0.006245994,-0.012500000,0.071504461,0.071504461,0.071504461,0.071504461,0.071504461,7.643571338,7.643571338,1.000000000,true,0.000000000,0.078843940,2,0,0.078843940,breakout_volume_entry
55PB376nxsrBLTZr1UdQSk6M89AxPif6oKmbmZmWq5dr,7b6gLvyhHViprRso1weiaGLqazsKbsYiYsXuwAAKpump,loss,2026-04-29T09:21:44+00:00,-0.017674856,-0.035355000,0.214978530,0.528380813,0.528380813,0.528380813,0.528380813,0.116436323,0.116436323,0.547721604,false,-0.286658102,0.948004812,3,0,1.730815081,unclear_entry
55PB376nxsrBLTZr1UdQSk6M89AxPif6oKmbmZmWq5dr,HS1Vh4K1rpXLAw2RUNx8MCjWb9arnE6qQnXyBZ47pump,profit,2026-04-29T09:25:59+00:00,0.271938147,0.543876000,3.444246984,3.404894279,3.404894279,3.404894279,3.404894279,15.429260762,15.429260762,1.000000000,true,0.000000000,3.444246984,1,0,3.444246984,breakout_volume_entry
55PB376nxsrBLTZr1UdQSk6M89AxPif6oKmbmZmWq5dr,Gcn2k5fFT17WbpZCR7WDDQYXJ8pd1SazbCLMzS7Dpump,loss,2026-04-29T09:27:34+00:00,-0.051593351,-0.103245000,0.094370650,0.094370650,0.094370650,0.094370650,0.094370650,0.614840410,0.614840410,0.763819387,true,-0.146915699,1.257123918,2,0,1.645839238,high_range_entry
55PB376nxsrBLTZr1UdQSk6M89AxPif6oKmbmZmWq5dr,8jdhqDAWL3xJ9AK4tbuLU9ui1zf9D3oGPxEtWZ4vpump,loss,2026-04-29T09:28:08+00:00,-0.078417223,-0.156950000,0.082786311,0.084268619,0.084268619,0.084268619,0.084268619,1.789041461,1.789041461,0.228778722,false,-0.207603591,0.084268619,1,0,0.368341158,unclear_entry
55PB376nxsrBLTZr1UdQSk6M89AxPif6oKmbmZmWq5dr,3Xps1UwWmHFLv9R29reKoV8hCAbFD6DxZk3Xjckopump,profit,2026-04-29T09:39:03+00:00,0.049811491,0.099638000,0.234838412,-0.237351848,-0.237351848,-0.237351848,-0.237351848,0.585945015,0.585945015,0.442877491,false,-0.323172282,0.611778546,1,0,1.381371956,unclear_entry
55PB376nxsrBLTZr1UdQSk6M89AxPif6oKmbmZmWq5dr,3R82c9xNofKmbAaW7WbeaHc4KWNgWL5nnvQvxYxQpump,loss,2026-04-29T09:43:38+00:00,-0.156518936,-0.316371000,,,,,,,,0.822148068,false,-0.066998970,0.496902144,1,0,0.604394954,high_range_entry
55PB376nxsrBLTZr1UdQSk6M89AxPif6oKmbmZmWq5dr,4eoAmGt465BphcZhyky68EuGu8AwTVXfkiYpGeo1pump,loss,2026-04-29T09:43:59+00:00,-0.128560555,-0.063704000,,,,,,,,1.000000000,false,0.000000000,0.757162766,1,0,0.757162766,high_range_entry
55PB376nxsrBLTZr1UdQSk6M89AxPif6oKmbmZmWq5dr,FK8NdVVYAMxGu3yGwCNeWh3gcyDeDtL7XoFLDsVvpump,profit,2026-04-29T09:48:00+00:00,0.040436950,0.080874000,0.141998290,0.440021017,0.440021017,0.440021017,0.440021017,1.006585985,1.006585985,0.929494563,true,-0.029812190,0.680954956,3,0,0.732607788,high_range_entry
55PB376nxsrBLTZr1UdQSk6M89AxPif6oKmbmZmWq5dr,BEFGTBRvCvnoTAqsXC98EvFyBjza5tVxtMsKfFRBpump,profit,2026-04-29T09:49:01+00:00,0.289454252,0.453689000,1.678698836,1.174484745,1.174484745,1.174484745,1.174484745,5.377483721,5.377483721,0.816915233,true,-0.138388459,2.529328365,1,0,3.096194396,breakout_volume_entry
55PB376nxsrBLTZr1UdQSk6M89AxPif6oKmbmZmWq5dr,ATw5RFWAhbp9FSsVz7HK6dt6zVaGXuqYEnTupBWPpump,profit,2026-04-29T10:05:52+00:00,0.094423725,0.188034000,0.496667272,0.640946867,0.931108161,1.516141292,1.495667998,3.897371073,3.984110888,1.000000000,true,0.000000000,1.974824613,2,0,1.974824613,breakout_volume_entry
55PB376nxsrBLTZr1UdQSk6M89AxPif6oKmbmZmWq5dr,2MNaTukcJbkMvV1uM9iGwcSck9XS2tyFT3BfkTXjpump,loss,2026-04-29T10:08:12+00:00,-0.038071325,-0.076201000,-0.078685933,-0.078685933,-0.078685933,-0.078685933,-0.078685933,0.182208412,0.182208412,0.045403929,false,-0.478233991,0.045582348,0,1,1.003929595,unclear_entry
55PB376nxsrBLTZr1UdQSk6M89AxPif6oKmbmZmWq5dr,JBLNPDbZvJNXKfSWqoXvCnBkvoWyhZr7Jd1KZHwWpump,loss,2026-04-29T10:10:32+00:00,-0.138705760,-0.286574000,,,,,,,,0.671308348,false,-0.285667186,4.457249106,1,0,6.639644988,unclear_entry
55PB376nxsrBLTZr1UdQSk6M89AxPif6oKmbmZmWq5dr,3Ky1XiMUJSa253EuG4pm6K4rLqRdACLfJynDRCqKpump,loss,2026-04-29T10:12:32+00:00,-0.174737430,-0.349559000,,,,,,,,0.315562679,false,-0.571850333,1.602801754,1,0,5.079186681,unclear_entry
55PB376nxsrBLTZr1UdQSk6M89AxPif6oKmbmZmWq5dr,36rurryfBXL8n5vfokRTocLvyxnoE1qugf8f39ZYpump,loss,2026-04-29T10:17:35+00:00,-0.155482457,-0.314455000,,,,,,,,0.789659212,false,-0.172050905,3.548237066,1,0,4.493377665,high_range_entry
55PB376nxsrBLTZr1UdQSk6M89AxPif6oKmbmZmWq5dr,2rUxzz58pVQz6KHT2NfHcxtdK6vdaXZaQgM58FJapump,loss,2026-04-29T10:25:16+00:00,-0.128295627,-0.254578000,-0.365022528,-0.365022528,-0.365022528,-0.365022528,-0.365022528,0.478185015,0.478185015,0.270925774,true,-0.522791847,0.686620869,0,1,2.534350493,dip_or_rebound_entry
55PB376nxsrBLTZr1UdQSk6M89AxPif6oKmbmZmWq5dr,EtAqs7SjR5cp5wgRujYVmZhnb9dRoFJVwbEisHKypump,profit,2026-04-29T10:42:31+00:00,0.060593928,0.125028000,,,,,,,,0.768126079,false,-0.166637600,1.962077018,1,0,2.554368444,high_range_entry
55PB376nxsrBLTZr1UdQSk6M89AxPif6oKmbmZmWq5dr,Gu8aoaTcmxyyT9FKtQkfddrvW7HwXJRRcgDLhAn2pump,loss,2026-04-29T10:43:34+00:00,-0.051836257,-0.103688000,,,,,,,,0.390781680,false,-0.394340692,0.717157571,1,0,1.835187287,unclear_entry
55PB376nxsrBLTZr1UdQSk6M89AxPif6oKmbmZmWq5dr,28uAqq1hGrh8tqmT8j9MD6FbzMxeMZgfywysNnuhpump,loss,2026-04-29T10:46:13+00:00,-0.151918016,-0.313087000,,,,,,,,0.949079144,false,-0.039903767,3.437553413,1,0,3.621988151,high_range_entry
55PB376nxsrBLTZr1UdQSk6M89AxPif6oKmbmZmWq5dr,DiqmbYhdd7HoytAabr5AQdTBrB8DMTupgukE2ZHEpump,loss,2026-04-29T10:47:08+00:00,-0.019946315,-0.039952000,1.037778066,1.037778066,1.037778066,1.037778066,1.037778066,8.426884612,8.426884612,0.652121540,true,-0.287512254,3.105925404,2,0,4.762801434,breakout_volume_entry
55PB376nxsrBLTZr1UdQSk6M89AxPif6oKmbmZmWq5dr,E6xoDtQRrYp7RGtmNT7M7BNv6WLumhMzVm5qpDQCpump,loss,2026-04-29T10:54:51+00:00,-0.057623058,-0.038289000,,,,,,,,0.773690873,false,-0.108723118,0.715374934,1,0,0.924626307,high_range_entry
