wallet,mint,sample_group,last_sell_time,realized_pnl_sol,realized_roi,pre_exit_1m_return,pre_exit_3m_return,pre_exit_5m_return,exit_range_position,exit_efficiency,drawdown_from_peak_before_exit,sell_after_breakdown,post_exit_5m_return,post_exit_20m_return,missed_profit_after_exit,loss_avoided_after_exit,exit_label
55PB376nxsrBLTZr1UdQSk6M89AxPif6oKmbmZmWq5dr,G76fNn6QnTtQCWtGUKA4H9yQ6YNMn4aPSAeQxb9Jpump,profit,2026-04-29T01:44:49+00:00,0.678311137,1.357027000,0.136551042,0.194925652,1.021940483,0.930314769,0.935327741,-0.064672259,false,-0.109288870,0.383612239,1.086467868,0.361852896,efficient_take_profit
55PB376nxsrBLTZr1UdQSk6M89AxPif6oKmbmZmWq5dr,9zr5VVFzpgUf9wnk2a9bkgdZxNXkPJ7XoJXuBidSpump,profit,2026-04-29T01:43:27+00:00,0.063118425,0.126237000,0.478947614,0.478947614,0.478947614,0.449730411,0.814501594,-0.185498406,false,-0.531210421,-0.532601364,0.302717901,0.532644363,efficient_take_profit
55PB376nxsrBLTZr1UdQSk6M89AxPif6oKmbmZmWq5dr,AZcVDsjNw2vXgNn34W7aRF49aRtSeKZT5BAN3V5cpump,profit,2026-04-29T01:45:01+00:00,0.004953845,0.009023000,-0.416809258,-0.375095340,-0.375095340,0.016562445,0.572902790,-0.427097210,false,-0.006471505,-0.006471505,0.714704860,0.006471505,pullback_take_profit
55PB376nxsrBLTZr1UdQSk6M89AxPif6oKmbmZmWq5dr,5nYVDeouoW7ahb1svHewcDcRzexezCmWqJdk4PsApump,profit,2026-04-29T01:48:34+00:00,0.176023116,0.329229000,0.733726860,0.733726860,0.733726860,0.992330832,0.993789083,-0.006210917,false,-0.213724122,-0.415278584,0.618838842,0.581561083,efficient_take_profit
55PB376nxsrBLTZr1UdQSk6M89AxPif6oKmbmZmWq5dr,2L33pPAAJkAR23KWv7mR2k2F9KKYhpWt7k2ArwYmpump,profit,2026-04-29T01:48:23+00:00,0.019889508,0.037195000,-0.530948845,-0.530948845,-0.530948845,0.049319584,0.287148992,-0.712851008,false,-0.125390019,-0.125390019,2.482512656,0.125390019,pullback_take_profit
55PB376nxsrBLTZr1UdQSk6M89AxPif6oKmbmZmWq5dr,HqdKyNo2A6852hnYxG8Vfi7jf2n1mgUgBqwBqoUzpump,profit,2026-04-29T01:51:47+00:00,0.070260853,0.140522000,0.229044359,0.043276466,0.043276466,0.470528613,0.982653387,-0.017346613,false,-0.161192122,-0.161192122,0.017652830,0.186359717,efficient_take_profit
55PB376nxsrBLTZr1UdQSk6M89AxPif6oKmbmZmWq5dr,6sN3E4Dk1ZNn1spRcTvvNbfHsxGyPhTKfuDHrgtVpump,profit,2026-04-29T01:56:25+00:00,0.042969803,0.041556000,0.006857021,0.160816210,0.148576864,0.974008434,0.993703743,-0.006296257,false,0.108591874,0.108591874,0.108591874,0.006810322,efficient_take_profit
55PB376nxsrBLTZr1UdQSk6M89AxPif6oKmbmZmWq5dr,HXYZgD8QoE3oGnXAdw1CztmDTDoygbuRU9ALTdX4pump,profit,2026-04-29T02:22:41+00:00,0.012200982,0.024408000,0.266575525,1.469692098,1.469692098,0.809490105,0.858142260,-0.141857740,false,-0.424610639,-0.666719980,0.165307953,0.666719980,efficient_take_profit
55PB376nxsrBLTZr1UdQSk6M89AxPif6oKmbmZmWq5dr,9ch1JqNxqwKgpQnM3EcsTgF7NG8bF44j37wVyuuspump,profit,2026-04-29T02:26:43+00:00,0.010664886,0.020094000,0.029877355,0.035482021,0.155233002,0.380346649,0.983181290,-0.016818710,false,-0.018363271,-0.018363271,0.017106418,0.029010595,efficient_take_profit
55PB376nxsrBLTZr1UdQSk6M89AxPif6oKmbmZmWq5dr,9uaNxDribD1UC7MUXQogBVdUscQBVHBuCzh5PrJ5pump,profit,2026-04-29T02:39:30+00:00,0.019945963,0.043211000,-0.157549883,-0.157549883,-0.157549883,0.715116838,0.772590565,-0.227409435,false,-0.563255279,-0.759928460,0.294346638,0.759928460,efficient_take_profit
55PB376nxsrBLTZr1UdQSk6M89AxPif6oKmbmZmWq5dr,3pbggCjSuDLSB4iQ4v1Uc6HjbMT1hGqBd8AMKNxUpump,profit,2026-04-29T02:46:23+00:00,0.969017774,1.673030000,-0.659218198,-0.659218198,-0.659218198,0.177551246,0.311588977,-0.688411023,false,-0.332653218,-0.527824679,2.177531681,0.527824679,pullback_take_profit
55PB376nxsrBLTZr1UdQSk6M89AxPif6oKmbmZmWq5dr,BDDumgWwRv5zynmmjxKALavMAHgPh6UocJRQs6Hmpump,profit,2026-04-29T03:03:56+00:00,1.105070030,1.807767000,-0.196269793,1.062118781,1.062118781,0.586031254,0.623919888,-0.376080112,false,-0.361040753,0.264648169,0.602769872,0.724607585,pullback_take_profit
55PB376nxsrBLTZr1UdQSk6M89AxPif6oKmbmZmWq5dr,H6SBg5q554YUFBwh3LqZJgfMxX4eofPdh9RXHFpBpump,profit,2026-04-29T03:04:34+00:00,0.305137303,0.504028000,0.365387464,0.365387464,0.365387464,0.894325032,0.911386368,-0.088613632,false,0.283585147,1.313263427,1.502247782,0.432135490,efficient_take_profit
55PB376nxsrBLTZr1UdQSk6M89AxPif6oKmbmZmWq5dr,3H3kqqdFWLiJ39FP2u1P7Nw3tsTyCMrB4AX5XRX74YWc,loss,2026-04-29T03:12:36+00:00,-0.196448795,-0.193030000,-0.000851431,-0.357547611,-0.357547611,0.260294036,0.427944207,-0.572055793,false,-0.378934331,-0.356827122,0.135737098,0.440629916,effective_risk_exit
55PB376nxsrBLTZr1UdQSk6M89AxPif6oKmbmZmWq5dr,82yiAogGB4nr6JqmwPn1fqKGP59Q7DsEqvkn9zxopump,profit,2026-04-29T03:12:29+00:00,0.043865924,0.083943000,,,,0.289858857,0.538493932,-0.461506068,false,-0.016425688,-0.363318956,0.857031138,0.363318956,pullback_take_profit
55PB376nxsrBLTZr1UdQSk6M89AxPif6oKmbmZmWq5dr,2vDVTKZNE96oJfeXeHQ618BGKS9ud493KReqgKXcpump,loss,2026-04-29T03:14:36+00:00,-0.010666891,-0.020428000,0.221426139,-0.298447051,-0.178983751,0.281588806,0.921553699,-0.078446301,false,0.140708795,2.464054257,3.598484547,0.246823752,fast_stop_loss
55PB376nxsrBLTZr1UdQSk6M89AxPif6oKmbmZmWq5dr,CPWrXBsW6WgcVXyko8JsVgDRpaSm1xub9s9HGAx8pump,loss,2026-04-29T03:15:07+00:00,-0.028279093,-0.051830000,0.083577398,0.083577398,0.083577398,0.799083034,0.920024273,-0.079975727,false,-0.215082825,-0.223328218,0.086927844,0.223328218,fast_stop_loss
55PB376nxsrBLTZr1UdQSk6M89AxPif6oKmbmZmWq5dr,vm9z1CxCjgxxevWk1qfYow9SwBw1McM1UoDt3RJpump,loss,2026-04-29T03:16:38+00:00,-0.170530686,-0.330188000,-0.330094294,-0.330094294,-0.330094294,0.078247678,0.519674493,-0.480325507,false,-0.077971165,-0.077971165,0.924281477,0.077971165,fast_stop_loss
55PB376nxsrBLTZr1UdQSk6M89AxPif6oKmbmZmWq5dr,DGaWTm2cyRNuwgGpfV1WhFQ4jhpfi6x1HcUNKc8Wpump,loss,2026-04-29T03:28:20+00:00,-0.006247649,-0.012500000,-0.057643203,0.190474858,0.071040326,0.723426890,0.942356797,-0.057643203,false,-0.025132730,-0.157092800,0.526392375,0.157092800,fast_stop_loss
55PB376nxsrBLTZr1UdQSk6M89AxPif6oKmbmZmWq5dr,524zXrkbMkoDF8tZSy45PwTNb9pNgvwx5VSdk2R4pump,profit,2026-04-29T03:28:37+00:00,0.506645819,0.980579000,1.707302207,1.707302207,1.707302207,0.957786701,0.964258825,-0.035741175,false,0.018145061,0.610318256,0.784303036,0.654150447,efficient_take_profit
55PB376nxsrBLTZr1UdQSk6M89AxPif6oKmbmZmWq5dr,eqqewyvQimbTq83juJwT6Gt6FzAqnoikGB9kw4hpump,loss,2026-04-29T03:30:54+00:00,-0.237017390,-0.155133000,0.016336306,0.850365520,0.850365520,0.833725652,0.883086946,-0.116913054,false,-0.624462707,-0.641663674,0.132391329,0.641663674,effective_risk_exit
55PB376nxsrBLTZr1UdQSk6M89AxPif6oKmbmZmWq5dr,8TwGaAgqQ9ovYfNwBGBLJbnYqRKmBEQiLNHRBSeTpump,profit,2026-04-29T03:33:23+00:00,0.052515755,0.047146000,0.001443695,2.155488686,2.155488686,0.553843402,0.645047019,-0.354952981,false,-0.143299201,-0.679597147,0.116062374,0.679597147,pullback_take_profit
55PB376nxsrBLTZr1UdQSk6M89AxPif6oKmbmZmWq5dr,14hDBCzrLQJa7kLfmaJoahVNxMG8asYHrUga9jrdpump,loss,2026-04-29T03:35:49+00:00,-0.056576104,-0.113237000,0.073664635,0.073664635,0.073664635,0.120213393,0.677600551,-0.322399449,false,-0.083988879,-0.083988879,0.475795729,0.083988879,fast_stop_loss
55PB376nxsrBLTZr1UdQSk6M89AxPif6oKmbmZmWq5dr,GwJAwXGGU8oB4ZDqksCe6wQPdNyX2j5xZDXv9qq5pump,loss,2026-04-29T03:38:00+00:00,-0.002718544,-0.005437000,-0.226226356,-0.228341882,-0.228341882,0.286502368,0.693976826,-0.306023174,false,-0.215085664,-0.215085664,0.292367617,0.215085664,fast_stop_loss
55PB376nxsrBLTZr1UdQSk6M89AxPif6oKmbmZmWq5dr,4tvpDeku9ErHjwa51yAobJH7sVmMuXUChYcnMG1Bpump,profit,2026-04-29T03:44:09+00:00,0.017610669,0.017618000,0.160117335,0.613847756,0.613847756,0.932999605,0.970794066,-0.029205934,false,-0.372402955,-0.410579381,0.284513687,0.410579381,efficient_take_profit
55PB376nxsrBLTZr1UdQSk6M89AxPif6oKmbmZmWq5dr,Cw1Bi3VRZtUuHkKqFhgiT5mPduLX6YS6mEaz2hrBpump,loss,2026-04-29T03:48:30+00:00,-0.001255558,-0.002511000,-0.205723993,-0.205723993,-0.205723993,0.505887325,0.621249067,-0.378750933,false,0.488067338,-0.364219131,1.148515328,0.413756904,fast_stop_loss
55PB376nxsrBLTZr1UdQSk6M89AxPif6oKmbmZmWq5dr,JEGXcUidPy51rP15JPzdqpLLYJz72qB736rAH59Mpump,loss,2026-04-29T03:50:26+00:00,-0.176495033,-0.340270000,-0.641203845,-0.641203845,-0.641203845,0.000000000,0.292969346,-0.707030654,true,-0.035108577,-0.035108577,2.413326386,0.035108577,fast_stop_loss
55PB376nxsrBLTZr1UdQSk6M89AxPif6oKmbmZmWq5dr,81n9oxHutLoQkRvjdn83aaofk8NR7dFVLxcCoDD2pump,loss,2026-04-29T04:00:15+00:00,-0.036165130,-0.035721000,-0.254364194,-0.114138543,-0.164075705,0.009116986,0.647864981,-0.352135019,false,-0.031903872,-0.031903872,0.341137311,0.031903872,unclear_exit
55PB376nxsrBLTZr1UdQSk6M89AxPif6oKmbmZmWq5dr,FkkPfxF9yiJKZ1u6VAFDgK7Tn9gxm6V1kMtU8BZipump,loss,2026-04-29T03:57:40+00:00,-0.068974855,-0.137976000,-0.344415291,-0.344415291,-0.344415291,0.302243396,0.589674261,-0.410325739,false,-0.344391585,-0.344391585,0.695851533,0.344391585,fast_stop_loss
55PB376nxsrBLTZr1UdQSk6M89AxPif6oKmbmZmWq5dr,Gj2wMDacswzYG43CgpwCcWRihPhGsLQJf5F11hhvpump,profit,2026-04-29T03:59:11+00:00,0.123325817,0.246679000,0.558906534,7.559935290,7.559935290,0.948991751,0.954680648,-0.045319352,false,-0.428554119,-0.520745581,0.047470693,0.743619345,efficient_take_profit
55PB376nxsrBLTZr1UdQSk6M89AxPif6oKmbmZmWq5dr,DxEjXMRWihmQLztaKDGRSgr1EjH4zkvvPxnoe2Z6pump,profit,2026-04-29T04:02:18+00:00,0.301767631,0.292417000,-0.087859600,0.805953929,0.805953929,0.722521929,0.847119410,-0.152880590,false,-0.480120707,-0.487185728,0.236813260,0.487185728,efficient_take_profit
55PB376nxsrBLTZr1UdQSk6M89AxPif6oKmbmZmWq5dr,75X3YgCpLaEqMTz5TabNX4Mo51mZctaxa8aRbUedpump,loss,2026-04-29T04:17:29+00:00,-0.021591778,-0.219401000,,,,0.164916815,0.416158329,-0.583841671,false,-0.337864140,-0.337864140,1.402931603,0.337864140,fast_stop_loss
55PB376nxsrBLTZr1UdQSk6M89AxPif6oKmbmZmWq5dr,2uRdYXZcC6WrsL55aNN3Y22wrT6kHYb3QE3J75F4pump,profit,2026-04-29T04:24:09+00:00,0.218783959,0.111290000,-0.136331897,0.548438986,0.258309052,0.790958548,0.863668103,-0.136331897,false,-0.591928638,-0.591928638,0.157852185,0.591928638,efficient_take_profit
55PB376nxsrBLTZr1UdQSk6M89AxPif6oKmbmZmWq5dr,6pg9DtWC5zC6ueMFb5GGgeNvBHBgh1oEFidwgvLhpump,profit,2026-04-29T04:28:00+00:00,0.042968589,0.078462000,-0.100315909,-0.661683757,-0.498460030,0.057312463,0.337432624,-0.662567376,false,-0.117996325,-0.057534887,0.111501259,0.119701869,pullback_take_profit
55PB376nxsrBLTZr1UdQSk6M89AxPif6oKmbmZmWq5dr,FML9ApgKaSCqbC3XUqTdLaTtdGm1BcJWatN7xmBbpump,profit,2026-04-29T04:34:57+00:00,0.023628618,0.044000000,-0.013929613,0.126499655,0.139143807,0.927929372,0.965121089,-0.034878911,false,-0.471958357,-0.471896198,0.036139415,0.472020517,efficient_take_profit
55PB376nxsrBLTZr1UdQSk6M89AxPif6oKmbmZmWq5dr,BBZbQQFu8kkw1rhDVzjkyMXsEvc2JLBZiJeShoNapump,profit,2026-04-29T04:38:11+00:00,0.103273451,0.191636000,-0.192196090,-0.192196090,-0.192196090,0.015131977,0.429395189,-0.570604811,false,-0.020532678,-0.020532678,1.328857020,0.020532678,pullback_take_profit
55PB376nxsrBLTZr1UdQSk6M89AxPif6oKmbmZmWq5dr,27sFia5GZfmt44iiDAym8Y2TL2duTewvYAjkLavhpump,profit,2026-04-29T04:40:53+00:00,0.209533617,0.209587000,0.425372743,0.839141181,1.561706257,0.870414092,0.915776455,-0.084223545,false,-0.503290042,-0.506601746,0.091969546,0.508086867,efficient_take_profit
55PB376nxsrBLTZr1UdQSk6M89AxPif6oKmbmZmWq5dr,6EYMLZo38gUSnujkokp6KPWQkWoftRKksL7dRc3yMTNG,loss,2026-04-29T05:01:55+00:00,-0.038272735,-0.076545000,-0.031641903,0.219515727,0.219515727,0.158660109,0.912138453,-0.087861547,false,-0.207952978,-0.207952978,0.096324792,0.207952978,fast_stop_loss
55PB376nxsrBLTZr1UdQSk6M89AxPif6oKmbmZmWq5dr,H64ap4deX9piTa1kbt6ihjck3KjuHve3MivMrsadpump,loss,2026-04-29T05:04:05+00:00,-0.182482537,-0.361764000,-0.349577262,-0.349577262,-0.349577262,0.095908861,0.440690266,-0.559309734,false,-0.110128062,-0.110128062,0.560365629,0.117556548,fast_stop_loss
55PB376nxsrBLTZr1UdQSk6M89AxPif6oKmbmZmWq5dr,HbUWXrTVCLY8sTydzW6gLu9q2UUCpe77yjni4eZPpump,loss,2026-04-29T05:09:03+00:00,-0.011311457,-0.022655000,-0.128715556,-0.128715556,-0.128715556,0.610406955,0.866196452,-0.133803548,false,-0.031510690,-0.058763380,0.305302246,0.071369828,fast_stop_loss
55PB376nxsrBLTZr1UdQSk6M89AxPif6oKmbmZmWq5dr,2Ku7NnBci7sMSLRYV6xpESJFYmg9FTizpX2wTqXopump,profit,2026-04-29T05:09:45+00:00,0.006475550,0.012954000,1.315655777,0.320819929,0.320819929,0.900352848,0.928908511,-0.071091489,false,1.735048593,-0.024559139,3.204917234,0.568156887,efficient_take_profit
55PB376nxsrBLTZr1UdQSk6M89AxPif6oKmbmZmWq5dr,etxt2AosDxDR5kaKQn4GZoxwWgVXa9CBzUT5fAZpump,loss,2026-04-29T05:12:42+00:00,-0.073552630,-0.147105000,-0.052530601,-0.052530601,-0.052530601,0.684315296,0.921363799,-0.078636201,false,0.633234750,-0.012621827,2.537422201,0.422510205,fast_stop_loss
55PB376nxsrBLTZr1UdQSk6M89AxPif6oKmbmZmWq5dr,4SGxnG9Asrr2RdSXGcWvJAgzfxaQFnx2w6Zj5pegpump,loss,2026-04-29T05:18:05+00:00,-0.101917976,-0.203836000,-0.224514242,-0.224514242,-0.224514242,0.013261205,0.533387104,-0.466612896,true,-0.019991475,-0.019991475,0.289514333,0.019991475,fast_stop_loss
55PB376nxsrBLTZr1UdQSk6M89AxPif6oKmbmZmWq5dr,9Gk885sPonJDzUfwoDqQf43nHb4vG22TsMiGEF3ppump,loss,2026-04-29T05:28:14+00:00,-0.145707845,-0.270485000,-0.447264712,-0.447264712,-0.447264712,0.296017295,0.538340456,-0.461659544,false,-0.375622197,-0.385948411,0.814644462,0.385948411,fast_stop_loss
55PB376nxsrBLTZr1UdQSk6M89AxPif6oKmbmZmWq5dr,APF5DgmqmDkmbF21TGJeYd4F7d8hSknyZWPCHphXpump,loss,2026-04-29T05:29:44+00:00,-0.024139659,-0.040860000,,,,0.427261826,0.694129576,-0.305870424,false,-0.346953522,-0.332656640,0.440653208,0.362573337,fast_stop_loss
55PB376nxsrBLTZr1UdQSk6M89AxPif6oKmbmZmWq5dr,ELWxQbrb9FmSUGmxdmrDbjbYqvu5SNM2gn8ThYcspump,loss,2026-04-29T05:37:49+00:00,-0.029915087,-0.303991000,,,,0.325939530,0.587830212,-0.412169788,false,-0.372526412,-0.379410902,0.721233919,0.379508892,fast_stop_loss
55PB376nxsrBLTZr1UdQSk6M89AxPif6oKmbmZmWq5dr,CyAr9fPWPP4YdMoFajbEvNTpxSBaXbDbigauGg4epump,profit,2026-04-29T05:43:12+00:00,0.002259687,0.004519000,-0.152184265,0.322232507,-0.256122155,0.418037431,0.847815735,-0.152184265,false,-0.498004784,-0.498004784,0.179501582,0.503289577,efficient_take_profit
55PB376nxsrBLTZr1UdQSk6M89AxPif6oKmbmZmWq5dr,6GrGEJ7Z2M2RQpfwjrFmFswPWNmbtHGrr3DHtE1Wpump,loss,2026-04-29T05:45:33+00:00,-0.005661600,-0.012500000,0.000471367,-0.769351212,-0.730607076,0.000136522,0.973111166,-0.026888834,false,-0.014632883,-0.014632883,0.000000000,0.014632883,fast_stop_loss
55PB376nxsrBLTZr1UdQSk6M89AxPif6oKmbmZmWq5dr,6i7VSyA3GwPeDgzigdFyK5qJXWARuMxfhEm1p92dpump,profit,2026-04-29T05:46:21+00:00,0.238198378,0.476397000,-0.157709861,-0.157709861,-0.157709861,0.614721147,0.751833887,-0.248166113,false,-0.594547148,-0.594547148,0.330081042,0.594547148,efficient_take_profit
55PB376nxsrBLTZr1UdQSk6M89AxPif6oKmbmZmWq5dr,5xL9HT3fDAzX3VEsZCX8qEWi3mgemtrgfd544aJgpump,loss,2026-04-29T05:59:42+00:00,-0.259572890,-0.464887000,,,,0.145851355,0.490802936,-0.509197064,false,-0.176988980,-0.176988980,1.037477625,0.177155953,fast_stop_loss
55PB376nxsrBLTZr1UdQSk6M89AxPif6oKmbmZmWq5dr,PFVF3TH5uGWnhaM6XNn8CAWXpqrCE2PQiGgGQybpump,profit,2026-04-29T06:00:29+00:00,0.078006833,0.156038000,-0.614153864,-0.614153864,-0.614153864,0.016637134,0.385798805,-0.614201195,true,0.007455188,-0.056501869,1.592024619,0.056501869,pullback_take_profit
55PB376nxsrBLTZr1UdQSk6M89AxPif6oKmbmZmWq5dr,DaNJ7kvzxFu7c7DG6u1E6s4wMZhJSEa4Ss9ZqKfUpump,profit,2026-04-29T06:05:58+00:00,0.011370379,0.022741000,,,,0.838177301,0.964064526,-0.035935474,false,-0.057333271,-0.138278665,0.037274968,0.193069527,efficient_take_profit
55PB376nxsrBLTZr1UdQSk6M89AxPif6oKmbmZmWq5dr,EW9ArqgzzH8U5pu5nMXdajw9nft9hiWMncw11x5cpump,profit,2026-04-29T06:20:09+00:00,0.243537607,0.514903000,-0.135075514,0.795791665,0.795791665,0.799848662,0.864924486,-0.135075514,false,-0.237864073,-0.646123583,0.156170297,0.646123583,efficient_take_profit
55PB376nxsrBLTZr1UdQSk6M89AxPif6oKmbmZmWq5dr,BP37KtWxxY3smx463XzsS5QvC58RW4tFFbVKRX2Gpump,profit,2026-04-29T06:24:32+00:00,0.179339438,1.823698000,-0.001911810,-0.001911810,-0.001911810,0.902073887,0.916926228,-0.083073772,false,-0.149709263,-0.403457889,0.353391168,0.642643565,efficient_take_profit
55PB376nxsrBLTZr1UdQSk6M89AxPif6oKmbmZmWq5dr,8B8HcYv5zktaDKPBN4pvEDgHuutMp585A9mPyTLMpump,loss,2026-04-29T06:33:12+00:00,-0.176298023,-0.352596000,-0.465172852,-0.465172852,-0.465172852,0.000000000,0.463215591,-0.536784409,true,0.000000000,0.000000000,0.880939333,0.000000000,fast_stop_loss
55PB376nxsrBLTZr1UdQSk6M89AxPif6oKmbmZmWq5dr,EPo6akAM2AiECbMh8q48kVHywyN7RMRmbpeHodKfpump,profit,2026-04-29T06:40:07+00:00,0.163259195,0.108873000,0.098656320,0.337280139,0.855051679,0.975288263,0.984122138,-0.015877862,false,-0.627061776,-0.627061776,0.016134036,0.627061776,efficient_take_profit
55PB376nxsrBLTZr1UdQSk6M89AxPif6oKmbmZmWq5dr,E4VuwYbTv5RmmqJGQhKdoxUWZzJGNxUXyDcsP73apzJu,profit,2026-04-29T06:41:02+00:00,0.042481643,0.430855000,0.005483039,0.005483039,0.005483039,0.727046951,0.774021173,-0.225978827,false,-0.388152788,-0.799451221,2.138459622,0.810709227,efficient_take_profit
55PB376nxsrBLTZr1UdQSk6M89AxPif6oKmbmZmWq5dr,F92bdh9DZMGUeASuwXepC2A3Dz8umaGvRgjzJgDypump,profit,2026-04-29T06:41:42+00:00,0.074180646,0.132082000,0.236010259,-0.066463487,-0.066463487,0.557917385,0.897931099,-0.102068901,false,0.052647015,-0.511754973,0.113671194,0.511754973,efficient_take_profit
55PB376nxsrBLTZr1UdQSk6M89AxPif6oKmbmZmWq5dr,Fu2Rm5QEf66SjnHLFxKwS3C5WdXiES2LX2hfPAWpump,loss,2026-04-29T06:48:20+00:00,-0.029368462,-0.058775000,-0.091464532,-0.091464532,-0.091464532,0.238674387,0.528789245,-0.471210755,false,-0.273728005,-0.267551570,0.409131081,0.275105258,fast_stop_loss
55PB376nxsrBLTZr1UdQSk6M89AxPif6oKmbmZmWq5dr,GASyGb3FKcUU5atCePcG39QwuLkLiHQ6bub8doEfpump,profit,2026-04-29T06:55:06+00:00,0.015283589,0.030572000,-0.128121146,-0.128121146,-0.128121146,0.498695927,0.650283510,-0.349716490,false,0.007474492,1.469034330,1.499590896,0.501129942,pullback_take_profit
55PB376nxsrBLTZr1UdQSk6M89AxPif6oKmbmZmWq5dr,EAE9oXaQfoZrB4Lofyo13WyiGkWu73VVS9dGZrxhpump,profit,2026-04-29T07:01:23+00:00,0.195377706,0.320264000,0.055082563,0.055082563,0.055082563,0.728262030,0.809286997,-0.190713003,false,-0.616174631,-0.631073302,0.235655588,0.631073302,efficient_take_profit
55PB376nxsrBLTZr1UdQSk6M89AxPif6oKmbmZmWq5dr,6eZAb5VQBD75KuEMEuUAVfsdnjikVxZmHCggLy4Ppump,profit,2026-04-29T07:03:56+00:00,0.010033961,0.017567000,,,,0.877617980,0.949477820,-0.050522180,false,-0.335229637,-0.335229637,0.527795528,0.381579607,efficient_take_profit
55PB376nxsrBLTZr1UdQSk6M89AxPif6oKmbmZmWq5dr,7wKewyb1mqbqLWkR2ruJ3Y5bTubi81P8uraanG5Ypump,loss,2026-04-29T07:08:03+00:00,-0.261442883,-0.522886000,0.547153251,-0.096610820,1.152702423,0.667065530,0.730066969,-0.269933031,false,0.142381182,0.288822531,0.943641164,0.426790483,fast_stop_loss
55PB376nxsrBLTZr1UdQSk6M89AxPif6oKmbmZmWq5dr,3a1ovj7dNJ87r4jj93PB2xSaowtnF2YaA8kCy7eSpump,loss,2026-04-29T07:09:09+00:00,-0.078775889,-0.160422000,-0.241611070,-0.261986717,-0.261986717,0.468089605,0.663229746,-0.336770254,false,0.367706296,0.511024617,0.512635296,0.104365349,fast_stop_loss
55PB376nxsrBLTZr1UdQSk6M89AxPif6oKmbmZmWq5dr,88zHjd1LL7pwBjommuMdLrf9yHmH3iwcuFb3ikAvpump,loss,2026-04-29T07:11:47+00:00,-0.038035385,-0.076150000,-0.083131277,-0.057072442,0.249341268,0.857693128,0.916868723,-0.083131277,false,-0.058929454,0.111580040,0.157195056,0.152862554,fast_stop_loss
55PB376nxsrBLTZr1UdQSk6M89AxPif6oKmbmZmWq5dr,CaTc99L3DGKQaCDicYAjpWZdvbsiygZN4omPAZhmpump,profit,2026-04-29T07:14:28+00:00,0.049508664,0.099017000,-0.202767147,-0.202767147,-0.202767147,0.271402162,0.727268536,-0.272731464,false,-0.124894838,-0.124894838,0.375007924,0.124894838,pullback_take_profit
55PB376nxsrBLTZr1UdQSk6M89AxPif6oKmbmZmWq5dr,7ZVztNusCidFiHuscBFz7dAygHogBRfcJVMR3aGkpump,profit,2026-04-29T07:15:57+00:00,0.013754080,0.027508000,-0.024544731,0.085138006,-0.003713778,0.839601628,0.887667931,-0.112332069,false,-0.385061870,-0.115864205,0.027817176,0.417009296,efficient_take_profit
55PB376nxsrBLTZr1UdQSk6M89AxPif6oKmbmZmWq5dr,SEbDZ4TRfKUvWxPm7fRxQinWNWJSAFEWeHCz2Kapump,profit,2026-04-29T07:21:23+00:00,0.086255074,0.172510000,0.049206837,0.746173140,1.199624413,0.900962198,0.921087724,-0.078912276,false,0.123201352,0.540709117,1.291847982,0.163361362,efficient_take_profit
55PB376nxsrBLTZr1UdQSk6M89AxPif6oKmbmZmWq5dr,tjn8grxUZug5xn5VswjweXGzfrZYNjwX7JWWXF3pump,loss,2026-04-29T07:38:06+00:00,-0.008075812,-0.016163000,0.198691942,-0.003663710,-0.003663710,0.729430792,0.806994241,-0.193005759,false,0.199208610,0.851575493,1.244811868,0.268059302,fast_stop_loss
55PB376nxsrBLTZr1UdQSk6M89AxPif6oKmbmZmWq5dr,98d1zQZStVJEKeTnxnsamTE2EVRyPtLV23WcZvHTpump,loss,2026-04-29T07:43:45+00:00,-0.012429937,-0.022391000,0.228989988,0.228989988,0.228989988,0.745766293,0.902218889,-0.097781111,false,-0.129225180,-0.129225180,0.140404677,0.186771003,fast_stop_loss
55PB376nxsrBLTZr1UdQSk6M89AxPif6oKmbmZmWq5dr,DLeaRYKbquAHyDv6kAz7teAnojNnmpjeD8t1ijh1pump,loss,2026-04-29T08:37:40+00:00,-0.086291067,-0.156192000,-0.129162162,-0.129162162,-0.129162162,0.407075791,0.648060547,-0.351939453,false,-0.393223274,-0.393223274,0.543065697,0.393223274,fast_stop_loss
55PB376nxsrBLTZr1UdQSk6M89AxPif6oKmbmZmWq5dr,3x8PdworsRHX6TxSFwancm48KaFnmcqw3r15f5Gwpump,loss,2026-04-29T08:45:11+00:00,-0.079440300,-0.158881000,-0.458291532,-0.458291532,-0.458291532,0.059621695,0.450138988,-0.549861012,false,-0.143308653,-0.143610927,1.221536072,0.143610927,fast_stop_loss
55PB376nxsrBLTZr1UdQSk6M89AxPif6oKmbmZmWq5dr,BX4eMWGB2P1GWwzT3f9Egt8KiNcfhgGPE8geJcpXpump,loss,2026-04-29T08:47:37+00:00,-0.202166719,-0.404333000,-0.007158268,-0.007158268,-0.007158268,0.377395194,0.590731796,-0.409268204,false,-0.435686520,-0.436618127,0.692815601,0.436772103,fast_stop_loss
55PB376nxsrBLTZr1UdQSk6M89AxPif6oKmbmZmWq5dr,E99TXmhG9ppHzm17eKkruMmA7rVfQePqoeHipUJppump,loss,2026-04-29T08:48:36+00:00,-0.079640457,-0.147210000,2.072007603,2.072007603,2.072007603,1.000000000,1.000000000,0.000000000,false,0.043756285,-0.192020070,0.754592327,0.674479972,fast_stop_loss
55PB376nxsrBLTZr1UdQSk6M89AxPif6oKmbmZmWq5dr,5eMXSW5rDTBCU3ZEiGaTeeesTqM7FPNg1KcS3krNpump,profit,2026-04-29T08:59:06+00:00,1.112747618,2.131602000,-0.090933174,1.740865192,1.740865192,0.724589173,0.757770293,-0.242229707,false,0.196272844,-0.415739056,0.617993493,0.663476094,efficient_take_profit
55PB376nxsrBLTZr1UdQSk6M89AxPif6oKmbmZmWq5dr,9EZW54MXnwR5pbFBLEeEtP68AyLpBMiMNcqVjgYspump,profit,2026-04-29T09:04:48+00:00,0.583495358,0.583625000,0.029942965,1.198393140,1.198393140,0.778118387,0.831691958,-0.168308042,false,0.033330864,2.646984256,3.151213629,0.076710232,efficient_take_profit
55PB376nxsrBLTZr1UdQSk6M89AxPif6oKmbmZmWq5dr,DuuZid3VsVNzNUiJvxx1sEnr9rM2QirNVr9r8A58pump,profit,2026-04-29T09:08:43+00:00,0.024649515,0.040600000,0.182474030,0.182474030,0.182474030,0.476291392,0.611186445,-0.388813555,false,-0.603609252,-0.613661891,0.636161940,0.613661891,pullback_take_profit
55PB376nxsrBLTZr1UdQSk6M89AxPif6oKmbmZmWq5dr,9LdQTLF47JL1X3gwGcqZuBBPqE5qAyNhenmJYxDppump,loss,2026-04-29T09:10:48+00:00,-0.005464146,-0.003518000,-0.037657029,0.264068377,0.264068377,0.649953056,0.724309112,-0.275690888,false,-0.073328234,-0.008970464,0.270380116,0.321116484,unclear_exit
55PB376nxsrBLTZr1UdQSk6M89AxPif6oKmbmZmWq5dr,BFQbT1xeg7N9vGwC5cjQgN8F8MzgC3w1hv3k9tGypump,profit,2026-04-29T09:16:50+00:00,0.041682111,0.075564000,,,,0.000000000,0.446416640,-0.553583360,false,-0.026703377,-0.026703377,1.240059866,0.029215783,pullback_take_profit
55PB376nxsrBLTZr1UdQSk6M89AxPif6oKmbmZmWq5dr,DZQKJPbkx7xZK68CKkQy3hzUfaoELkTCEq4n2uGWpump,loss,2026-04-29T09:21:39+00:00,-0.006245994,-0.012500000,-0.010502779,0.060250686,0.060250686,0.856287501,0.989497221,-0.010502779,false,-0.026318226,-0.026318226,0.010614258,0.026318226,fast_stop_loss
55PB376nxsrBLTZr1UdQSk6M89AxPif6oKmbmZmWq5dr,7b6gLvyhHViprRso1weiaGLqazsKbsYiYsXuwAAKpump,loss,2026-04-29T09:22:00+00:00,-0.017674856,-0.035355000,-0.011136743,0.511359629,0.511359629,0.535187377,0.964285000,-0.035715000,false,-0.522849973,-0.578056286,0.064327029,0.578441643,fast_stop_loss
55PB376nxsrBLTZr1UdQSk6M89AxPif6oKmbmZmWq5dr,HS1Vh4K1rpXLAw2RUNx8MCjWb9arnE6qQnXyBZ47pump,profit,2026-04-29T09:30:19+00:00,0.271938147,0.543876000,0.145644475,0.347523884,0.909636804,0.985634516,0.987305695,-0.012694305,false,-0.877927286,-0.880563375,0.134586745,0.880563375,efficient_take_profit
55PB376nxsrBLTZr1UdQSk6M89AxPif6oKmbmZmWq5dr,Gcn2k5fFT17WbpZCR7WDDQYXJ8pd1SazbCLMzS7Dpump,loss,2026-04-29T09:27:54+00:00,-0.051593351,-0.103245000,0.094370650,0.094370650,0.094370650,0.763819387,0.853084301,-0.146915699,false,0.074305277,0.499567580,0.711825389,0.333861037,fast_stop_loss
55PB376nxsrBLTZr1UdQSk6M89AxPif6oKmbmZmWq5dr,8jdhqDAWL3xJ9AK4tbuLU9ui1zf9D3oGPxEtWZ4vpump,loss,2026-04-29T09:28:15+00:00,-0.078417223,-0.156950000,0.082786311,0.084268619,0.084268619,0.228778722,0.811693129,-0.188306871,false,-0.062895909,-0.062895909,0.231992689,0.076456740,fast_stop_loss
55PB376nxsrBLTZr1UdQSk6M89AxPif6oKmbmZmWq5dr,3Xps1UwWmHFLv9R29reKoV8hCAbFD6DxZk3Xjckopump,profit,2026-04-29T09:39:45+00:00,0.049811491,0.099638000,0.234838412,-0.237351848,-0.237351848,0.442877491,0.990827242,-0.009172758,false,-0.354801504,-0.368074514,0.122517924,0.368074514,efficient_take_profit
55PB376nxsrBLTZr1UdQSk6M89AxPif6oKmbmZmWq5dr,3R82c9xNofKmbAaW7WbeaHc4KWNgWL5nnvQvxYxQpump,loss,2026-04-29T09:44:02+00:00,-0.156518936,-0.316371000,-0.278048371,-0.278048371,-0.278048371,0.133506974,0.673581613,-0.326418387,false,-0.042770097,-0.042770097,0.385134349,0.044195964,fast_stop_loss
55PB376nxsrBLTZr1UdQSk6M89AxPif6oKmbmZmWq5dr,4eoAmGt465BphcZhyky68EuGu8AwTVXfkiYpGeo1pump,loss,2026-04-29T09:51:07+00:00,-0.128560555,-0.063704000,-0.576219673,-0.587938433,-0.487006634,0.000000000,0.375546420,-0.624453580,true,-0.061008513,-0.061008513,1.359713123,0.061008513,structure_break_stop_loss
55PB376nxsrBLTZr1UdQSk6M89AxPif6oKmbmZmWq5dr,FK8NdVVYAMxGu3yGwCNeWh3gcyDeDtL7XoFLDsVvpump,profit,2026-04-29T09:48:47+00:00,0.040436950,0.080874000,0.141998290,0.440021017,0.440021017,0.929494563,0.970187810,-0.029812190,false,-0.108691027,-0.383051231,0.030728267,0.383051231,efficient_take_profit
55PB376nxsrBLTZr1UdQSk6M89AxPif6oKmbmZmWq5dr,BEFGTBRvCvnoTAqsXC98EvFyBjza5tVxtMsKfFRBpump,profit,2026-04-29T09:50:15+00:00,0.289454252,0.453689000,-0.004423363,1.164866211,1.164866211,0.811873075,0.857800321,-0.142199679,false,0.073604251,1.063786325,1.195741298,0.357812549,efficient_take_profit
55PB376nxsrBLTZr1UdQSk6M89AxPif6oKmbmZmWq5dr,ATw5RFWAhbp9FSsVz7HK6dt6zVaGXuqYEnTupBWPpump,profit,2026-04-29T10:07:27+00:00,0.094423725,0.188034000,-0.098422545,0.507833962,0.653190033,0.856242370,0.899382945,-0.100617055,false,-0.042174214,0.535343366,0.536478314,0.078522217,efficient_take_profit
55PB376nxsrBLTZr1UdQSk6M89AxPif6oKmbmZmWq5dr,2MNaTukcJbkMvV1uM9iGwcSck9XS2tyFT3BfkTXjpump,loss,2026-04-29T10:08:32+00:00,-0.038071325,-0.076201000,-0.078685933,-0.078685933,-0.078685933,0.045403929,0.902256511,-0.097743489,false,-0.067902499,-0.067902499,0.108332262,0.067902499,fast_stop_loss
55PB376nxsrBLTZr1UdQSk6M89AxPif6oKmbmZmWq5dr,JBLNPDbZvJNXKfSWqoXvCnBkvoWyhZr7Jd1KZHwWpump,loss,2026-04-29T10:11:06+00:00,-0.138705760,-0.286574000,-0.216016282,-0.216016282,-0.216016282,0.493760502,0.560025295,-0.439974705,false,-0.505743919,-0.756212722,0.284456176,0.756212722,fast_stop_loss
55PB376nxsrBLTZr1UdQSk6M89AxPif6oKmbmZmWq5dr,3Ky1XiMUJSa253EuG4pm6K4rLqRdACLfJynDRCqKpump,loss,2026-04-29T10:12:40+00:00,-0.174737430,-0.349559000,,,,0.315562679,0.428149667,-0.571850333,false,-0.320300096,-0.610136218,1.335631852,0.615798630,fast_stop_loss
55PB376nxsrBLTZr1UdQSk6M89AxPif6oKmbmZmWq5dr,36rurryfBXL8n5vfokRTocLvyxnoE1qugf8f39ZYpump,loss,2026-04-29T10:17:40+00:00,-0.155482457,-0.314455000,,,,0.789659212,0.827949095,-0.172050905,false,-0.600953676,-0.663230050,0.528067503,0.780134592,fast_stop_loss
55PB376nxsrBLTZr1UdQSk6M89AxPif6oKmbmZmWq5dr,2rUxzz58pVQz6KHT2NfHcxtdK6vdaXZaQgM58FJapump,loss,2026-04-29T10:25:38+00:00,-0.128295627,-0.254578000,-0.365022528,-0.365022528,-0.365022528,0.270925774,0.477208153,-0.522791847,false,-0.378305865,-0.366538380,1.095521618,0.404837335,fast_stop_loss
55PB376nxsrBLTZr1UdQSk6M89AxPif6oKmbmZmWq5dr,EtAqs7SjR5cp5wgRujYVmZhnb9dRoFJVwbEisHKypump,profit,2026-04-29T10:42:58+00:00,0.060593928,0.125028000,,,,0.768126079,0.833362400,-0.166637600,false,1.077559024,-0.626757802,2.385710845,0.662399055,efficient_take_profit
55PB376nxsrBLTZr1UdQSk6M89AxPif6oKmbmZmWq5dr,Gu8aoaTcmxyyT9FKtQkfddrvW7HwXJRRcgDLhAn2pump,loss,2026-04-29T10:43:44+00:00,-0.051836257,-0.103688000,,,,0.390781680,0.605659308,-0.394340692,false,-0.470001314,-0.470001314,0.651093257,0.470001314,fast_stop_loss
55PB376nxsrBLTZr1UdQSk6M89AxPif6oKmbmZmWq5dr,28uAqq1hGrh8tqmT8j9MD6FbzMxeMZgfywysNnuhpump,loss,2026-04-29T10:47:25+00:00,-0.151918016,-0.313087000,-0.056572929,-0.056572929,-0.056572929,0.820702628,0.857423888,-0.142576112,false,-0.642298789,-0.682253233,1.054893597,0.701746057,fast_stop_loss
55PB376nxsrBLTZr1UdQSk6M89AxPif6oKmbmZmWq5dr,DiqmbYhdd7HoytAabr5AQdTBrB8DMTupgukE2ZHEpump,loss,2026-04-29T10:47:38+00:00,-0.019946315,-0.039952000,1.037778066,1.037778066,1.037778066,0.652121540,0.712487746,-0.287512254,false,2.017701313,2.937875516,5.989567274,0.509269426,fast_stop_loss
55PB376nxsrBLTZr1UdQSk6M89AxPif6oKmbmZmWq5dr,E6xoDtQRrYp7RGtmNT7M7BNv6WLumhMzVm5qpDQCpump,loss,2026-04-29T10:56:56+00:00,-0.057623058,-0.038289000,0.291795942,1.116160068,1.116160068,0.824381028,0.866292043,-0.133707957,false,-0.715859760,-0.715859760,0.120262410,0.715859760,effective_risk_exit
