wallet,mint,sample_group,first_buy_time,last_sell_time,holding_seconds,buy_count,sell_count,total_buy_sol,total_sell_sol,average_buy_price_sol,max_runup_during_holding,max_drawdown_during_holding,time_to_max_runup,time_to_max_drawdown,highest_price_before_exit,lowest_price_before_exit,holding_return_path,add_count,avg_add_interval_seconds,largest_add_size_sol,holding_label
55PB376nxsrBLTZr1UdQSk6M89AxPif6oKmbmZmWq5dr,G76fNn6QnTtQCWtGUKA4H9yQ6YNMn4aPSAeQxb9Jpump,profit,2026-04-29T01:38:51+00:00,2026-04-29T01:44:49+00:00,358,1,1,0.499850850,1.178161987,0.000000152,1.481653368,-0.364327260,309,-51,0.000034210,0.000008763,1.321159238,0,,0.499850850,large_drawdown_tolerated
55PB376nxsrBLTZr1UdQSk6M89AxPif6oKmbmZmWq5dr,9zr5VVFzpgUf9wnk2a9bkgdZxNXkPJ7XoJXuBidSpump,profit,2026-04-29T01:43:13+00:00,2026-04-29T01:43:27+00:00,14,1,1,0.500000001,0.563118426,0.000000055,0.227744682,-0.324387127,-13,-13,0.000006199,0.000003411,0.000000000,0,,0.500000001,large_drawdown_tolerated
55PB376nxsrBLTZr1UdQSk6M89AxPif6oKmbmZmWq5dr,AZcVDsjNw2vXgNn34W7aRF49aRtSeKZT5BAN3V5cpump,profit,2026-04-29T01:44:28+00:00,2026-04-29T01:45:01+00:00,33,1,1,0.548998332,0.553952177,0.000000045,0.017957588,-0.426009521,-28,-28,0.000004192,0.000002364,-0.416809258,0,,0.548998332,large_drawdown_tolerated
55PB376nxsrBLTZr1UdQSk6M89AxPif6oKmbmZmWq5dr,5nYVDeouoW7ahb1svHewcDcRzexezCmWqJdk4PsApump,profit,2026-04-29T01:47:17+00:00,2026-04-29T01:48:34+00:00,77,1,1,0.534651896,0.710675012,0.000000074,0.744562191,-0.668280908,43,-17,0.000016416,0.000003121,0.733726860,0,,0.534651896,fast_runup_holding
55PB376nxsrBLTZr1UdQSk6M89AxPif6oKmbmZmWq5dr,2L33pPAAJkAR23KWv7mR2k2F9KKYhpWt7k2ArwYmpump,profit,2026-04-29T01:48:02+00:00,2026-04-29T01:48:23+00:00,21,1,1,0.534735522,0.554625030,0.000000073,2.482512656,0.000000000,-2,-2,0.000009388,0.000002696,0.000000000,0,,0.534735522,fast_runup_holding
55PB376nxsrBLTZr1UdQSk6M89AxPif6oKmbmZmWq5dr,HqdKyNo2A6852hnYxG8Vfi7jf2n1mgUgBqwBqoUzpump,profit,2026-04-29T01:51:00+00:00,2026-04-29T01:51:47+00:00,47,1,1,0.500000001,0.570260854,0.000000030,0.017652830,-0.186359717,0,0,0.000002947,0.000002356,0.000000000,0,,0.500000001,very_short_holding
55PB376nxsrBLTZr1UdQSk6M89AxPif6oKmbmZmWq5dr,6sN3E4Dk1ZNn1spRcTvvNbfHsxGyPhTKfuDHrgtVpump,profit,2026-04-29T01:52:44+00:00,2026-04-29T01:56:25+00:00,221,2,2,1.034033656,1.077003459,0.000000179,0.155854420,-0.124142417,196,-44,0.000017157,0.000013001,0.148576864,1,221.000000000,0.517016828,normal_holding
55PB376nxsrBLTZr1UdQSk6M89AxPif6oKmbmZmWq5dr,HXYZgD8QoE3oGnXAdw1CztmDTDoygbuRU9ALTdX4pump,profit,2026-04-29T02:21:44+00:00,2026-04-29T02:22:41+00:00,57,1,1,0.499885881,0.512086863,0.000000093,0.475950532,-0.487152457,16,-44,0.000009759,0.000003391,0.266575525,0,,0.499885881,large_drawdown_tolerated
55PB376nxsrBLTZr1UdQSk6M89AxPif6oKmbmZmWq5dr,9ch1JqNxqwKgpQnM3EcsTgF7NG8bF44j37wVyuuspump,profit,2026-04-29T02:25:55+00:00,2026-04-29T02:26:43+00:00,48,1,1,0.530762182,0.541427068,0.000000032,0.047494867,-0.107086461,5,-55,0.000002858,0.000002436,0.029877355,0,,0.530762182,very_short_holding
55PB376nxsrBLTZr1UdQSk6M89AxPif6oKmbmZmWq5dr,9uaNxDribD1UC7MUXQogBVdUscQBVHBuCzh5PrJ5pump,profit,2026-04-29T02:39:01+00:00,2026-04-29T02:39:30+00:00,29,1,1,0.461589800,0.481535763,0.000000115,0.294346638,-0.428735540,-1,-1,0.000012802,0.000005650,0.000000000,0,,0.461589800,large_drawdown_tolerated
55PB376nxsrBLTZr1UdQSk6M89AxPif6oKmbmZmWq5dr,3pbggCjSuDLSB4iQ4v1Uc6HjbMT1hGqBd8AMKNxUpump,profit,2026-04-29T02:45:12+00:00,2026-04-29T02:46:23+00:00,71,1,2,0.579199160,1.548216934,0.000000045,0.093690173,-0.821756981,-12,-12,0.000016156,0.000002633,-0.659218198,0,,0.579199160,large_drawdown_tolerated
55PB376nxsrBLTZr1UdQSk6M89AxPif6oKmbmZmWq5dr,BDDumgWwRv5zynmmjxKALavMAHgPh6UocJRQs6Hmpump,profit,2026-04-29T03:01:55+00:00,2026-04-29T03:03:56+00:00,121,1,2,0.611290144,1.716360174,0.000000093,2.305101855,-0.697499392,65,-55,0.000026110,0.000002390,1.062118781,0,,0.611290144,fast_runup_holding
55PB376nxsrBLTZr1UdQSk6M89AxPif6oKmbmZmWq5dr,H6SBg5q554YUFBwh3LqZJgfMxX4eofPdh9RXHFpBpump,profit,2026-04-29T03:03:25+00:00,2026-04-29T03:04:34+00:00,69,1,1,0.605397790,0.910535093,0.000000081,0.498143390,-0.758123146,35,-25,0.000015739,0.000002541,0.365387464,0,,0.605397790,large_drawdown_tolerated
55PB376nxsrBLTZr1UdQSk6M89AxPif6oKmbmZmWq5dr,3H3kqqdFWLiJ39FP2u1P7Nw3tsTyCMrB4AX5XRX74YWc,loss,2026-04-29T03:10:03+00:00,2026-04-29T03:12:36+00:00,153,2,2,1.017711556,0.821262761,0.000000086,0.993209882,-0.259514825,-3,57,0.000010448,0.000003882,-0.147017377,1,153.000000000,0.508855778,adds_with_profit_potential
55PB376nxsrBLTZr1UdQSk6M89AxPif6oKmbmZmWq5dr,82yiAogGB4nr6JqmwPn1fqKGP59Q7DsEqvkn9zxopump,profit,2026-04-29T03:12:10+00:00,2026-04-29T03:12:29+00:00,19,1,1,0.522567385,0.566433309,0.000000041,0.857031138,-0.349815059,-10,-10,0.000006949,0.000002433,0.000000000,0,,0.522567385,fast_runup_holding
55PB376nxsrBLTZr1UdQSk6M89AxPif6oKmbmZmWq5dr,2vDVTKZNE96oJfeXeHQ618BGKS9ud493KReqgKXcpump,loss,2026-04-29T03:14:13+00:00,2026-04-29T03:14:36+00:00,23,1,1,0.522170351,0.511503460,0.000000038,0.085123961,-0.181284920,-13,-13,0.000003457,0.000002608,0.000000000,0,,0.522170351,very_short_holding
55PB376nxsrBLTZr1UdQSk6M89AxPif6oKmbmZmWq5dr,CPWrXBsW6WgcVXyko8JsVgDRpaSm1xub9s9HGAx8pump,loss,2026-04-29T03:14:57+00:00,2026-04-29T03:15:07+00:00,10,1,1,0.545610779,0.517331686,0.000000038,0.177770446,-0.291045351,3,-57,0.000003918,0.000002358,0.083577398,0,,0.545610779,very_short_holding
55PB376nxsrBLTZr1UdQSk6M89AxPif6oKmbmZmWq5dr,vm9z1CxCjgxxevWk1qfYow9SwBw1McM1UoDt3RJpump,loss,2026-04-29T03:16:31+00:00,2026-04-29T03:16:38+00:00,7,1,1,0.516465966,0.345935280,0.000000047,0.924281477,0.000000000,-31,-31,0.000004947,0.000002571,0.000000000,0,,0.516465966,fast_runup_holding
55PB376nxsrBLTZr1UdQSk6M89AxPif6oKmbmZmWq5dr,DGaWTm2cyRNuwgGpfV1WhFQ4jhpfi6x1HcUNKc8Wpump,loss,2026-04-29T03:27:40+00:00,2026-04-29T03:28:20+00:00,40,1,1,0.499811774,0.493564125,0.000000034,0.000000000,-0.113573900,20,-40,0.000002994,0.000002654,-0.057643203,0,,0.499811774,very_short_holding
55PB376nxsrBLTZr1UdQSk6M89AxPif6oKmbmZmWq5dr,524zXrkbMkoDF8tZSy45PwTNb9pNgvwx5VSdk2R4pump,profit,2026-04-29T03:27:59+00:00,2026-04-29T03:28:37+00:00,38,1,1,0.516680321,1.023326140,0.000000068,1.807650952,-0.569532220,1,-59,0.000016434,0.000002520,1.707302207,0,,0.516680321,fast_runup_holding
55PB376nxsrBLTZr1UdQSk6M89AxPif6oKmbmZmWq5dr,eqqewyvQimbTq83juJwT6Gt6FzAqnoikGB9kw4hpump,loss,2026-04-29T03:28:35+00:00,2026-04-29T03:30:54+00:00,139,3,3,1.527834809,1.290817419,0.000000075,0.671834672,-0.503688188,85,-35,0.000008011,0.000002378,0.476375375,2,69.500000000,0.509278270,adds_with_profit_potential
55PB376nxsrBLTZr1UdQSk6M89AxPif6oKmbmZmWq5dr,8TwGaAgqQ9ovYfNwBGBLJbnYqRKmBEQiLNHRBSeTpump,profit,2026-04-29T03:31:00+00:00,2026-04-29T03:33:23+00:00,143,3,3,1.113884697,1.166400452,0.000000069,1.075759121,-0.575671990,0,0,0.000011708,0.000002393,0.338962234,2,71.500000000,0.371294899,adds_with_profit_potential
55PB376nxsrBLTZr1UdQSk6M89AxPif6oKmbmZmWq5dr,14hDBCzrLQJa7kLfmaJoahVNxMG8asYHrUga9jrdpump,loss,2026-04-29T03:35:23+00:00,2026-04-29T03:35:49+00:00,26,1,1,0.499624875,0.443048771,0.000000035,0.475795729,-0.074767053,-23,-23,0.000003840,0.000002407,0.000000000,0,,0.499624875,very_short_holding
55PB376nxsrBLTZr1UdQSk6M89AxPif6oKmbmZmWq5dr,GwJAwXGGU8oB4ZDqksCe6wQPdNyX2j5xZDXv9qq5pump,loss,2026-04-29T03:37:39+00:00,2026-04-29T03:38:00+00:00,21,1,1,0.500000001,0.497281457,0.000000043,0.114984844,-0.302839344,-39,-39,0.000004345,0.000002717,-0.226226356,0,,0.500000001,large_drawdown_tolerated
55PB376nxsrBLTZr1UdQSk6M89AxPif6oKmbmZmWq5dr,4tvpDeku9ErHjwa51yAobJH7sVmMuXUChYcnMG1Bpump,profit,2026-04-29T03:43:22+00:00,2026-04-29T03:44:09+00:00,47,2,2,0.999589067,1.017199736,0.000000041,0.195018980,-0.281148218,38,-22,0.000004473,0.000002691,0.160117335,1,47.000000000,0.499794534,adds_under_drawdown_risk
55PB376nxsrBLTZr1UdQSk6M89AxPif6oKmbmZmWq5dr,Cw1Bi3VRZtUuHkKqFhgiT5mPduLX6YS6mEaz2hrBpump,loss,2026-04-29T03:47:45+00:00,2026-04-29T03:48:30+00:00,45,1,1,0.500000001,0.498744443,0.000000086,0.278514608,-0.701501944,15,-45,0.000011426,0.000002668,-0.205723993,0,,0.500000001,large_drawdown_tolerated
55PB376nxsrBLTZr1UdQSk6M89AxPif6oKmbmZmWq5dr,JEGXcUidPy51rP15JPzdqpLLYJz72qB736rAH59Mpump,loss,2026-04-29T03:50:14+00:00,2026-04-29T03:50:26+00:00,12,1,1,0.518691034,0.342196001,0.000000072,2.413326386,0.000000000,-14,-14,0.000008370,0.000002452,0.000000000,0,,0.518691034,fast_runup_holding
55PB376nxsrBLTZr1UdQSk6M89AxPif6oKmbmZmWq5dr,81n9oxHutLoQkRvjdn83aaofk8NR7dFVLxcCoDD2pump,loss,2026-04-29T03:56:51+00:00,2026-04-29T04:00:15+00:00,204,2,2,1.012419831,0.976254701,0.000000035,0.334826003,-0.151738595,-51,-51,0.000003783,0.000002404,-0.135212977,1,204.000000000,0.506209916,adds_with_profit_potential
55PB376nxsrBLTZr1UdQSk6M89AxPif6oKmbmZmWq5dr,FkkPfxF9yiJKZ1u6VAFDgK7Tn9gxm6V1kMtU8BZipump,loss,2026-04-29T03:57:18+00:00,2026-04-29T03:57:40+00:00,22,1,1,0.499905498,0.430930643,0.000000049,0.695851533,-0.021492168,-18,-18,0.000006124,0.000003534,0.000000000,0,,0.499905498,fast_runup_holding
55PB376nxsrBLTZr1UdQSk6M89AxPif6oKmbmZmWq5dr,Gj2wMDacswzYG43CgpwCcWRihPhGsLQJf5F11hhvpump,profit,2026-04-29T03:57:42+00:00,2026-04-29T03:59:11+00:00,89,1,1,0.499944367,0.623270184,0.000000140,0.796999578,-0.799582513,78,-42,0.000021655,0.000002415,0.715560722,0,,0.499944367,fast_runup_holding
55PB376nxsrBLTZr1UdQSk6M89AxPif6oKmbmZmWq5dr,DxEjXMRWihmQLztaKDGRSgr1EjH4zkvvPxnoe2Z6pump,profit,2026-04-29T04:00:57+00:00,2026-04-29T04:02:18+00:00,81,2,2,1.031976382,1.333744013,0.000000037,0.567160890,-0.280155727,63,3,0.000005482,0.000002518,0.327572408,1,81.000000000,0.515988191,adds_with_profit_potential
55PB376nxsrBLTZr1UdQSk6M89AxPif6oKmbmZmWq5dr,75X3YgCpLaEqMTz5TabNX4Mo51mZctaxa8aRbUedpump,loss,2026-04-29T04:17:14+00:00,2026-04-29T04:17:29+00:00,15,1,1,0.098412279,0.076820501,0.000000062,1.402931603,-0.277058640,-14,-14,0.000008606,0.000002589,0.000000000,0,,0.098412279,fast_runup_holding
55PB376nxsrBLTZr1UdQSk6M89AxPif6oKmbmZmWq5dr,2uRdYXZcC6WrsL55aNN3Y22wrT6kHYb3QE3J75F4pump,profit,2026-04-29T04:18:20+00:00,2026-04-29T04:24:09+00:00,349,4,4,1.965882388,2.184666347,0.000000050,0.648344102,-0.313171064,340,-20,0.000007002,0.000002918,0.423622223,3,116.333333333,0.491470597,adds_with_profit_potential
55PB376nxsrBLTZr1UdQSk6M89AxPif6oKmbmZmWq5dr,6pg9DtWC5zC6ueMFb5GGgeNvBHBgh1oEFidwgvLhpump,profit,2026-04-29T04:26:58+00:00,2026-04-29T04:28:00+00:00,62,1,1,0.547632454,0.590601043,0.000000033,1.688949434,-0.214099195,-58,-58,0.000008322,0.000002432,-0.092660736,0,,0.547632454,fast_runup_holding
55PB376nxsrBLTZr1UdQSk6M89AxPif6oKmbmZmWq5dr,FML9ApgKaSCqbC3XUqTdLaTtdGm1BcJWatN7xmBbpump,profit,2026-04-29T04:33:55+00:00,2026-04-29T04:34:57+00:00,62,1,1,0.537015093,0.560643711,0.000000050,0.021706394,-0.247337661,5,-55,0.000004661,0.000003433,-0.013929613,0,,0.537015093,normal_holding
55PB376nxsrBLTZr1UdQSk6M89AxPif6oKmbmZmWq5dr,BBZbQQFu8kkw1rhDVzjkyMXsEvc2JLBZiJeShoNapump,profit,2026-04-29T04:37:56+00:00,2026-04-29T04:38:11+00:00,15,1,1,0.538903501,0.642176952,0.000000033,0.881259806,-0.208689173,4,-56,0.000005731,0.000002411,-0.192196090,0,,0.538903501,fast_runup_holding
55PB376nxsrBLTZr1UdQSk6M89AxPif6oKmbmZmWq5dr,27sFia5GZfmt44iiDAym8Y2TL2duTewvYAjkLavhpump,profit,2026-04-29T04:39:00+00:00,2026-04-29T04:40:53+00:00,113,2,2,0.999745776,1.209279393,0.000000062,0.556463627,-0.109626817,60,0,0.000006861,0.000003925,0.425372743,1,113.000000000,0.499872888,adds_with_profit_potential
55PB376nxsrBLTZr1UdQSk6M89AxPif6oKmbmZmWq5dr,6EYMLZo38gUSnujkokp6KPWQkWoftRKksL7dRc3yMTNG,loss,2026-04-29T05:01:08+00:00,2026-04-29T05:01:55+00:00,47,1,1,0.500000001,0.461727266,0.000000038,0.096324792,0.000000000,-8,-8,0.000003314,0.000003023,0.000000000,0,,0.500000001,very_short_holding
55PB376nxsrBLTZr1UdQSk6M89AxPif6oKmbmZmWq5dr,H64ap4deX9piTa1kbt6ihjck3KjuHve3MivMrsadpump,loss,2026-04-29T05:03:31+00:00,2026-04-29T05:04:05+00:00,34,1,1,0.504424928,0.321942391,0.000000063,0.475918096,-0.437148433,-31,-31,0.000006518,0.000002486,-0.349577262,0,,0.504424928,large_drawdown_tolerated
55PB376nxsrBLTZr1UdQSk6M89AxPif6oKmbmZmWq5dr,HbUWXrTVCLY8sTydzW6gLu9q2UUCpe77yjni4eZPpump,loss,2026-04-29T05:08:49+00:00,2026-04-29T05:09:03+00:00,14,1,1,0.499290922,0.487979465,0.000000039,0.005873947,-0.339587823,-49,-49,0.000003614,0.000002373,-0.128715556,0,,0.499290922,large_drawdown_tolerated
55PB376nxsrBLTZr1UdQSk6M89AxPif6oKmbmZmWq5dr,2Ku7NnBci7sMSLRYV6xpESJFYmg9FTizpX2wTqXopump,profit,2026-04-29T05:09:30+00:00,2026-04-29T05:09:45+00:00,15,1,1,0.499881644,0.506357194,0.000000086,0.076532282,-0.568156887,-30,-30,0.000008818,0.000003537,0.000000000,0,,0.499881644,large_drawdown_tolerated
55PB376nxsrBLTZr1UdQSk6M89AxPif6oKmbmZmWq5dr,etxt2AosDxDR5kaKQn4GZoxwWgVXa9CBzUT5fAZpump,loss,2026-04-29T05:12:08+00:00,2026-04-29T05:12:42+00:00,34,1,1,0.500000001,0.426447371,0.000000108,0.085347613,-0.264725932,-8,-8,0.000010565,0.000007158,0.000000000,0,,0.500000001,very_short_holding
55PB376nxsrBLTZr1UdQSk6M89AxPif6oKmbmZmWq5dr,4SGxnG9Asrr2RdSXGcWvJAgzfxaQFnx2w6Zj5pegpump,loss,2026-04-29T05:17:50+00:00,2026-04-29T05:18:05+00:00,15,1,1,0.500000001,0.398082025,0.000000044,0.453889215,-0.233631596,-50,10,0.000004545,0.000002396,-0.224514242,0,,0.500000001,very_short_holding
55PB376nxsrBLTZr1UdQSk6M89AxPif6oKmbmZmWq5dr,9Gk885sPonJDzUfwoDqQf43nHb4vG22TsMiGEF3ppump,loss,2026-04-29T05:27:49+00:00,2026-04-29T05:28:14+00:00,25,1,1,0.538691426,0.392983581,0.000000076,0.026739271,-0.646578383,-49,-49,0.000007290,0.000002509,-0.447264712,0,,0.538691426,large_drawdown_tolerated
55PB376nxsrBLTZr1UdQSk6M89AxPif6oKmbmZmWq5dr,APF5DgmqmDkmbF21TGJeYd4F7d8hSknyZWPCHphXpump,loss,2026-04-29T05:29:31+00:00,2026-04-29T05:29:44+00:00,13,1,1,0.590796683,0.566657024,0.000000047,0.440653208,-0.328726638,-31,-31,0.000005596,0.000002608,0.000000000,0,,0.590796683,large_drawdown_tolerated
55PB376nxsrBLTZr1UdQSk6M89AxPif6oKmbmZmWq5dr,ELWxQbrb9FmSUGmxdmrDbjbYqvu5SNM2gn8ThYcspump,loss,2026-04-29T05:37:18+00:00,2026-04-29T05:37:49+00:00,31,1,1,0.098407818,0.068492731,0.000000059,0.701171494,-0.339048969,-18,-18,0.000006510,0.000002529,0.000000000,0,,0.098407818,fast_runup_holding
55PB376nxsrBLTZr1UdQSk6M89AxPif6oKmbmZmWq5dr,CyAr9fPWPP4YdMoFajbEvNTpxSBaXbDbigauGg4epump,profit,2026-04-29T05:42:21+00:00,2026-04-29T05:43:12+00:00,51,1,1,0.500000001,0.502259688,0.000000065,0.000000000,-0.263119405,39,-21,0.000005650,0.000004163,-0.152184265,0,,0.500000001,very_short_holding
55PB376nxsrBLTZr1UdQSk6M89AxPif6oKmbmZmWq5dr,6GrGEJ7Z2M2RQpfwjrFmFswPWNmbtHGrr3DHtE1Wpump,loss,2026-04-29T05:44:55+00:00,2026-04-29T05:45:33+00:00,38,1,1,0.452927838,0.447266238,0.000000029,0.028116213,0.000000000,-55,-55,0.000002497,0.000002429,0.000471367,0,,0.452927838,very_short_holding
55PB376nxsrBLTZr1UdQSk6M89AxPif6oKmbmZmWq5dr,6i7VSyA3GwPeDgzigdFyK5qJXWARuMxfhEm1p92dpump,profit,2026-04-29T05:45:40+00:00,2026-04-29T05:46:21+00:00,41,1,1,0.500000001,0.738198379,0.000000049,0.120314146,-0.601303468,20,-40,0.000007782,0.000002769,-0.157709861,0,,0.500000001,large_drawdown_tolerated
55PB376nxsrBLTZr1UdQSk6M89AxPif6oKmbmZmWq5dr,5xL9HT3fDAzX3VEsZCX8qEWi3mgemtrgfd544aJgpump,loss,2026-04-29T05:59:26+00:00,2026-04-29T05:59:42+00:00,16,1,1,0.558357322,0.298784432,0.000000068,1.037477625,-0.177155953,-26,-26,0.000005908,0.000002386,0.000000000,0,,0.558357322,fast_runup_holding
55PB376nxsrBLTZr1UdQSk6M89AxPif6oKmbmZmWq5dr,PFVF3TH5uGWnhaM6XNn8CAWXpqrCE2PQiGgGQybpump,profit,2026-04-29T06:00:11+00:00,2026-04-29T06:00:29+00:00,18,1,1,0.499921140,0.577927973,0.000000031,1.592024619,-0.045406645,-11,-11,0.000006578,0.000002423,0.000000000,0,,0.499921140,fast_runup_holding
55PB376nxsrBLTZr1UdQSk6M89AxPif6oKmbmZmWq5dr,DaNJ7kvzxFu7c7DG6u1E6s4wMZhJSEa4Ss9ZqKfUpump,profit,2026-04-29T06:05:25+00:00,2026-04-29T06:05:58+00:00,33,1,1,0.500000001,0.511370380,0.000000033,0.037274968,-0.193069527,-25,-25,0.000003056,0.000002378,0.000000000,0,,0.500000001,very_short_holding
55PB376nxsrBLTZr1UdQSk6M89AxPif6oKmbmZmWq5dr,EW9ArqgzzH8U5pu5nMXdajw9nft9hiWMncw11x5cpump,profit,2026-04-29T06:19:03+00:00,2026-04-29T06:20:09+00:00,66,1,1,0.472977943,0.716515550,0.000000056,0.000000000,-0.518360341,57,-3,0.000007829,0.000003771,-0.135075514,0,,0.472977943,large_drawdown_tolerated
55PB376nxsrBLTZr1UdQSk6M89AxPif6oKmbmZmWq5dr,BP37KtWxxY3smx463XzsS5QvC58RW4tFFbVKRX2Gpump,profit,2026-04-29T06:23:16+00:00,2026-04-29T06:24:32+00:00,76,1,2,0.098338328,0.277677766,0.000000053,0.088515258,-0.834906139,-16,-16,0.000016489,0.000002501,-0.001911810,0,,0.098338328,large_drawdown_tolerated
55PB376nxsrBLTZr1UdQSk6M89AxPif6oKmbmZmWq5dr,8B8HcYv5zktaDKPBN4pvEDgHuutMp585A9mPyTLMpump,loss,2026-04-29T06:32:57+00:00,2026-04-29T06:33:12+00:00,15,1,1,0.500000001,0.323701978,0.000000056,0.154596602,-0.465172852,-57,3,0.000005164,0.000002392,-0.465172852,0,,0.500000001,large_drawdown_tolerated
55PB376nxsrBLTZr1UdQSk6M89AxPif6oKmbmZmWq5dr,EPo6akAM2AiECbMh8q48kVHywyN7RMRmbpeHodKfpump,profit,2026-04-29T06:36:25+00:00,2026-04-29T06:40:07+00:00,222,3,3,1.499538348,1.662797543,0.000000058,0.298999175,-0.310868878,215,-25,0.000006652,0.000003529,0.278373845,2,111.000000000,0.499846116,adds_with_profit_potential
55PB376nxsrBLTZr1UdQSk6M89AxPif6oKmbmZmWq5dr,E4VuwYbTv5RmmqJGQhKdoxUWZzJGNxUXyDcsP73apzJu,profit,2026-04-29T06:40:46+00:00,2026-04-29T06:41:02+00:00,16,1,1,0.098598565,0.141080208,0.000000088,0.299038157,-0.776440279,14,-46,0.000015136,0.000002605,0.005483039,0,,0.098598565,large_drawdown_tolerated
55PB376nxsrBLTZr1UdQSk6M89AxPif6oKmbmZmWq5dr,F92bdh9DZMGUeASuwXepC2A3Dz8umaGvRgjzJgDypump,profit,2026-04-29T06:41:23+00:00,2026-04-29T06:41:42+00:00,19,1,1,0.561624242,0.635804888,0.000000061,0.113671194,-0.407390544,-23,-23,0.000006562,0.000003492,0.000000000,0,,0.561624242,large_drawdown_tolerated
55PB376nxsrBLTZr1UdQSk6M89AxPif6oKmbmZmWq5dr,Fu2Rm5QEf66SjnHLFxKwS3C5WdXiES2LX2hfPAWpump,loss,2026-04-29T06:47:54+00:00,2026-04-29T06:48:20+00:00,26,1,1,0.499672784,0.470304322,0.000000044,0.718142865,-0.345275183,-54,-54,0.000006832,0.000002604,-0.091464532,0,,0.499672784,fast_runup_holding
55PB376nxsrBLTZr1UdQSk6M89AxPif6oKmbmZmWq5dr,GASyGb3FKcUU5atCePcG39QwuLkLiHQ6bub8doEfpump,profit,2026-04-29T06:54:23+00:00,2026-04-29T06:55:06+00:00,43,1,1,0.499925169,0.515208758,0.000000078,0.340767282,-0.594570078,37,-23,0.000009836,0.000002974,-0.128121146,0,,0.499925169,large_drawdown_tolerated
55PB376nxsrBLTZr1UdQSk6M89AxPif6oKmbmZmWq5dr,EAE9oXaQfoZrB4Lofyo13WyiGkWu73VVS9dGZrxhpump,profit,2026-04-29T07:00:50+00:00,2026-04-29T07:01:23+00:00,33,1,1,0.610052851,0.805430557,0.000000055,0.303718665,-0.611266096,10,-50,0.000007939,0.000002367,0.055082563,0,,0.610052851,large_drawdown_tolerated
55PB376nxsrBLTZr1UdQSk6M89AxPif6oKmbmZmWq5dr,6eZAb5VQBD75KuEMEuUAVfsdnjikVxZmHCggLy4Ppump,profit,2026-04-29T07:03:34+00:00,2026-04-29T07:03:56+00:00,22,1,1,0.571194465,0.581228426,0.000000039,0.053210490,-0.381579607,-34,-34,0.000004072,0.000002391,0.000000000,0,,0.571194465,large_drawdown_tolerated
55PB376nxsrBLTZr1UdQSk6M89AxPif6oKmbmZmWq5dr,7wKewyb1mqbqLWkR2ruJ3Y5bTubi81P8uraanG5Ypump,loss,2026-04-29T07:07:06+00:00,2026-04-29T07:08:03+00:00,57,1,1,0.500000001,0.238557118,0.000000133,1.119193603,-0.113157032,-6,54,0.000012927,0.000005410,0.547153251,0,,0.500000001,fast_runup_holding
55PB376nxsrBLTZr1UdQSk6M89AxPif6oKmbmZmWq5dr,3a1ovj7dNJ87r4jj93PB2xSaowtnF2YaA8kCy7eSpump,loss,2026-04-29T07:08:58+00:00,2026-04-29T07:09:09+00:00,11,1,1,0.491053464,0.412277575,0.000000090,0.143478461,-0.241611070,-58,2,0.000008997,0.000005967,-0.241611070,0,,0.491053464,very_short_holding
55PB376nxsrBLTZr1UdQSk6M89AxPif6oKmbmZmWq5dr,88zHjd1LL7pwBjommuMdLrf9yHmH3iwcuFb3ikAvpump,loss,2026-04-29T07:10:43+00:00,2026-04-29T07:11:47+00:00,64,1,1,0.499482748,0.461447363,0.000000079,0.000000000,-0.115554578,17,-43,0.000006875,0.000006081,-0.083131277,0,,0.499482748,normal_holding
55PB376nxsrBLTZr1UdQSk6M89AxPif6oKmbmZmWq5dr,CaTc99L3DGKQaCDicYAjpWZdvbsiygZN4omPAZhmpump,profit,2026-04-29T07:13:48+00:00,2026-04-29T07:14:28+00:00,40,1,1,0.500000001,0.549508665,0.000000037,0.096201491,-0.314132746,12,-48,0.000003841,0.000002403,-0.202767147,0,,0.500000001,large_drawdown_tolerated
55PB376nxsrBLTZr1UdQSk6M89AxPif6oKmbmZmWq5dr,7ZVztNusCidFiHuscBFz7dAygHogBRfcJVMR3aGkpump,profit,2026-04-29T07:14:41+00:00,2026-04-29T07:15:57+00:00,76,1,1,0.500000001,0.513754081,0.000000169,0.098896597,-0.168026933,-41,-41,0.000016522,0.000012508,-0.024544731,0,,0.500000001,normal_holding
55PB376nxsrBLTZr1UdQSk6M89AxPif6oKmbmZmWq5dr,SEbDZ4TRfKUvWxPm7fRxQinWNWJSAFEWeHCz2Kapump,profit,2026-04-29T07:19:59+00:00,2026-04-29T07:21:23+00:00,84,1,1,0.500000001,0.586255075,0.000000103,0.335882331,-0.295336306,61,-59,0.000012034,0.000006348,0.230464816,0,,0.500000001,normal_holding
55PB376nxsrBLTZr1UdQSk6M89AxPif6oKmbmZmWq5dr,tjn8grxUZug5xn5VswjweXGzfrZYNjwX7JWWXF3pump,loss,2026-04-29T07:37:33+00:00,2026-04-29T07:38:06+00:00,33,1,1,0.499635149,0.491559337,0.000000082,0.485378559,-0.132681117,27,-33,0.000010725,0.000006262,0.198691942,0,,0.499635149,very_short_holding
55PB376nxsrBLTZr1UdQSk6M89AxPif6oKmbmZmWq5dr,98d1zQZStVJEKeTnxnsamTE2EVRyPtLV23WcZvHTpump,loss,2026-04-29T07:43:18+00:00,2026-04-29T07:43:45+00:00,27,1,1,0.555127523,0.542697586,0.000000042,0.108378479,-0.186771003,-18,-18,0.000003879,0.000002846,0.000000000,0,,0.555127523,very_short_holding
55PB376nxsrBLTZr1UdQSk6M89AxPif6oKmbmZmWq5dr,DLeaRYKbquAHyDv6kAz7teAnojNnmpjeD8t1ijh1pump,loss,2026-04-29T08:36:57+00:00,2026-04-29T08:37:40+00:00,43,1,1,0.552466849,0.466175782,0.000000053,0.343759996,-0.453849801,3,-57,0.000006102,0.000002480,-0.129162162,0,,0.552466849,large_drawdown_tolerated
55PB376nxsrBLTZr1UdQSk6M89AxPif6oKmbmZmWq5dr,3x8PdworsRHX6TxSFwancm48KaFnmcqw3r15f5Gwpump,loss,2026-04-29T08:44:56+00:00,2026-04-29T08:45:11+00:00,15,1,1,0.500000001,0.420559701,0.000000059,0.203424902,-0.500245558,4,4,0.000006137,0.000002549,-0.458291532,0,,0.500000001,large_drawdown_tolerated
55PB376nxsrBLTZr1UdQSk6M89AxPif6oKmbmZmWq5dr,BX4eMWGB2P1GWwzT3f9Egt8KiNcfhgGPE8geJcpXpump,loss,2026-04-29T08:47:15+00:00,2026-04-29T08:47:37+00:00,22,1,1,0.500000001,0.297833282,0.000000079,0.692815601,-0.112343135,-15,-15,0.000007123,0.000003735,0.000000000,0,,0.500000001,fast_runup_holding
55PB376nxsrBLTZr1UdQSk6M89AxPif6oKmbmZmWq5dr,E99TXmhG9ppHzm17eKkruMmA7rVfQePqoeHipUJppump,loss,2026-04-29T08:48:30+00:00,2026-04-29T08:48:36+00:00,6,1,1,0.540997324,0.461356867,0.000000077,0.000000000,-0.674479972,-30,-30,0.000010611,0.000003454,0.000000000,0,,0.540997324,large_drawdown_tolerated
55PB376nxsrBLTZr1UdQSk6M89AxPif6oKmbmZmWq5dr,5eMXSW5rDTBCU3ZEiGaTeeesTqM7FPNg1KcS3krNpump,profit,2026-04-29T08:57:34+00:00,2026-04-29T08:59:06+00:00,92,1,2,0.522024108,1.634771726,0.000000063,1.831889831,-0.452571782,26,-34,0.000021239,0.000004106,1.145921986,0,,0.522024108,fast_runup_holding
55PB376nxsrBLTZr1UdQSk6M89AxPif6oKmbmZmWq5dr,9EZW54MXnwR5pbFBLEeEtP68AyLpBMiMNcqVjgYspump,profit,2026-04-29T09:02:41+00:00,2026-04-29T09:04:48+00:00,127,2,2,0.999777070,1.583272428,0.000000070,1.643278102,-0.361777464,79,-41,0.000010080,0.000002434,1.198393140,1,127.000000000,0.499888535,adds_with_profit_potential
55PB376nxsrBLTZr1UdQSk6M89AxPif6oKmbmZmWq5dr,DuuZid3VsVNzNUiJvxx1sEnr9rM2QirNVr9r8A58pump,profit,2026-04-29T09:08:02+00:00,2026-04-29T09:08:43+00:00,41,1,1,0.607133425,0.631782940,0.000000076,0.636161940,-0.254649244,-2,-2,0.000010079,0.000004592,0.000000000,0,,0.607133425,fast_runup_holding
55PB376nxsrBLTZr1UdQSk6M89AxPif6oKmbmZmWq5dr,9LdQTLF47JL1X3gwGcqZuBBPqE5qAyNhenmJYxDppump,loss,2026-04-29T09:08:22+00:00,2026-04-29T09:10:48+00:00,146,3,3,1.553215995,1.547751849,0.000000083,0.745205682,-0.629287977,38,-22,0.000011376,0.000002416,0.264068377,2,73.000000000,0.517738665,adds_with_profit_potential
55PB376nxsrBLTZr1UdQSk6M89AxPif6oKmbmZmWq5dr,BFQbT1xeg7N9vGwC5cjQgN8F8MzgC3w1hv3k9tGypump,profit,2026-04-29T09:16:37+00:00,2026-04-29T09:16:50+00:00,13,1,1,0.551611935,0.593294046,0.000000052,1.240059866,0.000000000,-37,-37,0.000005501,0.000002456,0.000000000,0,,0.551611935,fast_runup_holding
55PB376nxsrBLTZr1UdQSk6M89AxPif6oKmbmZmWq5dr,DZQKJPbkx7xZK68CKkQy3hzUfaoELkTCEq4n2uGWpump,loss,2026-04-29T09:20:58+00:00,2026-04-29T09:21:39+00:00,41,1,1,0.499679343,0.493433349,0.000000048,0.000000000,-0.066732770,2,-58,0.000004079,0.000003807,-0.010502779,0,,0.499679343,very_short_holding
55PB376nxsrBLTZr1UdQSk6M89AxPif6oKmbmZmWq5dr,7b6gLvyhHViprRso1weiaGLqazsKbsYiYsXuwAAKpump,loss,2026-04-29T09:21:44+00:00,2026-04-29T09:22:00+00:00,16,1,1,0.499919119,0.482244263,0.000000067,0.025488582,-0.263073445,-44,-44,0.000005949,0.000004275,-0.011136743,0,,0.499919119,very_short_holding
55PB376nxsrBLTZr1UdQSk6M89AxPif6oKmbmZmWq5dr,HS1Vh4K1rpXLAw2RUNx8MCjWb9arnE6qQnXyBZ47pump,profit,2026-04-29T09:25:59+00:00,2026-04-29T09:30:19+00:00,260,1,1,0.500000001,0.771938148,0.000000120,0.934190002,-0.774990003,181,-59,0.000020489,0.000002384,0.909636804,0,,0.500000001,large_drawdown_tolerated
55PB376nxsrBLTZr1UdQSk6M89AxPif6oKmbmZmWq5dr,Gcn2k5fFT17WbpZCR7WDDQYXJ8pd1SazbCLMzS7Dpump,loss,2026-04-29T09:27:34+00:00,2026-04-29T09:27:54+00:00,20,1,1,0.499717024,0.448123673,0.000000080,0.172217093,-0.109846228,-34,-34,0.000007917,0.000006012,0.000000000,0,,0.499717024,very_short_holding
55PB376nxsrBLTZr1UdQSk6M89AxPif6oKmbmZmWq5dr,8jdhqDAWL3xJ9AK4tbuLU9ui1zf9D3oGPxEtWZ4vpump,loss,2026-04-29T09:28:08+00:00,2026-04-29T09:28:15+00:00,7,1,1,0.499632705,0.421215482,0.000000036,0.231992689,-0.076456740,-8,-8,0.000003165,0.000002373,0.000000000,0,,0.499632705,very_short_holding
55PB376nxsrBLTZr1UdQSk6M89AxPif6oKmbmZmWq5dr,3Xps1UwWmHFLv9R29reKoV8hCAbFD6DxZk3Xjckopump,profit,2026-04-29T09:39:03+00:00,2026-04-29T09:39:45+00:00,42,1,1,0.499922767,0.549734258,0.000000038,0.009257676,-0.235168043,-3,-3,0.000003872,0.000002934,0.000000000,0,,0.499922767,very_short_holding
55PB376nxsrBLTZr1UdQSk6M89AxPif6oKmbmZmWq5dr,3R82c9xNofKmbAaW7WbeaHc4KWNgWL5nnvQvxYxQpump,loss,2026-04-29T09:43:38+00:00,2026-04-29T09:44:02+00:00,24,1,1,0.494731681,0.338212745,0.000000045,0.071810178,-0.331953659,-38,-38,0.000003938,0.000002454,-0.278048371,0,,0.494731681,large_drawdown_tolerated
55PB376nxsrBLTZr1UdQSk6M89AxPif6oKmbmZmWq5dr,4eoAmGt465BphcZhyky68EuGu8AwTVXfkiYpGeo1pump,loss,2026-04-29T09:43:59+00:00,2026-04-29T09:51:07+00:00,428,4,4,2.018096341,1.889535786,0.000000056,0.419769515,-0.466810642,241,421,0.000006987,0.000002624,-0.466810642,3,142.666666667,0.504524085,adds_with_profit_potential
55PB376nxsrBLTZr1UdQSk6M89AxPif6oKmbmZmWq5dr,FK8NdVVYAMxGu3yGwCNeWh3gcyDeDtL7XoFLDsVvpump,profit,2026-04-29T09:48:00+00:00,2026-04-29T09:48:47+00:00,47,1,1,0.500000001,0.540436951,0.000000046,0.030728267,-0.124341947,0,0,0.000004375,0.000003717,0.000000000,0,,0.500000001,very_short_holding
55PB376nxsrBLTZr1UdQSk6M89AxPif6oKmbmZmWq5dr,BEFGTBRvCvnoTAqsXC98EvFyBjza5tVxtMsKfFRBpump,profit,2026-04-29T09:49:01+00:00,2026-04-29T09:50:15+00:00,74,1,1,0.638001701,0.927455953,0.000000069,0.160615837,-0.626684424,-1,-1,0.000011967,0.000003849,-0.004423363,0,,0.638001701,large_drawdown_tolerated
55PB376nxsrBLTZr1UdQSk6M89AxPif6oKmbmZmWq5dr,ATw5RFWAhbp9FSsVz7HK6dt6zVaGXuqYEnTupBWPpump,profit,2026-04-29T10:05:52+00:00,2026-04-29T10:07:27+00:00,95,1,1,0.502162526,0.596586251,0.000000176,0.120169159,-0.331848823,8,-52,0.000018183,0.000010845,0.007461037,0,,0.502162526,large_drawdown_tolerated
55PB376nxsrBLTZr1UdQSk6M89AxPif6oKmbmZmWq5dr,2MNaTukcJbkMvV1uM9iGwcSck9XS2tyFT3BfkTXjpump,loss,2026-04-29T10:08:12+00:00,2026-04-29T10:08:32+00:00,20,1,1,0.499614912,0.461543587,0.000000033,0.108332262,-0.043595177,-12,-12,0.000002878,0.000002483,0.000000000,0,,0.499614912,very_short_holding
55PB376nxsrBLTZr1UdQSk6M89AxPif6oKmbmZmWq5dr,JBLNPDbZvJNXKfSWqoXvCnBkvoWyhZr7Jd1KZHwWpump,loss,2026-04-29T10:10:32+00:00,2026-04-29T10:11:06+00:00,34,1,1,0.484014252,0.345308492,0.000000187,0.399907690,-0.816757494,-32,-32,0.000019026,0.000002490,-0.216016282,0,,0.484014252,large_drawdown_tolerated
55PB376nxsrBLTZr1UdQSk6M89AxPif6oKmbmZmWq5dr,3Ky1XiMUJSa253EuG4pm6K4rLqRdACLfJynDRCqKpump,loss,2026-04-29T10:12:32+00:00,2026-04-29T10:12:40+00:00,8,1,1,0.499879381,0.325141951,0.000000119,1.335631852,-0.615798630,-32,-32,0.000015464,0.000002544,0.000000000,0,,0.499879381,fast_runup_holding
55PB376nxsrBLTZr1UdQSk6M89AxPif6oKmbmZmWq5dr,36rurryfBXL8n5vfokRTocLvyxnoE1qugf8f39ZYpump,loss,2026-04-29T10:17:35+00:00,2026-04-29T10:17:40+00:00,5,1,1,0.494450588,0.338968131,0.000000166,0.207803724,-0.780134592,-35,-35,0.000014420,0.000002625,0.000000000,0,,0.494450588,large_drawdown_tolerated
55PB376nxsrBLTZr1UdQSk6M89AxPif6oKmbmZmWq5dr,2rUxzz58pVQz6KHT2NfHcxtdK6vdaXZaQgM58FJapump,loss,2026-04-29T10:25:16+00:00,2026-04-29T10:25:38+00:00,22,1,1,0.503955048,0.375659421,0.000000110,1.095521618,0.000000000,-16,-16,0.000009499,0.000004533,0.000000000,0,,0.503955048,fast_runup_holding
55PB376nxsrBLTZr1UdQSk6M89AxPif6oKmbmZmWq5dr,EtAqs7SjR5cp5wgRujYVmZhnb9dRoFJVwbEisHKypump,profit,2026-04-29T10:42:31+00:00,2026-04-29T10:42:58+00:00,27,1,1,0.484641688,0.545235616,0.000000081,0.199958145,-0.662399055,-31,-31,0.000009301,0.000002617,0.000000000,0,,0.484641688,large_drawdown_tolerated
55PB376nxsrBLTZr1UdQSk6M89AxPif6oKmbmZmWq5dr,Gu8aoaTcmxyyT9FKtQkfddrvW7HwXJRRcgDLhAn2pump,loss,2026-04-29T10:43:34+00:00,2026-04-29T10:43:44+00:00,10,1,1,0.499925415,0.448089158,0.000000077,0.651093257,-0.417642261,-34,-34,0.000007417,0.000002616,0.000000000,0,,0.499925415,fast_runup_holding
55PB376nxsrBLTZr1UdQSk6M89AxPif6oKmbmZmWq5dr,28uAqq1hGrh8tqmT8j9MD6FbzMxeMZgfywysNnuhpump,loss,2026-04-29T10:46:13+00:00,2026-04-29T10:47:25+00:00,72,1,1,0.485226478,0.333308462,0.000000118,0.100304160,-0.774650600,47,-13,0.000012400,0.000002540,-0.056572929,0,,0.485226478,large_drawdown_tolerated
55PB376nxsrBLTZr1UdQSk6M89AxPif6oKmbmZmWq5dr,DiqmbYhdd7HoytAabr5AQdTBrB8DMTupgukE2ZHEpump,loss,2026-04-29T10:47:08+00:00,2026-04-29T10:47:38+00:00,30,1,1,0.499254564,0.479308249,0.000000100,0.403532911,-0.509269426,-8,-8,0.000014280,0.000004993,0.000000000,0,,0.499254564,large_drawdown_tolerated
55PB376nxsrBLTZr1UdQSk6M89AxPif6oKmbmZmWq5dr,E6xoDtQRrYp7RGtmNT7M7BNv6WLumhMzVm5qpDQCpump,loss,2026-04-29T10:54:51+00:00,2026-04-29T10:56:56+00:00,125,3,3,1.504949941,1.447326883,0.000000083,1.442779066,-0.417037069,9,-51,0.000010062,0.000002401,1.116160068,2,62.500000000,0.501649980,adds_with_profit_potential
