wallet,mint,sample_group,first_buy_tx,first_buy_time,last_sell_time,realized_pnl_sol,realized_roi,holding_seconds,entry_label,holding_label,exit_label,pre_5m_return,pre_20m_return,pre_5m_volume_spike,entry_range_position,max_runup_during_holding,max_drawdown_during_holding,exit_efficiency,post_exit_20m_return,kline_file
55PB376nxsrBLTZr1UdQSk6M89AxPif6oKmbmZmWq5dr,G76fNn6QnTtQCWtGUKA4H9yQ6YNMn4aPSAeQxb9Jpump,profit,3iyR7uNxPKmCBbozf8kjXroQiZAq7FYNp4MJoaahrdgsJ2sjMBBtb62e4kjE5wLapnBfddJ3VGTkweC93K5cujHj,2026-04-29T01:38:51+00:00,2026-04-29T01:44:49+00:00,0.678311137,1.357027000,358,breakout_volume_entry,large_drawdown_tolerated,efficient_take_profit,1.222319521,2.040606967,17.621515976,0.817713052,1.481653368,-0.364327260,0.935327741,0.383612239,data/strategy_research/wallets/55PB376nxsrBLTZr1UdQSk6M89AxPif6oKmbmZmWq5dr/klines/G76fNn6QnTtQCWtGUKA4H9yQ6YNMn4aPSAeQxb9Jpump_1m_1777425531_1777428289.json
55PB376nxsrBLTZr1UdQSk6M89AxPif6oKmbmZmWq5dr,9zr5VVFzpgUf9wnk2a9bkgdZxNXkPJ7XoJXuBidSpump,profit,2thTKZ4okJWDTxDUfZeMrUyxLcsbdNRp6GytFoCRwkxGBy31Rtz2K8vgbiLLXqQu4ADinKgju39QP3cga6b2mX4q,2026-04-29T01:43:13+00:00,2026-04-29T01:43:27+00:00,0.063118425,0.126237000,14,unclear_entry,large_drawdown_tolerated,efficient_take_profit,0.478947614,0.478947614,0.418630554,0.449730411,0.227744682,-0.324387127,0.814501594,-0.532601364,data/strategy_research/wallets/55PB376nxsrBLTZr1UdQSk6M89AxPif6oKmbmZmWq5dr/klines/9zr5VVFzpgUf9wnk2a9bkgdZxNXkPJ7XoJXuBidSpump_1m_1777425793_1777428207.json
55PB376nxsrBLTZr1UdQSk6M89AxPif6oKmbmZmWq5dr,AZcVDsjNw2vXgNn34W7aRF49aRtSeKZT5BAN3V5cpump,profit,67TgxEcuG4SRRLvz1t8AyafWB38qx1oiAaFZzJtcMxfZTjodVwA5y6QDLruCb9TT8gP9hx8bVsbJrhinUNLs83Nn,2026-04-29T01:44:28+00:00,2026-04-29T01:45:01+00:00,0.004953845,0.009023000,33,high_range_entry,large_drawdown_tolerated,pullback_take_profit,0.071527059,0.071527059,1.584418243,0.766908453,0.017957588,-0.426009521,0.572902790,-0.006471505,data/strategy_research/wallets/55PB376nxsrBLTZr1UdQSk6M89AxPif6oKmbmZmWq5dr/klines/AZcVDsjNw2vXgNn34W7aRF49aRtSeKZT5BAN3V5cpump_1m_1777425868_1777428301.json
55PB376nxsrBLTZr1UdQSk6M89AxPif6oKmbmZmWq5dr,5nYVDeouoW7ahb1svHewcDcRzexezCmWqJdk4PsApump,profit,48wnAnec773KW5iYbjg9pKDZjVC9rmpThexJ1d6woAoGACnBc3iJjJzZCAo8neTwHyEHdqhg4dqkhd1VN8LUaHWx,2026-04-29T01:47:17+00:00,2026-04-29T01:48:34+00:00,0.176023116,0.329229000,77,high_range_entry,fast_runup_holding,efficient_take_profit,,,,0.877198732,0.744562191,-0.668280908,0.993789083,-0.415278584,data/strategy_research/wallets/55PB376nxsrBLTZr1UdQSk6M89AxPif6oKmbmZmWq5dr/klines/5nYVDeouoW7ahb1svHewcDcRzexezCmWqJdk4PsApump_1m_1777426037_1777428514.json
55PB376nxsrBLTZr1UdQSk6M89AxPif6oKmbmZmWq5dr,2L33pPAAJkAR23KWv7mR2k2F9KKYhpWt7k2ArwYmpump,profit,3aSdDWKBQNYTw47hbdSK8zwgqqsNJyt8HL9TcUvbsibrQYJTAwcVP56vCvGMk7EiD7ZD9t8Qnt358jyydddnqtJk,2026-04-29T01:48:02+00:00,2026-04-29T01:48:23+00:00,0.019889508,0.037195000,21,breakout_volume_entry,fast_runup_holding,pullback_take_profit,-0.530948845,-0.530948845,3.570940107,0.049319584,2.482512656,0.000000000,0.287148992,-0.125390019,data/strategy_research/wallets/55PB376nxsrBLTZr1UdQSk6M89AxPif6oKmbmZmWq5dr/klines/2L33pPAAJkAR23KWv7mR2k2F9KKYhpWt7k2ArwYmpump_1m_1777426082_1777428503.json
55PB376nxsrBLTZr1UdQSk6M89AxPif6oKmbmZmWq5dr,HqdKyNo2A6852hnYxG8Vfi7jf2n1mgUgBqwBqoUzpump,profit,4ixFhuHB9gC36oS8Fa6Q7G6LMNEt9qW3i76NcwKWVgLXhzB1xbxCwVjdzrXkfe1gAFaiT4PA7YUwW2oEzVFWwGeE,2026-04-29T01:51:00+00:00,2026-04-29T01:51:47+00:00,0.070260853,0.140522000,47,unclear_entry,very_short_holding,efficient_take_profit,0.043276466,0.043276466,0.606950755,0.470528613,0.017652830,-0.186359717,0.982653387,-0.161192122,data/strategy_research/wallets/55PB376nxsrBLTZr1UdQSk6M89AxPif6oKmbmZmWq5dr/klines/HqdKyNo2A6852hnYxG8Vfi7jf2n1mgUgBqwBqoUzpump_1m_1777426260_1777428707.json
55PB376nxsrBLTZr1UdQSk6M89AxPif6oKmbmZmWq5dr,6sN3E4Dk1ZNn1spRcTvvNbfHsxGyPhTKfuDHrgtVpump,profit,2jY6XYVK8ak8EeCU97s8242xnev5kvDjYeoFeVdQdXbNx3RUMJfwqRkn4Kq49NE3DQd3xq2mBzDX3WatynDLMk4z,2026-04-29T01:52:44+00:00,2026-04-29T01:56:25+00:00,0.042969803,0.041556000,221,high_range_entry,normal_holding,efficient_take_profit,,,,1.000000000,0.155854420,-0.124142417,0.993703743,0.108591874,data/strategy_research/wallets/55PB376nxsrBLTZr1UdQSk6M89AxPif6oKmbmZmWq5dr/klines/6sN3E4Dk1ZNn1spRcTvvNbfHsxGyPhTKfuDHrgtVpump_1m_1777426364_1777428985.json
55PB376nxsrBLTZr1UdQSk6M89AxPif6oKmbmZmWq5dr,HXYZgD8QoE3oGnXAdw1CztmDTDoygbuRU9ALTdX4pump,profit,fGKRciGfcxWUiSRMWRqGSqbbYmMKP8FKAyw17uZrGyS2oTTv6xdiy4zqpQkF1G8rb4xYvTGn6ihNrQjw96g71jB,2026-04-29T02:21:44+00:00,2026-04-29T02:22:41+00:00,0.012200982,0.024408000,57,breakout_volume_entry,large_drawdown_tolerated,efficient_take_profit,0.949897222,0.949897222,24.358863808,0.591562624,0.475950532,-0.487152457,0.858142260,-0.666719980,data/strategy_research/wallets/55PB376nxsrBLTZr1UdQSk6M89AxPif6oKmbmZmWq5dr/klines/HXYZgD8QoE3oGnXAdw1CztmDTDoygbuRU9ALTdX4pump_1m_1777428104_1777430561.json
55PB376nxsrBLTZr1UdQSk6M89AxPif6oKmbmZmWq5dr,9ch1JqNxqwKgpQnM3EcsTgF7NG8bF44j37wVyuuspump,profit,4xq8hENmjWTu9CCJc6X2crJRhzhzWDaNSBr97QB1vZ9guNbRYWfU87CmRwSrmLoK6c79BFqEpRgtCEJS95ovRFKg,2026-04-29T02:25:55+00:00,2026-04-29T02:26:43+00:00,0.010664886,0.020094000,48,unclear_entry,very_short_holding,efficient_take_profit,0.121719006,0.121719006,0.492011400,0.310313970,0.047494867,-0.107086461,0.983181290,-0.018363271,data/strategy_research/wallets/55PB376nxsrBLTZr1UdQSk6M89AxPif6oKmbmZmWq5dr/klines/9ch1JqNxqwKgpQnM3EcsTgF7NG8bF44j37wVyuuspump_1m_1777428355_1777430803.json
55PB376nxsrBLTZr1UdQSk6M89AxPif6oKmbmZmWq5dr,9uaNxDribD1UC7MUXQogBVdUscQBVHBuCzh5PrJ5pump,profit,3HEe8eWK6vZEZEQGxKSB8XnBNisNzVRpMVwmSHG4Avgj1iwqs5wewHuG3i3dCQt5MeEEGbgdDNzsEEAyGDMWYobr,2026-04-29T02:39:01+00:00,2026-04-29T02:39:30+00:00,0.019945963,0.043211000,29,breakout_volume_entry,large_drawdown_tolerated,efficient_take_profit,-0.157549883,-0.157549883,3.199058436,0.715116838,0.294346638,-0.428735540,0.772590565,-0.759928460,data/strategy_research/wallets/55PB376nxsrBLTZr1UdQSk6M89AxPif6oKmbmZmWq5dr/klines/9uaNxDribD1UC7MUXQogBVdUscQBVHBuCzh5PrJ5pump_1m_1777429141_1777431570.json
55PB376nxsrBLTZr1UdQSk6M89AxPif6oKmbmZmWq5dr,3pbggCjSuDLSB4iQ4v1Uc6HjbMT1hGqBd8AMKNxUpump,profit,2FeydTc3HEzsJuRzk4duavA2nNknUXWi4B4kLNGJJCMn1MAXtFaB4zYLUeWMaJbUGX27Xgj1ztAkYrwH4FEGpsMD,2026-04-29T02:45:12+00:00,2026-04-29T02:46:23+00:00,0.969017774,1.673030000,71,high_range_entry,large_drawdown_tolerated,pullback_take_profit,,,,0.897656383,0.093690173,-0.821756981,0.311588977,-0.527824679,data/strategy_research/wallets/55PB376nxsrBLTZr1UdQSk6M89AxPif6oKmbmZmWq5dr/klines/3pbggCjSuDLSB4iQ4v1Uc6HjbMT1hGqBd8AMKNxUpump_1m_1777429512_1777431983.json
55PB376nxsrBLTZr1UdQSk6M89AxPif6oKmbmZmWq5dr,BDDumgWwRv5zynmmjxKALavMAHgPh6UocJRQs6Hmpump,profit,gnDxPc8Er4dzh6kgRqcYrzYZE5pPk6CXvgUcNEFryGN7XHVyeoRog883Rty4YNzFFwEBu2LgBY9VqNSsbsC3z2A,2026-04-29T03:01:55+00:00,2026-04-29T03:03:56+00:00,1.105070030,1.807767000,121,unclear_entry,fast_runup_holding,pullback_take_profit,,,,0.724574104,2.305101855,-0.697499392,0.623919888,0.264648169,data/strategy_research/wallets/55PB376nxsrBLTZr1UdQSk6M89AxPif6oKmbmZmWq5dr/klines/BDDumgWwRv5zynmmjxKALavMAHgPh6UocJRQs6Hmpump_1m_1777430515_1777433036.json
55PB376nxsrBLTZr1UdQSk6M89AxPif6oKmbmZmWq5dr,H6SBg5q554YUFBwh3LqZJgfMxX4eofPdh9RXHFpBpump,profit,3PJFXu8MFGDX7X2YdgwaicvjNWiAm4YV4bhQ5vYU1vXrX9GyeWFmCLTpXpBjNkB8EUZCE5f9aGpNciJKe3d6UEmx,2026-04-29T03:03:25+00:00,2026-04-29T03:04:34+00:00,0.305137303,0.504028000,69,high_range_entry,large_drawdown_tolerated,efficient_take_profit,,,,0.995824216,0.498143390,-0.758123146,0.911386368,1.313263427,data/strategy_research/wallets/55PB376nxsrBLTZr1UdQSk6M89AxPif6oKmbmZmWq5dr/klines/H6SBg5q554YUFBwh3LqZJgfMxX4eofPdh9RXHFpBpump_1m_1777430605_1777433074.json
55PB376nxsrBLTZr1UdQSk6M89AxPif6oKmbmZmWq5dr,3H3kqqdFWLiJ39FP2u1P7Nw3tsTyCMrB4AX5XRX74YWc,loss,4r2XRXz8SQh1wmcBkCm15u7ib5ykMBBY6CwWoHx1J1XpJ9Q3wcaVDwKBBjoY7yjD6b8c2itDtjoosod6UbWTBxqa,2026-04-29T03:10:03+00:00,2026-04-29T03:12:36+00:00,-0.196448795,-0.193030000,153,unclear_entry,adds_with_profit_potential,effective_risk_exit,-0.246816557,-0.246816557,1.295547547,0.355669436,0.993209882,-0.259514825,0.427944207,-0.356827122,data/strategy_research/wallets/55PB376nxsrBLTZr1UdQSk6M89AxPif6oKmbmZmWq5dr/klines/3H3kqqdFWLiJ39FP2u1P7Nw3tsTyCMrB4AX5XRX74YWc_1m_1777431003_1777433556.json
55PB376nxsrBLTZr1UdQSk6M89AxPif6oKmbmZmWq5dr,82yiAogGB4nr6JqmwPn1fqKGP59Q7DsEqvkn9zxopump,profit,5oKmTiZ6gsRpHb9awpb3NzakMcqbWV6f7VGfu1pf6ZZKQDnwY2GQYCPi4h49stN4wfF6F3mbHbAMbRWCvfRw6v2v,2026-04-29T03:12:10+00:00,2026-04-29T03:12:29+00:00,0.043865924,0.083943000,19,unclear_entry,fast_runup_holding,pullback_take_profit,,,,0.289858857,0.857031138,-0.349815059,0.538493932,-0.363318956,data/strategy_research/wallets/55PB376nxsrBLTZr1UdQSk6M89AxPif6oKmbmZmWq5dr/klines/82yiAogGB4nr6JqmwPn1fqKGP59Q7DsEqvkn9zxopump_1m_1777431130_1777433549.json
55PB376nxsrBLTZr1UdQSk6M89AxPif6oKmbmZmWq5dr,2vDVTKZNE96oJfeXeHQ618BGKS9ud493KReqgKXcpump,loss,2xKx4s4LNKs81sQdJj1LXTrNCg6jwYP7Mnxea8Sn9vNf8E4T7HbgL8Yw8n5NKa8YtauXWAbDoVw7CVDCtGNcQzys,2026-04-29T03:14:13+00:00,2026-04-29T03:14:36+00:00,-0.010666891,-0.020428000,23,unclear_entry,very_short_holding,fast_stop_loss,-0.178983751,0.083545935,1.011903544,0.281588806,0.085123961,-0.181284920,0.921553699,2.464054257,data/strategy_research/wallets/55PB376nxsrBLTZr1UdQSk6M89AxPif6oKmbmZmWq5dr/klines/2vDVTKZNE96oJfeXeHQ618BGKS9ud493KReqgKXcpump_1m_1777431253_1777433676.json
55PB376nxsrBLTZr1UdQSk6M89AxPif6oKmbmZmWq5dr,CPWrXBsW6WgcVXyko8JsVgDRpaSm1xub9s9HGAx8pump,loss,3nMdfSB8DuZWi9RVY5Ra1UqMbVXSswLRHnMpujysW2iTfEFLhEpssmkeSzavr3Xq6214tsWToiDe33zhCfsyWdS4,2026-04-29T03:14:57+00:00,2026-04-29T03:15:07+00:00,-0.028279093,-0.051830000,10,unclear_entry,very_short_holding,fast_stop_loss,,,,0.626490801,0.177770446,-0.291045351,0.920024273,-0.223328218,data/strategy_research/wallets/55PB376nxsrBLTZr1UdQSk6M89AxPif6oKmbmZmWq5dr/klines/CPWrXBsW6WgcVXyko8JsVgDRpaSm1xub9s9HGAx8pump_1m_1777431297_1777433707.json
55PB376nxsrBLTZr1UdQSk6M89AxPif6oKmbmZmWq5dr,vm9z1CxCjgxxevWk1qfYow9SwBw1McM1UoDt3RJpump,loss,5t4vGatVyST2AuSV8TVNo54BgTzYL5CciQnvMajJ21dReykDw87gAuR1VniVYpfYzHzjvbPWP6fzDX3JV8wCSJCF,2026-04-29T03:16:31+00:00,2026-04-29T03:16:38+00:00,-0.170530686,-0.330188000,7,dip_or_rebound_entry,fast_runup_holding,fast_stop_loss,-0.330094294,-0.330094294,1.483835082,0.078247678,0.924281477,0.000000000,0.519674493,-0.077971165,data/strategy_research/wallets/55PB376nxsrBLTZr1UdQSk6M89AxPif6oKmbmZmWq5dr/klines/vm9z1CxCjgxxevWk1qfYow9SwBw1McM1UoDt3RJpump_1m_1777431391_1777433798.json
55PB376nxsrBLTZr1UdQSk6M89AxPif6oKmbmZmWq5dr,DGaWTm2cyRNuwgGpfV1WhFQ4jhpfi6x1HcUNKc8Wpump,loss,65rfpgwyo1L3xohGYdFZ6hLHW56rkRatMgBS7xx25CepuQ8C9DkaSPX6yqMecTxhtK6KJRA4PbwPbMEjRiWqHvb3,2026-04-29T03:27:40+00:00,2026-04-29T03:28:20+00:00,-0.006247649,-0.012500000,40,high_range_entry,very_short_holding,fast_stop_loss,0.136554997,0.136554997,0.529300006,1.000000000,0.000000000,-0.113573900,0.942356797,-0.157092800,data/strategy_research/wallets/55PB376nxsrBLTZr1UdQSk6M89AxPif6oKmbmZmWq5dr/klines/DGaWTm2cyRNuwgGpfV1WhFQ4jhpfi6x1HcUNKc8Wpump_1m_1777432060_1777434500.json
55PB376nxsrBLTZr1UdQSk6M89AxPif6oKmbmZmWq5dr,524zXrkbMkoDF8tZSy45PwTNb9pNgvwx5VSdk2R4pump,profit,292LdonVJRe8iUaDyXTVZg8jtH9a2kLS5jHY9CTyDzBSi1uYHYiW9PDuX4GsMEmp8TxZv5kZYJQfzGjUwYqWX6YA,2026-04-29T03:27:59+00:00,2026-04-29T03:28:37+00:00,0.506645819,0.980579000,38,high_range_entry,fast_runup_holding,efficient_take_profit,,,,1.000000000,1.807650952,-0.569532220,0.964258825,0.610318256,data/strategy_research/wallets/55PB376nxsrBLTZr1UdQSk6M89AxPif6oKmbmZmWq5dr/klines/524zXrkbMkoDF8tZSy45PwTNb9pNgvwx5VSdk2R4pump_1m_1777432079_1777434517.json
55PB376nxsrBLTZr1UdQSk6M89AxPif6oKmbmZmWq5dr,eqqewyvQimbTq83juJwT6Gt6FzAqnoikGB9kw4hpump,loss,4iG2Nxt9kcTV9w4uYwp8isDZJcKLNAphoRzAYmZgQQGNCTHwu98juukF6gH5iiuPxmPKobdf6B4Hcse3dBoVnt96,2026-04-29T03:28:35+00:00,2026-04-29T03:30:54+00:00,-0.237017390,-0.155133000,139,breakout_volume_entry,adds_with_profit_potential,effective_risk_exit,0.253316434,0.253316434,11.978856830,0.691836666,0.671834672,-0.503688188,0.883086946,-0.641663674,data/strategy_research/wallets/55PB376nxsrBLTZr1UdQSk6M89AxPif6oKmbmZmWq5dr/klines/eqqewyvQimbTq83juJwT6Gt6FzAqnoikGB9kw4hpump_1m_1777432115_1777434654.json
55PB376nxsrBLTZr1UdQSk6M89AxPif6oKmbmZmWq5dr,8TwGaAgqQ9ovYfNwBGBLJbnYqRKmBEQiLNHRBSeTpump,profit,4MFgYbcTCJ5TdiJTWi3mNvgdRy5iXX1cpHqF39rqDWepZBsoq5rqBsrYFdHEzTdEAMbhbKb6dfiXjVmPTmWT6vPH,2026-04-29T03:31:00+00:00,2026-04-29T03:33:23+00:00,0.052515755,0.047146000,143,breakout_volume_entry,adds_with_profit_potential,pullback_take_profit,1.356667429,1.356667429,332.963115826,0.348589769,1.075759121,-0.575671990,0.645047019,-0.679597147,data/strategy_research/wallets/55PB376nxsrBLTZr1UdQSk6M89AxPif6oKmbmZmWq5dr/klines/8TwGaAgqQ9ovYfNwBGBLJbnYqRKmBEQiLNHRBSeTpump_1m_1777432260_1777434803.json
55PB376nxsrBLTZr1UdQSk6M89AxPif6oKmbmZmWq5dr,14hDBCzrLQJa7kLfmaJoahVNxMG8asYHrUga9jrdpump,loss,5w7EfcY362MPxp4r7YxqxwAF9fZ4iP738eXUWjwvp4WxvT1ufnwg8DePRSCwMhP3u3W4CSYN8KiPbMBqzgCrYZLq,2026-04-29T03:35:23+00:00,2026-04-29T03:35:49+00:00,-0.056576104,-0.113237000,26,unclear_entry,very_short_holding,fast_stop_loss,0.073664635,0.073664635,1.025966838,0.120213393,0.475795729,-0.074767053,0.677600551,-0.083988879,data/strategy_research/wallets/55PB376nxsrBLTZr1UdQSk6M89AxPif6oKmbmZmWq5dr/klines/14hDBCzrLQJa7kLfmaJoahVNxMG8asYHrUga9jrdpump_1m_1777432523_1777434949.json
55PB376nxsrBLTZr1UdQSk6M89AxPif6oKmbmZmWq5dr,GwJAwXGGU8oB4ZDqksCe6wQPdNyX2j5xZDXv9qq5pump,loss,1W9QtoCE4Muszpz7B6rCfNKBYbHCPzyFcyRhwGZ6nAvSTT1MUb7fKE9t7oDpioAiYeJWrSSauTykc8HyvxWCz4i,2026-04-29T03:37:39+00:00,2026-04-29T03:38:00+00:00,-0.002718544,-0.005437000,21,unclear_entry,large_drawdown_tolerated,fast_stop_loss,-0.002734037,-0.002734037,1.067897804,0.744934300,0.114984844,-0.302839344,0.693976826,-0.215085664,data/strategy_research/wallets/55PB376nxsrBLTZr1UdQSk6M89AxPif6oKmbmZmWq5dr/klines/GwJAwXGGU8oB4ZDqksCe6wQPdNyX2j5xZDXv9qq5pump_1m_1777432659_1777435080.json
55PB376nxsrBLTZr1UdQSk6M89AxPif6oKmbmZmWq5dr,4tvpDeku9ErHjwa51yAobJH7sVmMuXUChYcnMG1Bpump,profit,3F9TzrBqw9S7A3NmABTtWTjLRL498D3hq6g9SwCasTAnjyAxPHX1JDN6GbPogFfhhs7PxVPMpvwc9h4kmExSiHUN,2026-04-29T03:43:22+00:00,2026-04-29T03:44:09+00:00,0.017610669,0.017618000,47,breakout_volume_entry,adds_under_drawdown_risk,efficient_take_profit,0.391107354,0.391107354,12.456169013,0.866675013,0.195018980,-0.281148218,0.970794066,-0.410579381,data/strategy_research/wallets/55PB376nxsrBLTZr1UdQSk6M89AxPif6oKmbmZmWq5dr/klines/4tvpDeku9ErHjwa51yAobJH7sVmMuXUChYcnMG1Bpump_1m_1777433002_1777435449.json
55PB376nxsrBLTZr1UdQSk6M89AxPif6oKmbmZmWq5dr,Cw1Bi3VRZtUuHkKqFhgiT5mPduLX6YS6mEaz2hrBpump,loss,4mUjR6oX96mTwwusWbNBR64HerpETmX5tNrZ9cJJj9LUpmv2jvL2sBGmmf4SExuh18h9Wcy9JzE7iw6osVYeUDij,2026-04-29T03:47:45+00:00,2026-04-29T03:48:30+00:00,-0.001255558,-0.002511000,45,high_range_entry,large_drawdown_tolerated,fast_stop_loss,,,,0.816647529,0.278514608,-0.701501944,0.621249067,-0.364219131,data/strategy_research/wallets/55PB376nxsrBLTZr1UdQSk6M89AxPif6oKmbmZmWq5dr/klines/Cw1Bi3VRZtUuHkKqFhgiT5mPduLX6YS6mEaz2hrBpump_1m_1777433265_1777435710.json
55PB376nxsrBLTZr1UdQSk6M89AxPif6oKmbmZmWq5dr,JEGXcUidPy51rP15JPzdqpLLYJz72qB736rAH59Mpump,loss,2oj331EaYeSqJCAXpJmA7mpWtcuBZ5FfoA6vcdwoGpXhKbWjnSZCV42ZRcEABmNNxdqYk8R7gY7KHvGgYKhnTukK,2026-04-29T03:50:14+00:00,2026-04-29T03:50:26+00:00,-0.176495033,-0.340270000,12,breakout_volume_entry,fast_runup_holding,fast_stop_loss,-0.641203845,-0.641203845,3.104480590,0.000000000,2.413326386,0.000000000,0.292969346,-0.035108577,data/strategy_research/wallets/55PB376nxsrBLTZr1UdQSk6M89AxPif6oKmbmZmWq5dr/klines/JEGXcUidPy51rP15JPzdqpLLYJz72qB736rAH59Mpump_1m_1777433414_1777435826.json
55PB376nxsrBLTZr1UdQSk6M89AxPif6oKmbmZmWq5dr,81n9oxHutLoQkRvjdn83aaofk8NR7dFVLxcCoDD2pump,loss,3peDsnnXb6TyM76it6EMsyzjjhpkpmhqHztizYtKtGPvNrzAd3SHKzEERQzbtPPXoTTjGs6odsXT9bncGRXp6FEh,2026-04-29T03:56:51+00:00,2026-04-29T04:00:15+00:00,-0.036165130,-0.035721000,204,unclear_entry,adds_with_profit_potential,unclear_exit,-0.033375533,-0.033375533,0.318861426,0.083712367,0.334826003,-0.151738595,0.647864981,-0.031903872,data/strategy_research/wallets/55PB376nxsrBLTZr1UdQSk6M89AxPif6oKmbmZmWq5dr/klines/81n9oxHutLoQkRvjdn83aaofk8NR7dFVLxcCoDD2pump_1m_1777433811_1777436415.json
55PB376nxsrBLTZr1UdQSk6M89AxPif6oKmbmZmWq5dr,FkkPfxF9yiJKZ1u6VAFDgK7Tn9gxm6V1kMtU8BZipump,loss,5PXfwcBZnypkvC9WHPEa13CC5Ax9UHasmSJT95NdrHcq6HzaTPVMdMfhx61RQQ87qRY9gX7onYNafYnBFLq937xo,2026-04-29T03:57:18+00:00,2026-04-29T03:57:40+00:00,-0.068974855,-0.137976000,22,dip_or_rebound_entry,fast_runup_holding,fast_stop_loss,-0.344415291,-0.344415291,1.064253277,0.302243396,0.695851533,-0.021492168,0.589674261,-0.344391585,data/strategy_research/wallets/55PB376nxsrBLTZr1UdQSk6M89AxPif6oKmbmZmWq5dr/klines/FkkPfxF9yiJKZ1u6VAFDgK7Tn9gxm6V1kMtU8BZipump_1m_1777433838_1777436260.json
55PB376nxsrBLTZr1UdQSk6M89AxPif6oKmbmZmWq5dr,Gj2wMDacswzYG43CgpwCcWRihPhGsLQJf5F11hhvpump,profit,25T89HF9RDTxPLQx83SwhDrbUkFWKQ13Hr4YV76vXecraSHZy53VvHrQcYXjnmPvwyG43y9bswpY1HFcBY9GG7cz,2026-04-29T03:57:42+00:00,2026-04-29T03:59:11+00:00,0.123325817,0.246679000,89,breakout_volume_entry,fast_runup_holding,efficient_take_profit,3.989584560,3.989584560,2.850866981,0.860447899,0.796999578,-0.799582513,0.954680648,-0.520745581,data/strategy_research/wallets/55PB376nxsrBLTZr1UdQSk6M89AxPif6oKmbmZmWq5dr/klines/Gj2wMDacswzYG43CgpwCcWRihPhGsLQJf5F11hhvpump_1m_1777433862_1777436351.json
55PB376nxsrBLTZr1UdQSk6M89AxPif6oKmbmZmWq5dr,DxEjXMRWihmQLztaKDGRSgr1EjH4zkvvPxnoe2Z6pump,profit,2ECxDjZaAiqo3akmeuCXAK6KcTLbsbi43oZBYWS9xNkbexyCaug9ehwweZzKdCAKDKMyUiaj98PvbZDFda1NXWWV,2026-04-29T04:00:57+00:00,2026-04-29T04:02:18+00:00,0.301767631,0.292417000,81,high_range_entry,adds_with_profit_potential,efficient_take_profit,0.360343073,0.360343073,0.346237243,1.000000000,0.567160890,-0.280155727,0.847119410,-0.487185728,data/strategy_research/wallets/55PB376nxsrBLTZr1UdQSk6M89AxPif6oKmbmZmWq5dr/klines/DxEjXMRWihmQLztaKDGRSgr1EjH4zkvvPxnoe2Z6pump_1m_1777434057_1777436538.json
55PB376nxsrBLTZr1UdQSk6M89AxPif6oKmbmZmWq5dr,75X3YgCpLaEqMTz5TabNX4Mo51mZctaxa8aRbUedpump,loss,3cHNWXuHemHRsb4Qwft5DCtvcE8GHbAJZHW3ZhegNinUrP6Md8sMuGYhqdwetJJoUiyPY1kiWx1dWiHHFhiTzNJM,2026-04-29T04:17:14+00:00,2026-04-29T04:17:29+00:00,-0.021591778,-0.219401000,15,unclear_entry,fast_runup_holding,fast_stop_loss,,,,0.164916815,1.402931603,-0.277058640,0.416158329,-0.337864140,data/strategy_research/wallets/55PB376nxsrBLTZr1UdQSk6M89AxPif6oKmbmZmWq5dr/klines/75X3YgCpLaEqMTz5TabNX4Mo51mZctaxa8aRbUedpump_1m_1777435034_1777437449.json
55PB376nxsrBLTZr1UdQSk6M89AxPif6oKmbmZmWq5dr,2uRdYXZcC6WrsL55aNN3Y22wrT6kHYb3QE3J75F4pump,profit,4xaZ26TKBr6rZR57NigRi87qCiJFVvwjD36aZGHF497gqeYQXxixydpGUvihPeiircMh2DDYavWdkLS5MXq6LB92,2026-04-29T04:18:20+00:00,2026-04-29T04:24:09+00:00,0.218783959,0.111290000,349,unclear_entry,adds_with_profit_potential,efficient_take_profit,0.450063822,0.450063822,0.137657099,0.469540846,0.648344102,-0.313171064,0.863668103,-0.591928638,data/strategy_research/wallets/55PB376nxsrBLTZr1UdQSk6M89AxPif6oKmbmZmWq5dr/klines/2uRdYXZcC6WrsL55aNN3Y22wrT6kHYb3QE3J75F4pump_1m_1777435100_1777437849.json
55PB376nxsrBLTZr1UdQSk6M89AxPif6oKmbmZmWq5dr,6pg9DtWC5zC6ueMFb5GGgeNvBHBgh1oEFidwgvLhpump,profit,4E8dYCQu9WqhNPpoyq2KUrH9vT4TszDSBsEGZk98uAXz8N28LGccL8Q4ssjo1Zp7J54YNpz8NVcEwzBzF5TwiXDE,2026-04-29T04:26:58+00:00,2026-04-29T04:28:00+00:00,0.042968589,0.078462000,62,dip_or_rebound_entry,fast_runup_holding,pullback_take_profit,-0.447240971,-0.447240971,0.716474887,0.101043379,1.688949434,-0.214099195,0.337432624,-0.057534887,data/strategy_research/wallets/55PB376nxsrBLTZr1UdQSk6M89AxPif6oKmbmZmWq5dr/klines/6pg9DtWC5zC6ueMFb5GGgeNvBHBgh1oEFidwgvLhpump_1m_1777435618_1777438080.json
55PB376nxsrBLTZr1UdQSk6M89AxPif6oKmbmZmWq5dr,FML9ApgKaSCqbC3XUqTdLaTtdGm1BcJWatN7xmBbpump,profit,ScqbUXHKfmHnMnEbyKUcU9UZeBxZqkeF4rDbg7whcycNDroLAbPwoa36SwHwsFhnga5grf9NVEyYJQY3x7hNfBg,2026-04-29T04:33:55+00:00,2026-04-29T04:34:57+00:00,0.023628618,0.044000000,62,high_range_entry,normal_holding,efficient_take_profit,0.470934692,0.866612077,0.864956233,1.000000000,0.021706394,-0.247337661,0.965121089,-0.471896198,data/strategy_research/wallets/55PB376nxsrBLTZr1UdQSk6M89AxPif6oKmbmZmWq5dr/klines/FML9ApgKaSCqbC3XUqTdLaTtdGm1BcJWatN7xmBbpump_1m_1777436035_1777438497.json
55PB376nxsrBLTZr1UdQSk6M89AxPif6oKmbmZmWq5dr,BBZbQQFu8kkw1rhDVzjkyMXsEvc2JLBZiJeShoNapump,profit,5F69UWEpp1AeB42shvQojUqNFExJSb62vuWk9enFQYmT33tQszvhErAMoifxDPBBQBdkJRCBL1KZc4nZaqW77mDq,2026-04-29T04:37:56+00:00,2026-04-29T04:38:11+00:00,0.103273451,0.191636000,15,high_range_entry,fast_runup_holding,pullback_take_profit,,,,1.000000000,0.881259806,-0.208689173,0.429395189,-0.020532678,data/strategy_research/wallets/55PB376nxsrBLTZr1UdQSk6M89AxPif6oKmbmZmWq5dr/klines/BBZbQQFu8kkw1rhDVzjkyMXsEvc2JLBZiJeShoNapump_1m_1777436276_1777438691.json
55PB376nxsrBLTZr1UdQSk6M89AxPif6oKmbmZmWq5dr,27sFia5GZfmt44iiDAym8Y2TL2duTewvYAjkLavhpump,profit,yL6ad3nwtoyeEGFXYMBrf9QhpVQnaFRZjoWnJPrhqgtZS1zWiYQv5Zb4uKxPnMHuH5feMvPoXgJfcwPR1ZJwv1U,2026-04-29T04:39:00+00:00,2026-04-29T04:40:53+00:00,0.209533617,0.209587000,113,high_range_entry,adds_with_profit_potential,efficient_take_profit,0.770408763,0.770408763,0.324146934,1.000000000,0.556463627,-0.109626817,0.915776455,-0.506601746,data/strategy_research/wallets/55PB376nxsrBLTZr1UdQSk6M89AxPif6oKmbmZmWq5dr/klines/27sFia5GZfmt44iiDAym8Y2TL2duTewvYAjkLavhpump_1m_1777436340_1777438853.json
55PB376nxsrBLTZr1UdQSk6M89AxPif6oKmbmZmWq5dr,6EYMLZo38gUSnujkokp6KPWQkWoftRKksL7dRc3yMTNG,loss,4wZDSboaAdMztKF8FAQm516i21rgibQVBSdXgimrQbUxV3zE5GJ2KyT9iVuD4qaJdq7HYNoHHBJiFq4WseghkQz4,2026-04-29T05:01:08+00:00,2026-04-29T05:01:55+00:00,-0.038272735,-0.076545000,47,unclear_entry,very_short_holding,fast_stop_loss,0.219515727,0.219515727,0.065810881,0.158660109,0.096324792,0.000000000,0.912138453,-0.207952978,data/strategy_research/wallets/55PB376nxsrBLTZr1UdQSk6M89AxPif6oKmbmZmWq5dr/klines/6EYMLZo38gUSnujkokp6KPWQkWoftRKksL7dRc3yMTNG_1m_1777437668_1777440115.json
55PB376nxsrBLTZr1UdQSk6M89AxPif6oKmbmZmWq5dr,H64ap4deX9piTa1kbt6ihjck3KjuHve3MivMrsadpump,loss,5xGQgNfSSTJM6Z93aLziYgjVk1HDGaCXv9aL6uTg37XQDB4EhHhLiSkt7y2wkjqgKQuEq8b9tj4MjiM2hYQZCVB3,2026-04-29T05:03:31+00:00,2026-04-29T05:04:05+00:00,-0.182482537,-0.361764000,34,unclear_entry,large_drawdown_tolerated,fast_stop_loss,,,,0.478769530,0.475918096,-0.437148433,0.440690266,-0.110128062,data/strategy_research/wallets/55PB376nxsrBLTZr1UdQSk6M89AxPif6oKmbmZmWq5dr/klines/H64ap4deX9piTa1kbt6ihjck3KjuHve3MivMrsadpump_1m_1777437811_1777440245.json
55PB376nxsrBLTZr1UdQSk6M89AxPif6oKmbmZmWq5dr,HbUWXrTVCLY8sTydzW6gLu9q2UUCpe77yjni4eZPpump,loss,2vP3QHoBGdPG3exXEMpYGgsJi4xtbEtGgh2vKJaMKvgrBbz9kDoWsJyy8ZsACShUmakmPSUWi1BwPqZRxq2Rwimw,2026-04-29T05:08:49+00:00,2026-04-29T05:09:03+00:00,-0.011311457,-0.022655000,14,high_range_entry,large_drawdown_tolerated,fast_stop_loss,,,,0.982996825,0.005873947,-0.339587823,0.866196452,-0.058763380,data/strategy_research/wallets/55PB376nxsrBLTZr1UdQSk6M89AxPif6oKmbmZmWq5dr/klines/HbUWXrTVCLY8sTydzW6gLu9q2UUCpe77yjni4eZPpump_1m_1777438129_1777440543.json
55PB376nxsrBLTZr1UdQSk6M89AxPif6oKmbmZmWq5dr,2Ku7NnBci7sMSLRYV6xpESJFYmg9FTizpX2wTqXopump,profit,2SCtWTzeMKG3rHBd3DiWgKMA6U5wFUR9XLUduSkipH8k1juJJsjaqEt8PactLYL1eSRQVjGyqV7mQfFDcKoS2Wix,2026-04-29T05:09:30+00:00,2026-04-29T05:09:45+00:00,0.006475550,0.012954000,15,high_range_entry,large_drawdown_tolerated,efficient_take_profit,0.320819929,0.320819929,0.787426619,0.900352848,0.076532282,-0.568156887,0.928908511,-0.024559139,data/strategy_research/wallets/55PB376nxsrBLTZr1UdQSk6M89AxPif6oKmbmZmWq5dr/klines/2Ku7NnBci7sMSLRYV6xpESJFYmg9FTizpX2wTqXopump_1m_1777438170_1777440585.json
55PB376nxsrBLTZr1UdQSk6M89AxPif6oKmbmZmWq5dr,etxt2AosDxDR5kaKQn4GZoxwWgVXa9CBzUT5fAZpump,loss,4KfJrhqe4LE7vpiT4ByMaPaPZgq9dvpwzwftoXes5t2DHJfzkXEfenJKUH5vVvK1m4Y21DAS821FzxehjysucX9C,2026-04-29T05:12:08+00:00,2026-04-29T05:12:42+00:00,-0.073552630,-0.147105000,34,unclear_entry,very_short_holding,fast_stop_loss,-0.052530601,-0.052530601,0.433832401,0.684315296,0.085347613,-0.264725932,0.921363799,-0.012621827,data/strategy_research/wallets/55PB376nxsrBLTZr1UdQSk6M89AxPif6oKmbmZmWq5dr/klines/etxt2AosDxDR5kaKQn4GZoxwWgVXa9CBzUT5fAZpump_1m_1777438328_1777440762.json
55PB376nxsrBLTZr1UdQSk6M89AxPif6oKmbmZmWq5dr,4SGxnG9Asrr2RdSXGcWvJAgzfxaQFnx2w6Zj5pegpump,loss,5gk9Gbo3pvxX9RjmWghqrT9PBkbvXwHPw9txK43sc6PvhdszUUtLkCyfR7Ts7swiJexEgQW5BgsV5HMyKQG6vdnF,2026-04-29T05:17:50+00:00,2026-04-29T05:18:05+00:00,-0.101917976,-0.203836000,15,unclear_entry,very_short_holding,fast_stop_loss,,,,0.310052146,0.453889215,-0.233631596,0.533387104,-0.019991475,data/strategy_research/wallets/55PB376nxsrBLTZr1UdQSk6M89AxPif6oKmbmZmWq5dr/klines/4SGxnG9Asrr2RdSXGcWvJAgzfxaQFnx2w6Zj5pegpump_1m_1777438670_1777441085.json
55PB376nxsrBLTZr1UdQSk6M89AxPif6oKmbmZmWq5dr,9Gk885sPonJDzUfwoDqQf43nHb4vG22TsMiGEF3ppump,loss,oPHJP8kEGaguvxnZTDoDrVPxmrYTb4ixQUGhCtVs2VPiReMDAu93oWLLVvSYxCDm8VvEXFvT9TC8vuM5HymjMXa,2026-04-29T05:27:49+00:00,2026-04-29T05:28:14+00:00,-0.145707845,-0.270485000,25,high_range_entry,large_drawdown_tolerated,fast_stop_loss,,,,0.960287287,0.026739271,-0.646578383,0.538340456,-0.385948411,data/strategy_research/wallets/55PB376nxsrBLTZr1UdQSk6M89AxPif6oKmbmZmWq5dr/klines/9Gk885sPonJDzUfwoDqQf43nHb4vG22TsMiGEF3ppump_1m_1777439269_1777441694.json
55PB376nxsrBLTZr1UdQSk6M89AxPif6oKmbmZmWq5dr,APF5DgmqmDkmbF21TGJeYd4F7d8hSknyZWPCHphXpump,loss,5hkn5VnCvbwSmNc8LV4GUGv2eHVXuxZqgXcYaL8NJpJ5wjDHS6r6AF4yszhfZu86kv2Tr99sDkGwfyKyDyDREXtu,2026-04-29T05:29:31+00:00,2026-04-29T05:29:44+00:00,-0.024139659,-0.040860000,13,unclear_entry,large_drawdown_tolerated,fast_stop_loss,,,,0.427261826,0.440653208,-0.328726638,0.694129576,-0.332656640,data/strategy_research/wallets/55PB376nxsrBLTZr1UdQSk6M89AxPif6oKmbmZmWq5dr/klines/APF5DgmqmDkmbF21TGJeYd4F7d8hSknyZWPCHphXpump_1m_1777439371_1777441784.json
55PB376nxsrBLTZr1UdQSk6M89AxPif6oKmbmZmWq5dr,ELWxQbrb9FmSUGmxdmrDbjbYqvu5SNM2gn8ThYcspump,loss,423dFTQbVyyZfhuu4G6RXKzFKTBBTDezB9PZ2tSWYHuKCE54byUbM7Lp9KCok6rh7iNpzHbv5wZVVc9MKaiYYitF,2026-04-29T05:37:18+00:00,2026-04-29T05:37:49+00:00,-0.029915087,-0.303991000,31,unclear_entry,fast_runup_holding,fast_stop_loss,,,,0.325939530,0.701171494,-0.339048969,0.587830212,-0.379410902,data/strategy_research/wallets/55PB376nxsrBLTZr1UdQSk6M89AxPif6oKmbmZmWq5dr/klines/ELWxQbrb9FmSUGmxdmrDbjbYqvu5SNM2gn8ThYcspump_1m_1777439838_1777442269.json
55PB376nxsrBLTZr1UdQSk6M89AxPif6oKmbmZmWq5dr,CyAr9fPWPP4YdMoFajbEvNTpxSBaXbDbigauGg4epump,profit,j6Mk97sizZ6CShpfUTA6mNaiya65eugGkgqAvEKZoNMf5x78AuT7FTe5FBt5Truz1ERCwJuUfHszTohgfoKexou,2026-04-29T05:42:21+00:00,2026-04-29T05:43:12+00:00,0.002259687,0.004519000,51,unclear_entry,very_short_holding,efficient_take_profit,-0.186261725,0.551740780,0.619982406,0.570605469,0.000000000,-0.263119405,0.847815735,-0.498004784,data/strategy_research/wallets/55PB376nxsrBLTZr1UdQSk6M89AxPif6oKmbmZmWq5dr/klines/CyAr9fPWPP4YdMoFajbEvNTpxSBaXbDbigauGg4epump_1m_1777440141_1777442592.json
55PB376nxsrBLTZr1UdQSk6M89AxPif6oKmbmZmWq5dr,6GrGEJ7Z2M2RQpfwjrFmFswPWNmbtHGrr3DHtE1Wpump,loss,3mkgZQbC2RSNgFJkqcfacosXQy7kWMxko9jdgREL5ag1WQqANxxaQ5by6QUWXpKfp3Qt97vxCGr2yD1wHdh3vHiJ,2026-04-29T05:44:55+00:00,2026-04-29T05:45:33+00:00,-0.005661600,-0.012500000,38,dip_or_rebound_entry,very_short_holding,fast_stop_loss,-0.700307318,-0.513342121,0.086487343,0.000000000,0.028116213,0.000000000,0.973111166,-0.014632883,data/strategy_research/wallets/55PB376nxsrBLTZr1UdQSk6M89AxPif6oKmbmZmWq5dr/klines/6GrGEJ7Z2M2RQpfwjrFmFswPWNmbtHGrr3DHtE1Wpump_1m_1777440295_1777442733.json
55PB376nxsrBLTZr1UdQSk6M89AxPif6oKmbmZmWq5dr,6i7VSyA3GwPeDgzigdFyK5qJXWARuMxfhEm1p92dpump,profit,5ft6kwMaFYudUrFnyLwUxKU4LZ8zJMxWjdyuJF4Xp9CGTAtAb3qMPicRro1MMgu4VEX3Z2t5mNGkcQvCm4jxA16K,2026-04-29T05:45:40+00:00,2026-04-29T05:46:21+00:00,0.238198378,0.476397000,41,high_range_entry,large_drawdown_tolerated,efficient_take_profit,,,,0.942975441,0.120314146,-0.601303468,0.751833887,-0.594547148,data/strategy_research/wallets/55PB376nxsrBLTZr1UdQSk6M89AxPif6oKmbmZmWq5dr/klines/6i7VSyA3GwPeDgzigdFyK5qJXWARuMxfhEm1p92dpump_1m_1777440340_1777442781.json
55PB376nxsrBLTZr1UdQSk6M89AxPif6oKmbmZmWq5dr,5xL9HT3fDAzX3VEsZCX8qEWi3mgemtrgfd544aJgpump,loss,aaQ1uy2T39t85EFy1TLdTGx2d1tRnAN3a9L9CdxZBjUJFfVVp3R82m9Y81KZsRyayJH3vREWTXqc72xkdV6BaaD,2026-04-29T05:59:26+00:00,2026-04-29T05:59:42+00:00,-0.259572890,-0.464887000,16,unclear_entry,fast_runup_holding,fast_stop_loss,,,,0.145851355,1.037477625,-0.177155953,0.490802936,-0.176988980,data/strategy_research/wallets/55PB376nxsrBLTZr1UdQSk6M89AxPif6oKmbmZmWq5dr/klines/5xL9HT3fDAzX3VEsZCX8qEWi3mgemtrgfd544aJgpump_1m_1777441166_1777443582.json
55PB376nxsrBLTZr1UdQSk6M89AxPif6oKmbmZmWq5dr,PFVF3TH5uGWnhaM6XNn8CAWXpqrCE2PQiGgGQybpump,profit,9VdcAwZ5TYzXQBGad1E1ra4HQedoH1DBaoA7AYtiZHvvz6nEK9aD3H3bfeb9Xm4rdXDvRJDYTHw5G2bEuFroSXw,2026-04-29T06:00:11+00:00,2026-04-29T06:00:29+00:00,0.078006833,0.156038000,18,dip_or_rebound_entry,fast_runup_holding,pullback_take_profit,-0.614153864,-0.614153864,0.584491679,0.016637134,1.592024619,-0.045406645,0.385798805,-0.056501869,data/strategy_research/wallets/55PB376nxsrBLTZr1UdQSk6M89AxPif6oKmbmZmWq5dr/klines/PFVF3TH5uGWnhaM6XNn8CAWXpqrCE2PQiGgGQybpump_1m_1777441211_1777443629.json
55PB376nxsrBLTZr1UdQSk6M89AxPif6oKmbmZmWq5dr,DaNJ7kvzxFu7c7DG6u1E6s4wMZhJSEa4Ss9ZqKfUpump,profit,3x3YwFPFtsMZNYjQFZbPCHM6fq5nZvsBEbHa21ptsq57P82fLBc4eeknJn3KW2c3HbcV9mfC873B2oCstRJpANot,2026-04-29T06:05:25+00:00,2026-04-29T06:05:58+00:00,0.011370379,0.022741000,33,high_range_entry,very_short_holding,efficient_take_profit,,,,0.838177301,0.037274968,-0.193069527,0.964064526,-0.138278665,data/strategy_research/wallets/55PB376nxsrBLTZr1UdQSk6M89AxPif6oKmbmZmWq5dr/klines/DaNJ7kvzxFu7c7DG6u1E6s4wMZhJSEa4Ss9ZqKfUpump_1m_1777441525_1777443958.json
55PB376nxsrBLTZr1UdQSk6M89AxPif6oKmbmZmWq5dr,EW9ArqgzzH8U5pu5nMXdajw9nft9hiWMncw11x5cpump,profit,63tyMVRjaAKzmJRAZQEzH9CUfZpC4AQwUBxkMgcHqyiFLkyqdA7MdfpZSNu1P5FHLCcBo7a6dgjZV6QZ9i2j4tXX,2026-04-29T06:19:03+00:00,2026-04-29T06:20:09+00:00,0.243537607,0.514903000,66,breakout_volume_entry,large_drawdown_tolerated,efficient_take_profit,1.076240983,1.076240983,1.654090064,1.000000000,0.000000000,-0.518360341,0.864924486,-0.646123583,data/strategy_research/wallets/55PB376nxsrBLTZr1UdQSk6M89AxPif6oKmbmZmWq5dr/klines/EW9ArqgzzH8U5pu5nMXdajw9nft9hiWMncw11x5cpump_1m_1777442343_1777444809.json
55PB376nxsrBLTZr1UdQSk6M89AxPif6oKmbmZmWq5dr,BP37KtWxxY3smx463XzsS5QvC58RW4tFFbVKRX2Gpump,profit,XPuHN51NWp2QFXUBNz9T77odte761JTRAdyvjgnwe7TYXJvP3owhFYJepktgnfr1DQr1kb4xarteUC5a4QXFMoP,2026-04-29T06:23:16+00:00,2026-04-29T06:24:32+00:00,0.179339438,1.823698000,76,high_range_entry,large_drawdown_tolerated,efficient_take_profit,,,,0.904144242,0.088515258,-0.834906139,0.916926228,-0.403457889,data/strategy_research/wallets/55PB376nxsrBLTZr1UdQSk6M89AxPif6oKmbmZmWq5dr/klines/BP37KtWxxY3smx463XzsS5QvC58RW4tFFbVKRX2Gpump_1m_1777442596_1777445072.json
55PB376nxsrBLTZr1UdQSk6M89AxPif6oKmbmZmWq5dr,8B8HcYv5zktaDKPBN4pvEDgHuutMp585A9mPyTLMpump,loss,46txPbXpmUa8Z3ZAssrzcJ8R5LTdF51cxuD8MjHCAE4F7cCo2wFDg8uzRPcZ15QJb8auRUoCnSyJ1Uo9mc8dgC9s,2026-04-29T06:32:57+00:00,2026-04-29T06:33:12+00:00,-0.176298023,-0.352596000,15,unclear_entry,large_drawdown_tolerated,fast_stop_loss,,,,0.740129882,0.154596602,-0.465172852,0.463215591,0.000000000,data/strategy_research/wallets/55PB376nxsrBLTZr1UdQSk6M89AxPif6oKmbmZmWq5dr/klines/8B8HcYv5zktaDKPBN4pvEDgHuutMp585A9mPyTLMpump_1m_1777443177_1777445592.json
55PB376nxsrBLTZr1UdQSk6M89AxPif6oKmbmZmWq5dr,EPo6akAM2AiECbMh8q48kVHywyN7RMRmbpeHodKfpump,profit,uwMU1g2tTTGd9B5GrXQeALwTwn7jNh8rpkWCL1pKxZCj8P65jv8BjXT8nqxWKuJc1xUEurRqKdvP5ahxEt7TbYn,2026-04-29T06:36:25+00:00,2026-04-29T06:40:07+00:00,0.163259195,0.108873000,222,breakout_volume_entry,adds_with_profit_potential,efficient_take_profit,1.153491509,0.938192671,1.764899202,1.000000000,0.298999175,-0.310868878,0.984122138,-0.627061776,data/strategy_research/wallets/55PB376nxsrBLTZr1UdQSk6M89AxPif6oKmbmZmWq5dr/klines/EPo6akAM2AiECbMh8q48kVHywyN7RMRmbpeHodKfpump_1m_1777443385_1777446007.json
55PB376nxsrBLTZr1UdQSk6M89AxPif6oKmbmZmWq5dr,E4VuwYbTv5RmmqJGQhKdoxUWZzJGNxUXyDcsP73apzJu,profit,3h3rU9LYLwUTYbtopkbjozZLgbUNYhaxE4MPinQWnpcX5W3BtiUaEJDWqSFdQQDinbjnrzPYJgN84T8JDG4dra1,2026-04-29T06:40:46+00:00,2026-04-29T06:41:02+00:00,0.042481643,0.430855000,16,high_range_entry,large_drawdown_tolerated,efficient_take_profit,,,,0.957418573,0.299038157,-0.776440279,0.774021173,-0.799451221,data/strategy_research/wallets/55PB376nxsrBLTZr1UdQSk6M89AxPif6oKmbmZmWq5dr/klines/E4VuwYbTv5RmmqJGQhKdoxUWZzJGNxUXyDcsP73apzJu_1m_1777443646_1777446062.json
55PB376nxsrBLTZr1UdQSk6M89AxPif6oKmbmZmWq5dr,F92bdh9DZMGUeASuwXepC2A3Dz8umaGvRgjzJgDypump,profit,42QtpDQQz5NChgwLdpfaCAbE1NyJFweJ9WkqyjqXid1e1Ky1FKWv1REKscScD9LV4BTkPtuweYFWqN1Vr8hxTVwc,2026-04-29T06:41:23+00:00,2026-04-29T06:41:42+00:00,0.074180646,0.132082000,19,unclear_entry,large_drawdown_tolerated,efficient_take_profit,-0.066463487,-0.066463487,0.916149166,0.557917385,0.113671194,-0.407390544,0.897931099,-0.511754973,data/strategy_research/wallets/55PB376nxsrBLTZr1UdQSk6M89AxPif6oKmbmZmWq5dr/klines/F92bdh9DZMGUeASuwXepC2A3Dz8umaGvRgjzJgDypump_1m_1777443683_1777446102.json
55PB376nxsrBLTZr1UdQSk6M89AxPif6oKmbmZmWq5dr,Fu2Rm5QEf66SjnHLFxKwS3C5WdXiES2LX2hfPAWpump,loss,22ZRajVVZYx1U6KbYghGWtVn7xTSA28hSauUwuSuqWirJpWxuzMC7CzmDuuz7vPy5LxVr8i8Er5hUdaD2PGUtTwP,2026-04-29T06:47:54+00:00,2026-04-29T06:48:20+00:00,-0.029368462,-0.058775000,26,unclear_entry,fast_runup_holding,fast_stop_loss,,,,0.324684336,0.718142865,-0.345275183,0.528789245,-0.267551570,data/strategy_research/wallets/55PB376nxsrBLTZr1UdQSk6M89AxPif6oKmbmZmWq5dr/klines/Fu2Rm5QEf66SjnHLFxKwS3C5WdXiES2LX2hfPAWpump_1m_1777444074_1777446500.json
55PB376nxsrBLTZr1UdQSk6M89AxPif6oKmbmZmWq5dr,GASyGb3FKcUU5atCePcG39QwuLkLiHQ6bub8doEfpump,profit,3CQi7tJGMvUQHRzGPUQtKmsZeUvmSBfGuG2Ywutg8LFgY4M3SFtb5C2VNST9ekM8v83TwnmdDjzbPPD86EyBQZ3Y,2026-04-29T06:54:23+00:00,2026-04-29T06:55:06+00:00,0.015283589,0.030572000,43,high_range_entry,large_drawdown_tolerated,pullback_take_profit,,,,0.817375489,0.340767282,-0.594570078,0.650283510,1.469034330,data/strategy_research/wallets/55PB376nxsrBLTZr1UdQSk6M89AxPif6oKmbmZmWq5dr/klines/GASyGb3FKcUU5atCePcG39QwuLkLiHQ6bub8doEfpump_1m_1777444463_1777446906.json
55PB376nxsrBLTZr1UdQSk6M89AxPif6oKmbmZmWq5dr,EAE9oXaQfoZrB4Lofyo13WyiGkWu73VVS9dGZrxhpump,profit,5nR3TyxCdvMcqHN7thQY7WDYZY2vBZYBRHdPwLXiPxwmPcG3NGrRum7DSss6c4qkRMJntHzUwHG9fmgJLwCUuyeH,2026-04-29T07:00:50+00:00,2026-04-29T07:01:23+00:00,0.195377706,0.320264000,33,high_range_entry,large_drawdown_tolerated,efficient_take_profit,,,,1.000000000,0.303718665,-0.611266096,0.809286997,-0.631073302,data/strategy_research/wallets/55PB376nxsrBLTZr1UdQSk6M89AxPif6oKmbmZmWq5dr/klines/EAE9oXaQfoZrB4Lofyo13WyiGkWu73VVS9dGZrxhpump_1m_1777444850_1777447283.json
55PB376nxsrBLTZr1UdQSk6M89AxPif6oKmbmZmWq5dr,6eZAb5VQBD75KuEMEuUAVfsdnjikVxZmHCggLy4Ppump,profit,3xNApXgjqJDWuNum4MJixvSyxNRp8nbAVb1ANJyCf2U6KVWmCtibWP892EryFEjuwevqcL6PxYGhA1LJu3ZfCkVF,2026-04-29T07:03:34+00:00,2026-04-29T07:03:56+00:00,0.010033961,0.017567000,22,high_range_entry,large_drawdown_tolerated,efficient_take_profit,,,,0.877617980,0.053210490,-0.381579607,0.949477820,-0.335229637,data/strategy_research/wallets/55PB376nxsrBLTZr1UdQSk6M89AxPif6oKmbmZmWq5dr/klines/6eZAb5VQBD75KuEMEuUAVfsdnjikVxZmHCggLy4Ppump_1m_1777445014_1777447436.json
55PB376nxsrBLTZr1UdQSk6M89AxPif6oKmbmZmWq5dr,7wKewyb1mqbqLWkR2ruJ3Y5bTubi81P8uraanG5Ypump,loss,66NMmyAGLKHXE51oWhLJHhS9CfhQvzLa2Ysr4tK3xi5HPCwkLtnhQ63R85eU8ocNcVDTbeDcp9oVcygXdz1Vhnp,2026-04-29T07:07:06+00:00,2026-04-29T07:08:03+00:00,-0.261442883,-0.522886000,57,breakout_volume_entry,fast_runup_holding,fast_stop_loss,0.391395727,0.391395727,1.697458281,0.348615658,1.119193603,-0.113157032,0.730066969,0.288822531,data/strategy_research/wallets/55PB376nxsrBLTZr1UdQSk6M89AxPif6oKmbmZmWq5dr/klines/7wKewyb1mqbqLWkR2ruJ3Y5bTubi81P8uraanG5Ypump_1m_1777445226_1777447683.json
55PB376nxsrBLTZr1UdQSk6M89AxPif6oKmbmZmWq5dr,3a1ovj7dNJ87r4jj93PB2xSaowtnF2YaA8kCy7eSpump,loss,5wjWReCShy5dYBVWazQmXbGBdBTGjvSyGgmiQPXqbADJyuJNh9wTZRohWa3EdmQG3aCgPSps3qg9NW1pDyHLehZi,2026-04-29T07:08:58+00:00,2026-04-29T07:09:09+00:00,-0.078775889,-0.160422000,11,high_range_entry,very_short_holding,fast_stop_loss,-0.026867015,-0.026867015,0.789826281,0.752178879,0.143478461,-0.241611070,0.663229746,0.511024617,data/strategy_research/wallets/55PB376nxsrBLTZr1UdQSk6M89AxPif6oKmbmZmWq5dr/klines/3a1ovj7dNJ87r4jj93PB2xSaowtnF2YaA8kCy7eSpump_1m_1777445338_1777447749.json
55PB376nxsrBLTZr1UdQSk6M89AxPif6oKmbmZmWq5dr,88zHjd1LL7pwBjommuMdLrf9yHmH3iwcuFb3ikAvpump,loss,54mLnAkyLQaAE7jBoHPrgCxKKb7itk8jCD8irp9q4R4UkGBbgtYdHbyVyaMd5tWzBTPuQPkDwnVkWaRrKUq8XT3A,2026-04-29T07:10:43+00:00,2026-04-29T07:11:47+00:00,-0.038035385,-0.076150000,64,high_range_entry,normal_holding,fast_stop_loss,0.334638269,1.428948786,0.628210460,0.996879034,0.000000000,-0.115554578,0.916868723,0.111580040,data/strategy_research/wallets/55PB376nxsrBLTZr1UdQSk6M89AxPif6oKmbmZmWq5dr/klines/88zHjd1LL7pwBjommuMdLrf9yHmH3iwcuFb3ikAvpump_1m_1777445443_1777447907.json
55PB376nxsrBLTZr1UdQSk6M89AxPif6oKmbmZmWq5dr,CaTc99L3DGKQaCDicYAjpWZdvbsiygZN4omPAZhmpump,profit,RAitganaAZBKDCShJqPqrwqKkct76T4cfPwXs1jULh2ShXE26EW6f8Ctn1fn4nSumZoFFq6f5MURkpTFVcaDGPX,2026-04-29T07:13:48+00:00,2026-04-29T07:14:28+00:00,0.049508664,0.099017000,40,high_range_entry,large_drawdown_tolerated,pullback_take_profit,,,,0.806183830,0.096201491,-0.314132746,0.727268536,-0.124894838,data/strategy_research/wallets/55PB376nxsrBLTZr1UdQSk6M89AxPif6oKmbmZmWq5dr/klines/CaTc99L3DGKQaCDicYAjpWZdvbsiygZN4omPAZhmpump_1m_1777445628_1777448068.json
55PB376nxsrBLTZr1UdQSk6M89AxPif6oKmbmZmWq5dr,7ZVztNusCidFiHuscBFz7dAygHogBRfcJVMR3aGkpump,profit,MLmSS5BVMk2Rpj4QDd2A2X12bx4NxZj37gwB2oEmBCwR9oFQ7XgrSb3rv5hkgMBkeDu59E48ugDNp1zCyD9bVi3,2026-04-29T07:14:41+00:00,2026-04-29T07:15:57+00:00,0.013754080,0.027508000,76,breakout_volume_entry,normal_holding,efficient_take_profit,0.255554331,1.378930003,2.211714639,0.871494795,0.098896597,-0.168026933,0.887667931,-0.115864205,data/strategy_research/wallets/55PB376nxsrBLTZr1UdQSk6M89AxPif6oKmbmZmWq5dr/klines/7ZVztNusCidFiHuscBFz7dAygHogBRfcJVMR3aGkpump_1m_1777445681_1777448157.json
55PB376nxsrBLTZr1UdQSk6M89AxPif6oKmbmZmWq5dr,SEbDZ4TRfKUvWxPm7fRxQinWNWJSAFEWeHCz2Kapump,profit,39zkkTNnBsUDeo3EPdtPhLhMWMTXzboCi32hJjeCemEPTyK3TzwC7KxXmHoH5K8PJLz2v4w6YTC4o6NhJfADaZP5,2026-04-29T07:19:59+00:00,2026-04-29T07:21:23+00:00,0.086255074,0.172510000,84,high_range_entry,normal_holding,efficient_take_profit,1.023782845,2.175821339,1.222872256,1.000000000,0.335882331,-0.295336306,0.921087724,0.540709117,data/strategy_research/wallets/55PB376nxsrBLTZr1UdQSk6M89AxPif6oKmbmZmWq5dr/klines/SEbDZ4TRfKUvWxPm7fRxQinWNWJSAFEWeHCz2Kapump_1m_1777445999_1777448483.json
55PB376nxsrBLTZr1UdQSk6M89AxPif6oKmbmZmWq5dr,tjn8grxUZug5xn5VswjweXGzfrZYNjwX7JWWXF3pump,loss,4ySjUY8AZXUM3QUmriPW8NGtp1wn11V1Kdg71tkfZWxKsogMGyWjfV14FhD4z131R6acdJdV1nQ7EdD33G6mhdEm,2026-04-29T07:37:33+00:00,2026-04-29T07:38:06+00:00,-0.008075812,-0.016163000,33,breakout_volume_entry,very_short_holding,fast_stop_loss,-0.168813725,-0.168813725,1.726512184,0.601354979,0.485378559,-0.132681117,0.806994241,0.851575493,data/strategy_research/wallets/55PB376nxsrBLTZr1UdQSk6M89AxPif6oKmbmZmWq5dr/klines/tjn8grxUZug5xn5VswjweXGzfrZYNjwX7JWWXF3pump_1m_1777447053_1777449486.json
55PB376nxsrBLTZr1UdQSk6M89AxPif6oKmbmZmWq5dr,98d1zQZStVJEKeTnxnsamTE2EVRyPtLV23WcZvHTpump,loss,37c7m1VQ5YXaUW7d4HaQMek4vC8BsERYZ7d5iiP5K5DxXyr5aFAphxnNVWaKMy6Raf31cHEWU1nHYv5v5y3WXFZE,2026-04-29T07:43:18+00:00,2026-04-29T07:43:45+00:00,-0.012429937,-0.022391000,27,breakout_volume_entry,very_short_holding,fast_stop_loss,0.228989988,0.228989988,3.018929220,0.745766293,0.108378479,-0.186771003,0.902218889,-0.129225180,data/strategy_research/wallets/55PB376nxsrBLTZr1UdQSk6M89AxPif6oKmbmZmWq5dr/klines/98d1zQZStVJEKeTnxnsamTE2EVRyPtLV23WcZvHTpump_1m_1777447398_1777449825.json
55PB376nxsrBLTZr1UdQSk6M89AxPif6oKmbmZmWq5dr,DLeaRYKbquAHyDv6kAz7teAnojNnmpjeD8t1ijh1pump,loss,32qN8fyueTcSVGwJ1qJXvmZqZ965HD6myux3d6gSXmdDtvW6nuUABXhwKgbGguBQN2P8yAojsEpkVcv67UwZpa3M,2026-04-29T08:36:57+00:00,2026-04-29T08:37:40+00:00,-0.086291067,-0.156192000,43,high_range_entry,large_drawdown_tolerated,fast_stop_loss,,,,1.000000000,0.343759996,-0.453849801,0.648060547,-0.393223274,data/strategy_research/wallets/55PB376nxsrBLTZr1UdQSk6M89AxPif6oKmbmZmWq5dr/klines/DLeaRYKbquAHyDv6kAz7teAnojNnmpjeD8t1ijh1pump_1m_1777450617_1777453060.json
55PB376nxsrBLTZr1UdQSk6M89AxPif6oKmbmZmWq5dr,3x8PdworsRHX6TxSFwancm48KaFnmcqw3r15f5Gwpump,loss,2eJCGMTcSPtnVzmjTFyF9bUtRPDiuWHpQruJ7Hsep2Tirbkk5pAfRqBRwmshEPddEP1JumajpS1GkeDzmYp6ps1u,2026-04-29T08:44:56+00:00,2026-04-29T08:45:11+00:00,-0.079440300,-0.158881000,15,high_range_entry,large_drawdown_tolerated,fast_stop_loss,,,,0.977126353,0.203424902,-0.500245558,0.450138988,-0.143610927,data/strategy_research/wallets/55PB376nxsrBLTZr1UdQSk6M89AxPif6oKmbmZmWq5dr/klines/3x8PdworsRHX6TxSFwancm48KaFnmcqw3r15f5Gwpump_1m_1777451096_1777453511.json
55PB376nxsrBLTZr1UdQSk6M89AxPif6oKmbmZmWq5dr,BX4eMWGB2P1GWwzT3f9Egt8KiNcfhgGPE8geJcpXpump,loss,41RFitzNFbXmvcrEDU71h27rDwEC4BXH8wNookxFNMfoi9dkH7WpMoUDdzPcHsAQJVxCqvGEpUgJQsp3hnLap68z,2026-04-29T08:47:15+00:00,2026-04-29T08:47:37+00:00,-0.202166719,-0.404333000,22,breakout_volume_entry,fast_runup_holding,fast_stop_loss,-0.007158268,-0.007158268,5.180689486,0.377395194,0.692815601,-0.112343135,0.590731796,-0.436618127,data/strategy_research/wallets/55PB376nxsrBLTZr1UdQSk6M89AxPif6oKmbmZmWq5dr/klines/BX4eMWGB2P1GWwzT3f9Egt8KiNcfhgGPE8geJcpXpump_1m_1777451235_1777453657.json
55PB376nxsrBLTZr1UdQSk6M89AxPif6oKmbmZmWq5dr,E99TXmhG9ppHzm17eKkruMmA7rVfQePqoeHipUJppump,loss,2FYdbqLRB5qPbdeJCyHKa8BLrNg43eXiHBTBEckp7RfNuu3nthG3KS1pcTLbZzSVGiF24i5przJBdCbfxZ7Qgydu,2026-04-29T08:48:30+00:00,2026-04-29T08:48:36+00:00,-0.079640457,-0.147210000,6,breakout_volume_entry,large_drawdown_tolerated,fast_stop_loss,2.072007603,2.072007603,7.031641253,1.000000000,0.000000000,-0.674479972,1.000000000,-0.192020070,data/strategy_research/wallets/55PB376nxsrBLTZr1UdQSk6M89AxPif6oKmbmZmWq5dr/klines/E99TXmhG9ppHzm17eKkruMmA7rVfQePqoeHipUJppump_1m_1777451310_1777453716.json
55PB376nxsrBLTZr1UdQSk6M89AxPif6oKmbmZmWq5dr,5eMXSW5rDTBCU3ZEiGaTeeesTqM7FPNg1KcS3krNpump,profit,3S5tSX9cNXuqSzdxeWgk6Hpud8ub6zV66Rsp3hYYMYT8vH5mY4bPK52WguKzkiGjFS1yiLuRXdD2UFEjwcPx7Sf7,2026-04-29T08:57:34+00:00,2026-04-29T08:59:06+00:00,1.112747618,2.131602000,92,high_range_entry,fast_runup_holding,efficient_take_profit,0.277243632,0.277243632,0.549618768,0.977439239,1.831889831,-0.452571782,0.757770293,-0.415739056,data/strategy_research/wallets/55PB376nxsrBLTZr1UdQSk6M89AxPif6oKmbmZmWq5dr/klines/5eMXSW5rDTBCU3ZEiGaTeeesTqM7FPNg1KcS3krNpump_1m_1777451854_1777454346.json
55PB376nxsrBLTZr1UdQSk6M89AxPif6oKmbmZmWq5dr,9EZW54MXnwR5pbFBLEeEtP68AyLpBMiMNcqVjgYspump,profit,GdqJxR9tMapW8382mtHKxZdi5PXk4gdsMmHYEkE6n75iaqvHP3GNugDmALbEBNQx45g9oK4B8ZyxkWgujGuNtsW,2026-04-29T09:02:41+00:00,2026-04-29T09:04:48+00:00,0.583495358,0.583625000,127,unclear_entry,adds_with_profit_potential,efficient_take_profit,,,,0.701997628,1.643278102,-0.361777464,0.831691958,2.646984256,data/strategy_research/wallets/55PB376nxsrBLTZr1UdQSk6M89AxPif6oKmbmZmWq5dr/klines/9EZW54MXnwR5pbFBLEeEtP68AyLpBMiMNcqVjgYspump_1m_1777452161_1777454688.json
55PB376nxsrBLTZr1UdQSk6M89AxPif6oKmbmZmWq5dr,DuuZid3VsVNzNUiJvxx1sEnr9rM2QirNVr9r8A58pump,profit,rYC23BnKhTtT7USu4ffXmQSHSEmKCCZz17rWJZzCBRwfRYv5QC1EzoUNbHqiodh4dHzgJRGVSo6vgfjdQBCXjMs,2026-04-29T09:08:02+00:00,2026-04-29T09:08:43+00:00,0.024649515,0.040600000,41,unclear_entry,fast_runup_holding,pullback_take_profit,0.182474030,0.182474030,0.951434613,0.476291392,0.636161940,-0.254649244,0.611186445,-0.613661891,data/strategy_research/wallets/55PB376nxsrBLTZr1UdQSk6M89AxPif6oKmbmZmWq5dr/klines/DuuZid3VsVNzNUiJvxx1sEnr9rM2QirNVr9r8A58pump_1m_1777452482_1777454923.json
55PB376nxsrBLTZr1UdQSk6M89AxPif6oKmbmZmWq5dr,9LdQTLF47JL1X3gwGcqZuBBPqE5qAyNhenmJYxDppump,loss,2EtEKTGHPfLMhBxJw4U4oyEF5cv1NHJrwUWvFiDC4XmbmVWzWbzaxDPuUgWcsJG5hFBu1xdcwpcx3ViesabNnem6,2026-04-29T09:08:22+00:00,2026-04-29T09:10:48+00:00,-0.005464146,-0.003518000,146,high_range_entry,adds_with_profit_potential,unclear_exit,,,,1.000000000,0.745205682,-0.629287977,0.724309112,-0.008970464,data/strategy_research/wallets/55PB376nxsrBLTZr1UdQSk6M89AxPif6oKmbmZmWq5dr/klines/9LdQTLF47JL1X3gwGcqZuBBPqE5qAyNhenmJYxDppump_1m_1777452502_1777455048.json
55PB376nxsrBLTZr1UdQSk6M89AxPif6oKmbmZmWq5dr,BFQbT1xeg7N9vGwC5cjQgN8F8MzgC3w1hv3k9tGypump,profit,AufPMrp5pUsh2FuK3imx8UTgdbaAyHsgQFrU3hgJ6qK33NUn5B3Lnctq59pPBooXyQRhdeguabWhWWRZPb2Mfpa,2026-04-29T09:16:37+00:00,2026-04-29T09:16:50+00:00,0.041682111,0.075564000,13,unclear_entry,fast_runup_holding,pullback_take_profit,,,,0.000000000,1.240059866,0.000000000,0.446416640,-0.026703377,data/strategy_research/wallets/55PB376nxsrBLTZr1UdQSk6M89AxPif6oKmbmZmWq5dr/klines/BFQbT1xeg7N9vGwC5cjQgN8F8MzgC3w1hv3k9tGypump_1m_1777452997_1777455410.json
55PB376nxsrBLTZr1UdQSk6M89AxPif6oKmbmZmWq5dr,DZQKJPbkx7xZK68CKkQy3hzUfaoELkTCEq4n2uGWpump,loss,2MgAgGBupNW8A9HAhABicr8tA3i1La9xcuYFspAcCg353S37jTnF5jjA26b9XGPqBP3dU9q8r8tSVkV6feP54W24,2026-04-29T09:20:58+00:00,2026-04-29T09:21:39+00:00,-0.006245994,-0.012500000,41,breakout_volume_entry,very_short_holding,fast_stop_loss,0.071504461,0.071504461,7.643571338,1.000000000,0.000000000,-0.066732770,0.989497221,-0.026318226,data/strategy_research/wallets/55PB376nxsrBLTZr1UdQSk6M89AxPif6oKmbmZmWq5dr/klines/DZQKJPbkx7xZK68CKkQy3hzUfaoELkTCEq4n2uGWpump_1m_1777453258_1777455699.json
55PB376nxsrBLTZr1UdQSk6M89AxPif6oKmbmZmWq5dr,7b6gLvyhHViprRso1weiaGLqazsKbsYiYsXuwAAKpump,loss,3emHHiGHebJAiCU7LaG9frR6zrkzkybrNXtLRCHTieyZSZSfCzqEa6Pf1JAHENdY3xjB9aX2g9Gh9byNWYzpRFVk,2026-04-29T09:21:44+00:00,2026-04-29T09:22:00+00:00,-0.017674856,-0.035355000,16,unclear_entry,very_short_holding,fast_stop_loss,0.528380813,0.528380813,0.116436323,0.547721604,0.025488582,-0.263073445,0.964285000,-0.578056286,data/strategy_research/wallets/55PB376nxsrBLTZr1UdQSk6M89AxPif6oKmbmZmWq5dr/klines/7b6gLvyhHViprRso1weiaGLqazsKbsYiYsXuwAAKpump_1m_1777453304_1777455720.json
55PB376nxsrBLTZr1UdQSk6M89AxPif6oKmbmZmWq5dr,HS1Vh4K1rpXLAw2RUNx8MCjWb9arnE6qQnXyBZ47pump,profit,3rPGNTW9YeAnCBZutRM5VTnGvUNFm6VnTh5Hd9bP5aYLHVsnnpki5ygjPDRotx3xjggeFZdqaQa8Mr79kDuvkw77,2026-04-29T09:25:59+00:00,2026-04-29T09:30:19+00:00,0.271938147,0.543876000,260,breakout_volume_entry,large_drawdown_tolerated,efficient_take_profit,3.404894279,3.404894279,15.429260762,1.000000000,0.934190002,-0.774990003,0.987305695,-0.880563375,data/strategy_research/wallets/55PB376nxsrBLTZr1UdQSk6M89AxPif6oKmbmZmWq5dr/klines/HS1Vh4K1rpXLAw2RUNx8MCjWb9arnE6qQnXyBZ47pump_1m_1777453559_1777456219.json
55PB376nxsrBLTZr1UdQSk6M89AxPif6oKmbmZmWq5dr,Gcn2k5fFT17WbpZCR7WDDQYXJ8pd1SazbCLMzS7Dpump,loss,3SLvFEgUjXoonkqHvz141BpMsu2moLuAMLdMGJRwiXH8hVyitSz7MnzdjCYXxu8pryMExyE9gSDiiHyBeRQz63Vm,2026-04-29T09:27:34+00:00,2026-04-29T09:27:54+00:00,-0.051593351,-0.103245000,20,high_range_entry,very_short_holding,fast_stop_loss,0.094370650,0.094370650,0.614840410,0.763819387,0.172217093,-0.109846228,0.853084301,0.499567580,data/strategy_research/wallets/55PB376nxsrBLTZr1UdQSk6M89AxPif6oKmbmZmWq5dr/klines/Gcn2k5fFT17WbpZCR7WDDQYXJ8pd1SazbCLMzS7Dpump_1m_1777453654_1777456074.json
55PB376nxsrBLTZr1UdQSk6M89AxPif6oKmbmZmWq5dr,8jdhqDAWL3xJ9AK4tbuLU9ui1zf9D3oGPxEtWZ4vpump,loss,2vCAmyVUDjHAvf2ZMUESkbQ8itVutYBZ8ocVHgPgN7a6RQUytqq2fJCTaGu1tPrwJrvrMG3fxbs6CHEUvrGanaAU,2026-04-29T09:28:08+00:00,2026-04-29T09:28:15+00:00,-0.078417223,-0.156950000,7,unclear_entry,very_short_holding,fast_stop_loss,0.084268619,0.084268619,1.789041461,0.228778722,0.231992689,-0.076456740,0.811693129,-0.062895909,data/strategy_research/wallets/55PB376nxsrBLTZr1UdQSk6M89AxPif6oKmbmZmWq5dr/klines/8jdhqDAWL3xJ9AK4tbuLU9ui1zf9D3oGPxEtWZ4vpump_1m_1777453688_1777456095.json
55PB376nxsrBLTZr1UdQSk6M89AxPif6oKmbmZmWq5dr,3Xps1UwWmHFLv9R29reKoV8hCAbFD6DxZk3Xjckopump,profit,62aWJ5UEAksauS6tcfFkL9Sob51dq5QgSTr37KHYStMZfgYPMSWHagrwPTFihotcZHdhVbBBJj6v6x36W4Ep9iCo,2026-04-29T09:39:03+00:00,2026-04-29T09:39:45+00:00,0.049811491,0.099638000,42,unclear_entry,very_short_holding,efficient_take_profit,-0.237351848,-0.237351848,0.585945015,0.442877491,0.009257676,-0.235168043,0.990827242,-0.368074514,data/strategy_research/wallets/55PB376nxsrBLTZr1UdQSk6M89AxPif6oKmbmZmWq5dr/klines/3Xps1UwWmHFLv9R29reKoV8hCAbFD6DxZk3Xjckopump_1m_1777454343_1777456785.json
55PB376nxsrBLTZr1UdQSk6M89AxPif6oKmbmZmWq5dr,3R82c9xNofKmbAaW7WbeaHc4KWNgWL5nnvQvxYxQpump,loss,NZn8pV8y4tTNgn7CaMPw9sgJLQ5Hu3jCYqWRLHAswGwD7JJUcTR7VM98Xk1pEN5kndbA9uRpvX7RxkmDgvsBjxK,2026-04-29T09:43:38+00:00,2026-04-29T09:44:02+00:00,-0.156518936,-0.316371000,24,high_range_entry,large_drawdown_tolerated,fast_stop_loss,,,,0.822148068,0.071810178,-0.331953659,0.673581613,-0.042770097,data/strategy_research/wallets/55PB376nxsrBLTZr1UdQSk6M89AxPif6oKmbmZmWq5dr/klines/3R82c9xNofKmbAaW7WbeaHc4KWNgWL5nnvQvxYxQpump_1m_1777454618_1777457042.json
55PB376nxsrBLTZr1UdQSk6M89AxPif6oKmbmZmWq5dr,4eoAmGt465BphcZhyky68EuGu8AwTVXfkiYpGeo1pump,loss,31hAse8A7N4WfBz1hBAf2JFVq2BJNbSQBC8kRzPoz9Vy6jPHouDrZHFFAQcfqZ9PGf5XegUkEgrBNNEiTDw1mAYU,2026-04-29T09:43:59+00:00,2026-04-29T09:51:07+00:00,-0.128560555,-0.063704000,428,high_range_entry,adds_with_profit_potential,structure_break_stop_loss,,,,1.000000000,0.419769515,-0.466810642,0.375546420,-0.061008513,data/strategy_research/wallets/55PB376nxsrBLTZr1UdQSk6M89AxPif6oKmbmZmWq5dr/klines/4eoAmGt465BphcZhyky68EuGu8AwTVXfkiYpGeo1pump_1m_1777454639_1777457467.json
55PB376nxsrBLTZr1UdQSk6M89AxPif6oKmbmZmWq5dr,FK8NdVVYAMxGu3yGwCNeWh3gcyDeDtL7XoFLDsVvpump,profit,34wbgto1TV1SVmAZPuGSeK44D93J7GmbFNq5uc4rEnee9sPqcHtPfTsCmP5zJDCPiCfTr24GmkLU9vZzaZxArx1q,2026-04-29T09:48:00+00:00,2026-04-29T09:48:47+00:00,0.040436950,0.080874000,47,high_range_entry,very_short_holding,efficient_take_profit,0.440021017,0.440021017,1.006585985,0.929494563,0.030728267,-0.124341947,0.970187810,-0.383051231,data/strategy_research/wallets/55PB376nxsrBLTZr1UdQSk6M89AxPif6oKmbmZmWq5dr/klines/FK8NdVVYAMxGu3yGwCNeWh3gcyDeDtL7XoFLDsVvpump_1m_1777454880_1777457327.json
55PB376nxsrBLTZr1UdQSk6M89AxPif6oKmbmZmWq5dr,BEFGTBRvCvnoTAqsXC98EvFyBjza5tVxtMsKfFRBpump,profit,3YoEGeMh7ZuSzZRzYCs8A4bvSKX1kHDcqmS89iYJ2jGAQSM6t1B93y1UMpNUv4N5QAgZCCQjGhNTJ5WwWJyi8Qnu,2026-04-29T09:49:01+00:00,2026-04-29T09:50:15+00:00,0.289454252,0.453689000,74,breakout_volume_entry,large_drawdown_tolerated,efficient_take_profit,1.174484745,1.174484745,5.377483721,0.816915233,0.160615837,-0.626684424,0.857800321,1.063786325,data/strategy_research/wallets/55PB376nxsrBLTZr1UdQSk6M89AxPif6oKmbmZmWq5dr/klines/BEFGTBRvCvnoTAqsXC98EvFyBjza5tVxtMsKfFRBpump_1m_1777454941_1777457415.json
55PB376nxsrBLTZr1UdQSk6M89AxPif6oKmbmZmWq5dr,ATw5RFWAhbp9FSsVz7HK6dt6zVaGXuqYEnTupBWPpump,profit,3ET2W1xaXihSf5QASbQEQAaU5PQ42dwKjNYxXh7bmVM4QSaRx298uyMXepKMTJ4nt3nuYBva2AKJA45a6EaPkBKF,2026-04-29T10:05:52+00:00,2026-04-29T10:07:27+00:00,0.094423725,0.188034000,95,breakout_volume_entry,large_drawdown_tolerated,efficient_take_profit,0.931108161,1.495667998,3.897371073,1.000000000,0.120169159,-0.331848823,0.899382945,0.535343366,data/strategy_research/wallets/55PB376nxsrBLTZr1UdQSk6M89AxPif6oKmbmZmWq5dr/klines/ATw5RFWAhbp9FSsVz7HK6dt6zVaGXuqYEnTupBWPpump_1m_1777455952_1777458447.json
55PB376nxsrBLTZr1UdQSk6M89AxPif6oKmbmZmWq5dr,2MNaTukcJbkMvV1uM9iGwcSck9XS2tyFT3BfkTXjpump,loss,5BRMydjAzB7BjjB7Ap4qnjgdh9KtzfsDH1wb8bN341szLdewLzVyiJhbD6TZAGEMgSZZnDRBnTXzmkKuMURbfrUv,2026-04-29T10:08:12+00:00,2026-04-29T10:08:32+00:00,-0.038071325,-0.076201000,20,unclear_entry,very_short_holding,fast_stop_loss,-0.078685933,-0.078685933,0.182208412,0.045403929,0.108332262,-0.043595177,0.902256511,-0.067902499,data/strategy_research/wallets/55PB376nxsrBLTZr1UdQSk6M89AxPif6oKmbmZmWq5dr/klines/2MNaTukcJbkMvV1uM9iGwcSck9XS2tyFT3BfkTXjpump_1m_1777456092_1777458512.json
55PB376nxsrBLTZr1UdQSk6M89AxPif6oKmbmZmWq5dr,JBLNPDbZvJNXKfSWqoXvCnBkvoWyhZr7Jd1KZHwWpump,loss,4R1DjBh7AtdeB4oNHrxQ9dJJ3FCJQVb91Y8iCyUC1ECKkGnKa3SnP7t6UYofmoET6uYkhKjKw9UFpoNnXHayMeRc,2026-04-29T10:10:32+00:00,2026-04-29T10:11:06+00:00,-0.138705760,-0.286574000,34,unclear_entry,large_drawdown_tolerated,fast_stop_loss,,,,0.671308348,0.399907690,-0.816757494,0.560025295,-0.756212722,data/strategy_research/wallets/55PB376nxsrBLTZr1UdQSk6M89AxPif6oKmbmZmWq5dr/klines/JBLNPDbZvJNXKfSWqoXvCnBkvoWyhZr7Jd1KZHwWpump_1m_1777456232_1777458666.json
55PB376nxsrBLTZr1UdQSk6M89AxPif6oKmbmZmWq5dr,3Ky1XiMUJSa253EuG4pm6K4rLqRdACLfJynDRCqKpump,loss,2ZAHLVjCSXHyQPCm974VerGU2VvVtAFcWnnGESC4xQdG5SkwuDQ9NF6hVpeQpj8WUwNrHDbetuGLyp7RFuc8zmfB,2026-04-29T10:12:32+00:00,2026-04-29T10:12:40+00:00,-0.174737430,-0.349559000,8,unclear_entry,fast_runup_holding,fast_stop_loss,,,,0.315562679,1.335631852,-0.615798630,0.428149667,-0.610136218,data/strategy_research/wallets/55PB376nxsrBLTZr1UdQSk6M89AxPif6oKmbmZmWq5dr/klines/3Ky1XiMUJSa253EuG4pm6K4rLqRdACLfJynDRCqKpump_1m_1777456352_1777458760.json
55PB376nxsrBLTZr1UdQSk6M89AxPif6oKmbmZmWq5dr,36rurryfBXL8n5vfokRTocLvyxnoE1qugf8f39ZYpump,loss,4BoHi51RV2ACK5NHQvS5PGzRuSt3TRiGXdwMW2hc6bEenuQB893634hDbGfxrUjcRGVJpK3dQWty5qxyy9q5nb9h,2026-04-29T10:17:35+00:00,2026-04-29T10:17:40+00:00,-0.155482457,-0.314455000,5,high_range_entry,large_drawdown_tolerated,fast_stop_loss,,,,0.789659212,0.207803724,-0.780134592,0.827949095,-0.663230050,data/strategy_research/wallets/55PB376nxsrBLTZr1UdQSk6M89AxPif6oKmbmZmWq5dr/klines/36rurryfBXL8n5vfokRTocLvyxnoE1qugf8f39ZYpump_1m_1777456655_1777459060.json
55PB376nxsrBLTZr1UdQSk6M89AxPif6oKmbmZmWq5dr,2rUxzz58pVQz6KHT2NfHcxtdK6vdaXZaQgM58FJapump,loss,2UhJpcVjBnibgp5i8za2Hq3bqhZeYTKdP8k4LyS6yy4dN1p2f6fkj2WFfrzqfsn1CrcsTYRXuuadDVqj5c43HUEG,2026-04-29T10:25:16+00:00,2026-04-29T10:25:38+00:00,-0.128295627,-0.254578000,22,dip_or_rebound_entry,fast_runup_holding,fast_stop_loss,-0.365022528,-0.365022528,0.478185015,0.270925774,1.095521618,0.000000000,0.477208153,-0.366538380,data/strategy_research/wallets/55PB376nxsrBLTZr1UdQSk6M89AxPif6oKmbmZmWq5dr/klines/2rUxzz58pVQz6KHT2NfHcxtdK6vdaXZaQgM58FJapump_1m_1777457116_1777459538.json
55PB376nxsrBLTZr1UdQSk6M89AxPif6oKmbmZmWq5dr,EtAqs7SjR5cp5wgRujYVmZhnb9dRoFJVwbEisHKypump,profit,tqRWAgxbxvBqgsscCnw6LEHNAPjnYPmdFudAzWWYcvtJXn45mAK9eStNU1eNacZyFXr4Y35CibYaZBtdvUP5arr,2026-04-29T10:42:31+00:00,2026-04-29T10:42:58+00:00,0.060593928,0.125028000,27,high_range_entry,large_drawdown_tolerated,efficient_take_profit,,,,0.768126079,0.199958145,-0.662399055,0.833362400,-0.626757802,data/strategy_research/wallets/55PB376nxsrBLTZr1UdQSk6M89AxPif6oKmbmZmWq5dr/klines/EtAqs7SjR5cp5wgRujYVmZhnb9dRoFJVwbEisHKypump_1m_1777458151_1777460578.json
55PB376nxsrBLTZr1UdQSk6M89AxPif6oKmbmZmWq5dr,Gu8aoaTcmxyyT9FKtQkfddrvW7HwXJRRcgDLhAn2pump,loss,434k1YwfGXRjCu5Fjyxq816zrmqVxehwGmuotwWpSowpEgDWD8KxGyoF5V3DFLjc2zM6u1Te5hGKMFq5ZQKJHdZZ,2026-04-29T10:43:34+00:00,2026-04-29T10:43:44+00:00,-0.051836257,-0.103688000,10,unclear_entry,fast_runup_holding,fast_stop_loss,,,,0.390781680,0.651093257,-0.417642261,0.605659308,-0.470001314,data/strategy_research/wallets/55PB376nxsrBLTZr1UdQSk6M89AxPif6oKmbmZmWq5dr/klines/Gu8aoaTcmxyyT9FKtQkfddrvW7HwXJRRcgDLhAn2pump_1m_1777458214_1777460624.json
55PB376nxsrBLTZr1UdQSk6M89AxPif6oKmbmZmWq5dr,28uAqq1hGrh8tqmT8j9MD6FbzMxeMZgfywysNnuhpump,loss,4higcCk7cjDf8K24onL5pSrpXoC8FVix3DvZZuCWsyj5y28owqWbsXhtTZfMbixezHh5bgwauhAwpoFdjsjxkgtH,2026-04-29T10:46:13+00:00,2026-04-29T10:47:25+00:00,-0.151918016,-0.313087000,72,high_range_entry,large_drawdown_tolerated,fast_stop_loss,,,,0.949079144,0.100304160,-0.774650600,0.857423888,-0.682253233,data/strategy_research/wallets/55PB376nxsrBLTZr1UdQSk6M89AxPif6oKmbmZmWq5dr/klines/28uAqq1hGrh8tqmT8j9MD6FbzMxeMZgfywysNnuhpump_1m_1777458373_1777460845.json
55PB376nxsrBLTZr1UdQSk6M89AxPif6oKmbmZmWq5dr,DiqmbYhdd7HoytAabr5AQdTBrB8DMTupgukE2ZHEpump,loss,4CWkovCjGx1JLZPhFzvSsCcnCZ7cEqz2oCcuaXkEojDNGCLunxFUhQAdW18BWKMHpi2UCxeZdYjo4S3kZt89Virf,2026-04-29T10:47:08+00:00,2026-04-29T10:47:38+00:00,-0.019946315,-0.039952000,30,breakout_volume_entry,large_drawdown_tolerated,fast_stop_loss,1.037778066,1.037778066,8.426884612,0.652121540,0.403532911,-0.509269426,0.712487746,2.937875516,data/strategy_research/wallets/55PB376nxsrBLTZr1UdQSk6M89AxPif6oKmbmZmWq5dr/klines/DiqmbYhdd7HoytAabr5AQdTBrB8DMTupgukE2ZHEpump_1m_1777458428_1777460858.json
55PB376nxsrBLTZr1UdQSk6M89AxPif6oKmbmZmWq5dr,E6xoDtQRrYp7RGtmNT7M7BNv6WLumhMzVm5qpDQCpump,loss,39vb8qLHms7eYHg2RxuxAh67FuAyBGTYbUggaFZPCB2cYenpBDTLCtxwLcSfVH9DZaXniMqnp3HbWrZQBky6r6MS,2026-04-29T10:54:51+00:00,2026-04-29T10:56:56+00:00,-0.057623058,-0.038289000,125,high_range_entry,adds_with_profit_potential,effective_risk_exit,,,,0.773690873,1.442779066,-0.417037069,0.866292043,-0.715859760,data/strategy_research/wallets/55PB376nxsrBLTZr1UdQSk6M89AxPif6oKmbmZmWq5dr/klines/E6xoDtQRrYp7RGtmNT7M7BNv6WLumhMzVm5qpDQCpump_1m_1777458891_1777461416.json
