wallet,mint,first_buy_tx,first_buy_wallet,first_buy_time,last_sell_time,buy_count,sell_count,total_buy_sol,total_sell_sol,average_buy_price_sol,realized_pnl_sol,realized_roi,holding_seconds,is_closed
55PB376nxsrBLTZr1UdQSk6M89AxPif6oKmbmZmWq5dr,Bfbcto2FuaMaff5gRRZ94VwNEV38PHcps1bzGh5qpump,2Pcayx6sPtYh1WkFbt5vouT6shS9s9cEGKCHTwDZAFULixAZQxCR86r4M2hDzCo5X1Wqh3cDzyRqt8gtGAAsbgpH,55PB376nxsrBLTZr1UdQSk6M89AxPif6oKmbmZmWq5dr,2026-04-28T23:46:53+00:00,2026-04-28T23:47:51+00:00,2,2,1.007381105,1.007722497,0.000000063935,0.000341392,0.000339,58,true
55PB376nxsrBLTZr1UdQSk6M89AxPif6oKmbmZmWq5dr,27iT7jRoGF1mdBmZrqKu2Vk2cTfYxCrk5GBGywWCpump,kJ3baoT32Y3roYfTcv5ScZtUDtr7jV6iJq1cNXj8fv6zYK7nLWHQLgd5sYRvSMUE26EfFpGUH582Cmb6YK9pWf1,55PB376nxsrBLTZr1UdQSk6M89AxPif6oKmbmZmWq5dr,2026-04-28T23:49:39+00:00,2026-04-28T23:50:13+00:00,1,1,0.592078960,0.694928353,0.000000042817,0.102849393,0.173709,34,true
55PB376nxsrBLTZr1UdQSk6M89AxPif6oKmbmZmWq5dr,J9Ex7i2uvkChYbAkUjFXvZADoFe9HDtrMSVYLQxyCxq2,5ajcoYaqfCXGH71JWfXUVg4QxSSspZu4LCaK2UgsvF34rXN8WU5mumer11kqf5CDrrpxVpi6maiEoZN434vr4NS8,55PB376nxsrBLTZr1UdQSk6M89AxPif6oKmbmZmWq5dr,2026-04-28T23:54:55+00:00,2026-04-28T23:56:34+00:00,1,2,0.513039667,1.608838357,0.000000066816,1.095798690,2.135895,99,true
55PB376nxsrBLTZr1UdQSk6M89AxPif6oKmbmZmWq5dr,J4EAgqke6gon9Vt7jxiSFn3gHoTfkMbbkzRBJtETpump,2fp76N6LsEfQwDgM5G4nGNDkQkrcD7TxVTtjg4ooRg5E7f5h74ohvFHXC6U9m5YwVEQ8nfMhZPsWrZ9At4898y9Z,55PB376nxsrBLTZr1UdQSk6M89AxPif6oKmbmZmWq5dr,2026-04-28T23:56:09+00:00,2026-04-28T23:56:22+00:00,1,1,0.594817161,0.530413577,0.000000045976,-0.064403584,-0.108275,13,true
55PB376nxsrBLTZr1UdQSk6M89AxPif6oKmbmZmWq5dr,24tfitMx18YnTCCGE9pgiYc17sdX3AzudkUoSZ2xpump,5bjmK4eA4sDJpKyBLoypHUu48f5Q34FDYrmxAuC4APFEX3CkwaauGEzt6bmCjUTAzqdBZrnSTTfnP7HMCjaVZFS7,55PB376nxsrBLTZr1UdQSk6M89AxPif6oKmbmZmWq5dr,2026-04-28T23:57:22+00:00,2026-04-28T23:58:24+00:00,2,2,1.052313090,1.248928347,0.000000050492,0.196615257,0.186841,62,true
55PB376nxsrBLTZr1UdQSk6M89AxPif6oKmbmZmWq5dr,5y8cUQc42cF3xCGqimEAZSNLxMMW4ic2HMJLn3QApump,26N2CgSAYMNPuHeAcnDwYH2VPEkMF4YZ2hYyMUrBMFQ5WkShXNABnfKAyFwXtQGExpHvWrjqz9CJPqoK484D6dnd,55PB376nxsrBLTZr1UdQSk6M89AxPif6oKmbmZmWq5dr,2026-04-29T00:23:59+00:00,2026-04-29T00:24:21+00:00,1,1,0.500000001,0.194229837,0.000000080278,-0.305770164,-0.611540,22,true
55PB376nxsrBLTZr1UdQSk6M89AxPif6oKmbmZmWq5dr,A81uG5MkBhmgSfZiHxeKGuLM37QFzXpouXCe3rsUpump,4UrCgnDeFa1xoeLLPAbRSV1D3g4kvRt1mQxLgg6f2scFFAUXFSsjwKENhZGii8xYmtpHTvwmTp57rUaeCZQBarwy,55PB376nxsrBLTZr1UdQSk6M89AxPif6oKmbmZmWq5dr,2026-04-29T00:28:42+00:00,2026-04-29T00:28:58+00:00,1,1,0.560993662,0.618406053,0.000000047209,0.057412391,0.102341,16,true
55PB376nxsrBLTZr1UdQSk6M89AxPif6oKmbmZmWq5dr,8tB69L1P5u6AwWx88QBMePF8RPoszsM5mSSLRpJ1VnkC,3sDg814Va3E74ZpzNJJWU5ewzhNcZ6BnHcitvh8jePm4m5MB4KivAW8t8xjtszRt76oWriJUmSJbtuCECWRyVoJM,55PB376nxsrBLTZr1UdQSk6M89AxPif6oKmbmZmWq5dr,2026-04-29T00:31:56+00:00,2026-04-29T00:32:37+00:00,1,1,0.499884850,0.495135942,0.000000046029,-0.004748908,-0.009500,41,true
55PB376nxsrBLTZr1UdQSk6M89AxPif6oKmbmZmWq5dr,kViqKTxKC76p5nQnN84RQWYcmj6wfQWWCxJcVGypump,3yyQP1rRGZ95FDnDC6YETPFGhaWvyrBjH1bLaop9HyLGVdZU9MDbMm7Z9Ap1nZr487ueeGXPtCXxjYTB1SEmwN3F,55PB376nxsrBLTZr1UdQSk6M89AxPif6oKmbmZmWq5dr,2026-04-29T00:33:20+00:00,2026-04-29T00:33:39+00:00,1,1,0.509565741,0.506710171,0.000000031657,-0.002855570,-0.005604,19,true
55PB376nxsrBLTZr1UdQSk6M89AxPif6oKmbmZmWq5dr,YMx8a3ssPPQTbjSEzim5ux4XPPfnUxmngS2zZznpump,4JQVP4jVFSwLYmXKhRBE3SDRxy1hiir46UcjDV5Uagpb71qWje8HMWAmUeKgJERtduT89brYCyVLGNCWLyQMN1f1,55PB376nxsrBLTZr1UdQSk6M89AxPif6oKmbmZmWq5dr,2026-04-29T00:39:02+00:00,2026-04-29T00:39:11+00:00,1,1,0.605176345,0.579333697,0.000000038933,-0.025842648,-0.042703,9,true
55PB376nxsrBLTZr1UdQSk6M89AxPif6oKmbmZmWq5dr,DsbxsrYTMmcnHcRBCeSY7Skwh1hmX59MfFZw8GbyQSgv,H2GqA8EkzopVXqJM3daZLhrithrxbeChh9EfWhk5k44ewVMRbqnh2z7kKEKvLSrnRnqtUCDXBnFxrARNjyKsDe2,55PB376nxsrBLTZr1UdQSk6M89AxPif6oKmbmZmWq5dr,2026-04-29T00:42:30+00:00,2026-04-29T00:45:01+00:00,3,3,1.637176937,1.631516395,0.000000041444,-0.005660542,-0.003458,151,true
55PB376nxsrBLTZr1UdQSk6M89AxPif6oKmbmZmWq5dr,2UqKMszoGDUZHhuUVPvNdBwYtFZbU7p1sX7czC5RqYnp,3q9TWMUH9jNM2rUdHiGGhgaf7mm9B5oA71WUZKBx63CkqhJq6WG9odUJXCGqE9CrqxVFUkxz5cBigpWjJnACR5xt,55PB376nxsrBLTZr1UdQSk6M89AxPif6oKmbmZmWq5dr,2026-04-29T00:44:02+00:00,2026-04-29T00:44:42+00:00,1,1,0.499881648,0.456065799,0.000000031386,-0.043815849,-0.087652,40,true
55PB376nxsrBLTZr1UdQSk6M89AxPif6oKmbmZmWq5dr,A5zRSfdoXu1H38hWqThyVqNgjNkkawuxVSsY6S6Npump,4grjfqcNmVs8cccjDeWauTwwy2dfYvh4NMRYLjms5GGG8HGNJ5awTHFWTwmAjyMNa9CGK9jib34bKaXdXzh3Jbvt,55PB376nxsrBLTZr1UdQSk6M89AxPif6oKmbmZmWq5dr,2026-04-29T00:50:43+00:00,2026-04-29T00:50:46+00:00,1,1,0.594274983,0.405482558,0.000000041106,-0.188792425,-0.317685,3,true
55PB376nxsrBLTZr1UdQSk6M89AxPif6oKmbmZmWq5dr,GkyokDTp5PMKwkGsRgHnNYKCDUEFpEk5ZEByj6ATpump,64JkFDszG5RuSMdAuqmfJe8yi5HqYgmDcmz344UGULc9SoENR9jDo3zPbfrKRn6LVN1giiAM3wN6PCeBNsTZQMQc,55PB376nxsrBLTZr1UdQSk6M89AxPif6oKmbmZmWq5dr,2026-04-29T00:52:42+00:00,2026-04-29T00:54:03+00:00,1,1,0.500000001,0.385316039,0.000000037539,-0.114683962,-0.229368,81,true
55PB376nxsrBLTZr1UdQSk6M89AxPif6oKmbmZmWq5dr,EaDiqtP6CxrRiM6dm19nhURmRS2To9miXEsXF6H4pump,q8UWcw8d4Xkyf7GTuHdL9VrpaTL8c1TmgidC1axqfh1GhZ6JjEE6MdGdGNsdh5JtrC7FCXUCh6CKMFUdbFxUTGL,55PB376nxsrBLTZr1UdQSk6M89AxPif6oKmbmZmWq5dr,2026-04-29T00:53:01+00:00,2026-04-29T00:53:22+00:00,1,1,0.569940858,0.332995805,0.000000048227,-0.236945053,-0.415736,21,true
55PB376nxsrBLTZr1UdQSk6M89AxPif6oKmbmZmWq5dr,6PyTxuJWMHdmsSVghjRGAGW7nyB5h6wjf1Av4qGDpump,2DGf81uZnwj8dBo4pc4EwS3YAHpaBjHMUdq7evGjqDrwt3dtmoQafWSsri4dux62Z3567z3bWyuKKqFitw419aZ1,55PB376nxsrBLTZr1UdQSk6M89AxPif6oKmbmZmWq5dr,2026-04-29T00:54:09+00:00,2026-04-29T00:56:20+00:00,2,2,1.131745258,1.168606598,0.000000050902,0.036861340,0.032570,131,true
55PB376nxsrBLTZr1UdQSk6M89AxPif6oKmbmZmWq5dr,8ECbaMm53dTDGCj8esZ5GZj9LjW6sWkAzDoNZPz4Wvqw,3uDNyNS9oKiGTbsGMPYES1dGeWf3qYcTobT3Xj3T8yFVW9cogzqdoHPEDz58fXJCP4btoG24DmUv93bkcZTYoqQj,55PB376nxsrBLTZr1UdQSk6M89AxPif6oKmbmZmWq5dr,2026-04-29T00:59:37+00:00,2026-04-29T00:59:37+00:00,1,1,0.098289763,0.124129084,0.000000051056,0.025839321,0.262889,0,true
55PB376nxsrBLTZr1UdQSk6M89AxPif6oKmbmZmWq5dr,Eh9mnYDDfoJ94dPy8NcbgLEwGgaN1m9Rzdrd3AYPpump,3J4XM8RQwt8HaQf2iExqnRA5LXr5LciVmM89AEs1xALHQ1HJWLg6UKAwm76UDM3c12Vim5N8YJusSXEKf6aM72po,55PB376nxsrBLTZr1UdQSk6M89AxPif6oKmbmZmWq5dr,2026-04-29T01:33:19+00:00,2026-04-29T01:33:21+00:00,1,1,0.098163011,0.071341966,0.000000039899,-0.026821045,-0.273230,2,true
55PB376nxsrBLTZr1UdQSk6M89AxPif6oKmbmZmWq5dr,SG8qZbHXghYUt8qfXi4qMJhmvihixxpkLaWhMXDpump,47ZKivwprGRD2V65D1RouuxzWgmarasUHrteAdezeHN1Bx17iwo7HddLUa8LCi4PZS1F44F8LXrtfDTj9Pj6rAA7,55PB376nxsrBLTZr1UdQSk6M89AxPif6oKmbmZmWq5dr,2026-04-29T01:34:42+00:00,2026-04-29T01:47:44+00:00,2,2,1.039181462,1.070851186,0.000000083369,0.031669724,0.030476,782,true
55PB376nxsrBLTZr1UdQSk6M89AxPif6oKmbmZmWq5dr,4H9qqQLAKmWLiskHdurP3Tx7bmsS1KEWN5Yo8T2Ypump,xLKsZMC1YLrrYaiwg7w64iY1yWtaayrfB4iESV29tcrbpunYKJfJQga9WFUTvcKKGjU3WTDv7YSAuDJvpYHd3sn,55PB376nxsrBLTZr1UdQSk6M89AxPif6oKmbmZmWq5dr,2026-04-29T01:35:18+00:00,2026-04-29T01:35:37+00:00,1,1,0.466900668,0.314347714,0.000000258713,-0.152552954,-0.326735,19,true
55PB376nxsrBLTZr1UdQSk6M89AxPif6oKmbmZmWq5dr,5RAZMWd9RiKfodLPQ73cFk4CMoJzTUsATUoRdDThpump,22tdZFviB8uaXJ4rKbh49mpLN2Co5ahoepXS533F232e4MPY5bBteVPdpFihvpujj2cRgvqBat1rRoU4VNmn88dx,55PB376nxsrBLTZr1UdQSk6M89AxPif6oKmbmZmWq5dr,2026-04-29T01:37:19+00:00,2026-04-29T01:46:15+00:00,3,3,1.499604639,1.533797356,0.000000045584,0.034192717,0.022801,536,true
55PB376nxsrBLTZr1UdQSk6M89AxPif6oKmbmZmWq5dr,G76fNn6QnTtQCWtGUKA4H9yQ6YNMn4aPSAeQxb9Jpump,3iyR7uNxPKmCBbozf8kjXroQiZAq7FYNp4MJoaahrdgsJ2sjMBBtb62e4kjE5wLapnBfddJ3VGTkweC93K5cujHj,55PB376nxsrBLTZr1UdQSk6M89AxPif6oKmbmZmWq5dr,2026-04-29T01:38:51+00:00,2026-04-29T01:44:49+00:00,1,1,0.499850850,1.178161987,0.000000152276,0.678311137,1.357027,358,true
55PB376nxsrBLTZr1UdQSk6M89AxPif6oKmbmZmWq5dr,CHUGS89iDcdtz14bPY6nKnSQL4DJPTz8y8fLmrBjpump,2o5H1YN36CCXk5g4URy6DB7djjfS32XWJBDfvVu9xG7vvEKF4s67SP2MtvZNCM5huBsnkTab5BdKE2QH85F3dasE,55PB376nxsrBLTZr1UdQSk6M89AxPif6oKmbmZmWq5dr,2026-04-29T01:41:57+00:00,2026-04-29T01:42:09+00:00,1,1,0.502199356,0.314030099,0.000000063198,-0.188169257,-0.374690,12,true
55PB376nxsrBLTZr1UdQSk6M89AxPif6oKmbmZmWq5dr,9zr5VVFzpgUf9wnk2a9bkgdZxNXkPJ7XoJXuBidSpump,2thTKZ4okJWDTxDUfZeMrUyxLcsbdNRp6GytFoCRwkxGBy31Rtz2K8vgbiLLXqQu4ADinKgju39QP3cga6b2mX4q,55PB376nxsrBLTZr1UdQSk6M89AxPif6oKmbmZmWq5dr,2026-04-29T01:43:13+00:00,2026-04-29T01:43:27+00:00,1,1,0.500000001,0.563118426,0.000000054651,0.063118425,0.126237,14,true
55PB376nxsrBLTZr1UdQSk6M89AxPif6oKmbmZmWq5dr,AZcVDsjNw2vXgNn34W7aRF49aRtSeKZT5BAN3V5cpump,67TgxEcuG4SRRLvz1t8AyafWB38qx1oiAaFZzJtcMxfZTjodVwA5y6QDLruCb9TT8gP9hx8bVsbJrhinUNLs83Nn,55PB376nxsrBLTZr1UdQSk6M89AxPif6oKmbmZmWq5dr,2026-04-29T01:44:28+00:00,2026-04-29T01:45:01+00:00,1,1,0.548998332,0.553952177,0.000000045075,0.004953845,0.009023,33,true
55PB376nxsrBLTZr1UdQSk6M89AxPif6oKmbmZmWq5dr,5nYVDeouoW7ahb1svHewcDcRzexezCmWqJdk4PsApump,48wnAnec773KW5iYbjg9pKDZjVC9rmpThexJ1d6woAoGACnBc3iJjJzZCAo8neTwHyEHdqhg4dqkhd1VN8LUaHWx,55PB376nxsrBLTZr1UdQSk6M89AxPif6oKmbmZmWq5dr,2026-04-29T01:47:17+00:00,2026-04-29T01:48:34+00:00,1,1,0.534651896,0.710675012,0.000000074147,0.176023116,0.329229,77,true
55PB376nxsrBLTZr1UdQSk6M89AxPif6oKmbmZmWq5dr,2L33pPAAJkAR23KWv7mR2k2F9KKYhpWt7k2ArwYmpump,3aSdDWKBQNYTw47hbdSK8zwgqqsNJyt8HL9TcUvbsibrQYJTAwcVP56vCvGMk7EiD7ZD9t8Qnt358jyydddnqtJk,55PB376nxsrBLTZr1UdQSk6M89AxPif6oKmbmZmWq5dr,2026-04-29T01:48:02+00:00,2026-04-29T01:48:23+00:00,1,1,0.534735522,0.554625030,0.000000072958,0.019889508,0.037195,21,true
55PB376nxsrBLTZr1UdQSk6M89AxPif6oKmbmZmWq5dr,HqdKyNo2A6852hnYxG8Vfi7jf2n1mgUgBqwBqoUzpump,4ixFhuHB9gC36oS8Fa6Q7G6LMNEt9qW3i76NcwKWVgLXhzB1xbxCwVjdzrXkfe1gAFaiT4PA7YUwW2oEzVFWwGeE,55PB376nxsrBLTZr1UdQSk6M89AxPif6oKmbmZmWq5dr,2026-04-29T01:51:00+00:00,2026-04-29T01:51:47+00:00,1,1,0.500000001,0.570260854,0.000000030308,0.070260853,0.140522,47,true
55PB376nxsrBLTZr1UdQSk6M89AxPif6oKmbmZmWq5dr,ACrkXRxhqapTkNDkz3oZo6mbutTjFAGV2FK81wyWpump,Eh6fYgirm3PWpGdNwUAfk8gz5yDuwD6MHUBgromLodaja7dF5w6tR3q6VkFUeixBHDBhobNDfUR61sLo8ZZdsop,55PB376nxsrBLTZr1UdQSk6M89AxPif6oKmbmZmWq5dr,2026-04-29T01:51:19+00:00,2026-04-29T01:51:34+00:00,1,1,0.500000001,0.326192132,0.000000055338,-0.173807869,-0.347616,15,true
55PB376nxsrBLTZr1UdQSk6M89AxPif6oKmbmZmWq5dr,6sN3E4Dk1ZNn1spRcTvvNbfHsxGyPhTKfuDHrgtVpump,2jY6XYVK8ak8EeCU97s8242xnev5kvDjYeoFeVdQdXbNx3RUMJfwqRkn4Kq49NE3DQd3xq2mBzDX3WatynDLMk4z,55PB376nxsrBLTZr1UdQSk6M89AxPif6oKmbmZmWq5dr,2026-04-29T01:52:44+00:00,2026-04-29T01:56:25+00:00,2,2,1.034033656,1.077003459,0.000000178905,0.042969803,0.041556,221,true
55PB376nxsrBLTZr1UdQSk6M89AxPif6oKmbmZmWq5dr,CexqKHtGaUWToApCmtsZFBcYfje3YLguWAktSzmGpump,4ZuSearzVexoAtV3oyADdzn1571WVcyx6cLDZ5cmR7pbdLtEbdG1o8Gwt5nesV322wGF35gChvCTfRhxNLN94Dgi,55PB376nxsrBLTZr1UdQSk6M89AxPif6oKmbmZmWq5dr,2026-04-29T01:53:26+00:00,2026-04-29T01:54:11+00:00,1,1,0.098499314,0.097748198,0.000000063871,-0.000751116,-0.007626,45,true
55PB376nxsrBLTZr1UdQSk6M89AxPif6oKmbmZmWq5dr,5m1edfdkvw82aXrk3VNoLTz4aqjUhMS1WVig6xdNpump,934Ma2ECVH6vzPvp8GTHdRZEyVPpNQYysfdJF8FL7ZnhJRzhFUKN9d9wQJfwnYQ2k2aHcrx8KTcHdQXkKUmzQUn,55PB376nxsrBLTZr1UdQSk6M89AxPif6oKmbmZmWq5dr,2026-04-29T02:18:24+00:00,2026-04-29T02:19:35+00:00,1,1,0.500065186,0.402434516,0.000000096749,-0.097630670,-0.195236,71,true
55PB376nxsrBLTZr1UdQSk6M89AxPif6oKmbmZmWq5dr,Gt3pUUGrDrHfJuuhaGM119ick4jXzjhf74RGcJAXpump,2A1gBdfBhoxntP2mwKkYw7UoAPkkB7eU65isy9gKHwds5t8MMHjkf6yH7dwPRy7MkW2jjgxq8yT4tBYxLG12cMVN,55PB376nxsrBLTZr1UdQSk6M89AxPif6oKmbmZmWq5dr,2026-04-29T02:19:09+00:00,2026-04-29T02:19:09+00:00,1,1,0.097988030,0.094029005,0.000000079127,-0.003959025,-0.040403,0,true
55PB376nxsrBLTZr1UdQSk6M89AxPif6oKmbmZmWq5dr,HXYZgD8QoE3oGnXAdw1CztmDTDoygbuRU9ALTdX4pump,fGKRciGfcxWUiSRMWRqGSqbbYmMKP8FKAyw17uZrGyS2oTTv6xdiy4zqpQkF1G8rb4xYvTGn6ihNrQjw96g71jB,55PB376nxsrBLTZr1UdQSk6M89AxPif6oKmbmZmWq5dr,2026-04-29T02:21:44+00:00,2026-04-29T02:22:41+00:00,1,1,0.499885881,0.512086863,0.000000092544,0.012200982,0.024408,57,true
55PB376nxsrBLTZr1UdQSk6M89AxPif6oKmbmZmWq5dr,8isjx7oj3fSvtBGqMvA6khNyzVh4uiffTcNciq83pump,35KECiez8Dn1JrU3sfy6FzW8JXf3dwZgE1qEtww19wxEYWEBwEcZCXu9kdQ9jJD5uCwM8uCseBzD6GWoHrAQYkuC,55PB376nxsrBLTZr1UdQSk6M89AxPif6oKmbmZmWq5dr,2026-04-29T02:24:55+00:00,2026-04-29T02:25:34+00:00,1,1,0.499780073,0.495032161,0.000000049158,-0.004747912,-0.009500,39,true
55PB376nxsrBLTZr1UdQSk6M89AxPif6oKmbmZmWq5dr,9ch1JqNxqwKgpQnM3EcsTgF7NG8bF44j37wVyuuspump,4xq8hENmjWTu9CCJc6X2crJRhzhzWDaNSBr97QB1vZ9guNbRYWfU87CmRwSrmLoK6c79BFqEpRgtCEJS95ovRFKg,55PB376nxsrBLTZr1UdQSk6M89AxPif6oKmbmZmWq5dr,2026-04-29T02:25:55+00:00,2026-04-29T02:26:43+00:00,1,1,0.530762182,0.541427068,0.000000032431,0.010664886,0.020094,48,true
55PB376nxsrBLTZr1UdQSk6M89AxPif6oKmbmZmWq5dr,At84qbYHxoUcD4ToYhBvh638sHCKznPWkEqQXLYJAhej,4VEbyN328c7kMJsDcRGZYpmifNrqwC9AUkRx8cd8xSLWznd6JUHG4hXze4r95P1npJxZLS6pa1bkbdWeAm97BhXg,55PB376nxsrBLTZr1UdQSk6M89AxPif6oKmbmZmWq5dr,2026-04-29T02:31:50+00:00,2026-04-29T02:32:00+00:00,1,1,0.500000001,0.298621237,0.000000071164,-0.201378764,-0.402758,10,true
55PB376nxsrBLTZr1UdQSk6M89AxPif6oKmbmZmWq5dr,FTnmGjTcvgf4XEBtA4RY1z7jLXaocDQz5amzoSvApump,4QtzixtVjhVcfxZgKYvFpmB55My2TNkzFsZJatGxjDgiRKc3FGkqkzsUMfiqA7FY4Cqc4PeKGHxNR9aPHznSLZGt,55PB376nxsrBLTZr1UdQSk6M89AxPif6oKmbmZmWq5dr,2026-04-29T02:35:17+00:00,2026-04-29T02:35:39+00:00,1,1,0.568860132,0.400952966,0.000000092904,-0.167907166,-0.295164,22,true
55PB376nxsrBLTZr1UdQSk6M89AxPif6oKmbmZmWq5dr,AhkzD6FjZvFqVCALLjDnUuvgsHqsuCrrTKkVrMyWpump,4mjhFkC6HRt7mYAe6imKRPcHTw55C65XbkotAAR92G2cRTLD5NaydmpvFEBXZGL5AcyH4AVm3fw8wVBZ1XegBKXM,55PB376nxsrBLTZr1UdQSk6M89AxPif6oKmbmZmWq5dr,2026-04-29T02:38:28+00:00,2026-04-29T02:38:33+00:00,1,1,0.098115168,0.070593800,0.000000040823,-0.027521368,-0.280501,5,true
55PB376nxsrBLTZr1UdQSk6M89AxPif6oKmbmZmWq5dr,9uaNxDribD1UC7MUXQogBVdUscQBVHBuCzh5PrJ5pump,3HEe8eWK6vZEZEQGxKSB8XnBNisNzVRpMVwmSHG4Avgj1iwqs5wewHuG3i3dCQt5MeEEGbgdDNzsEEAyGDMWYobr,55PB376nxsrBLTZr1UdQSk6M89AxPif6oKmbmZmWq5dr,2026-04-29T02:39:01+00:00,2026-04-29T02:39:30+00:00,1,1,0.461589800,0.481535763,0.000000114588,0.019945963,0.043211,29,true
55PB376nxsrBLTZr1UdQSk6M89AxPif6oKmbmZmWq5dr,3pbggCjSuDLSB4iQ4v1Uc6HjbMT1hGqBd8AMKNxUpump,2FeydTc3HEzsJuRzk4duavA2nNknUXWi4B4kLNGJJCMn1MAXtFaB4zYLUeWMaJbUGX27Xgj1ztAkYrwH4FEGpsMD,55PB376nxsrBLTZr1UdQSk6M89AxPif6oKmbmZmWq5dr,2026-04-29T02:45:12+00:00,2026-04-29T02:46:23+00:00,1,2,0.579199160,1.548216934,0.000000044559,0.969017774,1.673030,71,true
55PB376nxsrBLTZr1UdQSk6M89AxPif6oKmbmZmWq5dr,BCLadqfnJfa8eighgVSRxVTzf9Wgsaqet73478hppump,4CZu4AVgMz6Az4np9kDvtnjRLaJBMgQNGdm5aHTFz55tf6wCA7xLTyXJsvmqhJbjQQoDghKuLjnmHWWQtuzZzRan,55PB376nxsrBLTZr1UdQSk6M89AxPif6oKmbmZmWq5dr,2026-04-29T02:51:32+00:00,2026-04-29T02:51:41+00:00,1,1,0.510217556,0.365307362,0.000000049115,-0.144910194,-0.284016,9,true
55PB376nxsrBLTZr1UdQSk6M89AxPif6oKmbmZmWq5dr,AiPM2M2pFtQ4RJeWccfrK8iTiXaUwdbNZu46HH2Zpump,3Kh7Q5FbkGpj1BCUGs6ywSPumb4qkYxhKfxR1dvY3z2pwd4K7JNwACuSxCd4QsBxzbQNkrvCy5vFgWKNurN5Pnai,55PB376nxsrBLTZr1UdQSk6M89AxPif6oKmbmZmWq5dr,2026-04-29T02:53:22+00:00,2026-04-29T02:53:47+00:00,1,1,0.553200745,0.373122614,0.000000055193,-0.180078131,-0.325520,25,true
55PB376nxsrBLTZr1UdQSk6M89AxPif6oKmbmZmWq5dr,HYwx4DVjHwW74ZvRhkhFuUEtPNoCxw4DmH45Rfpopump,5bapPJYrkb39GK8nSdC4US1DyNnpC6etQPsh2cZPEgFQqfm5x5h7tD3ykK9h2jvc4VUdg6JS6jvjQ6nBcsjbCvGQ,55PB376nxsrBLTZr1UdQSk6M89AxPif6oKmbmZmWq5dr,2026-04-29T02:57:27+00:00,2026-04-29T02:59:03+00:00,2,2,1.041655356,0.851481407,0.000000080544,-0.190173949,-0.182569,96,true
55PB376nxsrBLTZr1UdQSk6M89AxPif6oKmbmZmWq5dr,2KaLKKUjoFftErGxYAyzocjcvd837yWmBEmjPGFnpump,4dMeLHCyKuyCKbj5b7zFQ8ynQBJLPBnXhrVsWDA83hEXWRXzkZcEadbWGsvQF6zqPWEwKyAjYLH63WbW543avFMk,55PB376nxsrBLTZr1UdQSk6M89AxPif6oKmbmZmWq5dr,2026-04-29T03:00:53+00:00,2026-04-29T03:01:19+00:00,1,1,0.500000001,0.471276711,0.000000053617,-0.028723290,-0.057447,26,true
55PB376nxsrBLTZr1UdQSk6M89AxPif6oKmbmZmWq5dr,BDDumgWwRv5zynmmjxKALavMAHgPh6UocJRQs6Hmpump,gnDxPc8Er4dzh6kgRqcYrzYZE5pPk6CXvgUcNEFryGN7XHVyeoRog883Rty4YNzFFwEBu2LgBY9VqNSsbsC3z2A,55PB376nxsrBLTZr1UdQSk6M89AxPif6oKmbmZmWq5dr,2026-04-29T03:01:55+00:00,2026-04-29T03:03:56+00:00,1,2,0.611290144,1.716360174,0.000000093356,1.105070030,1.807767,121,true
55PB376nxsrBLTZr1UdQSk6M89AxPif6oKmbmZmWq5dr,H6SBg5q554YUFBwh3LqZJgfMxX4eofPdh9RXHFpBpump,3PJFXu8MFGDX7X2YdgwaicvjNWiAm4YV4bhQ5vYU1vXrX9GyeWFmCLTpXpBjNkB8EUZCE5f9aGpNciJKe3d6UEmx,55PB376nxsrBLTZr1UdQSk6M89AxPif6oKmbmZmWq5dr,2026-04-29T03:03:25+00:00,2026-04-29T03:04:34+00:00,1,1,0.605397790,0.910535093,0.000000081408,0.305137303,0.504028,69,true
55PB376nxsrBLTZr1UdQSk6M89AxPif6oKmbmZmWq5dr,2m4zcPCaAjwjRad8iwNJK89WgYkCAB2RvSfhsWbspump,3XSiHwzZNkL5KwyuKRtTdKTKZ5SyLnctguESDPfjrT6midZpMjpnvNuc4wUa6JaUA8bQqrKhrWS5wKQPGx1wJrg8,55PB376nxsrBLTZr1UdQSk6M89AxPif6oKmbmZmWq5dr,2026-04-29T03:08:31+00:00,2026-04-29T03:08:50+00:00,1,1,0.488720117,0.366849374,0.000000080479,-0.121870743,-0.249367,19,true
55PB376nxsrBLTZr1UdQSk6M89AxPif6oKmbmZmWq5dr,3H3kqqdFWLiJ39FP2u1P7Nw3tsTyCMrB4AX5XRX74YWc,4r2XRXz8SQh1wmcBkCm15u7ib5ykMBBY6CwWoHx1J1XpJ9Q3wcaVDwKBBjoY7yjD6b8c2itDtjoosod6UbWTBxqa,55PB376nxsrBLTZr1UdQSk6M89AxPif6oKmbmZmWq5dr,2026-04-29T03:10:03+00:00,2026-04-29T03:12:36+00:00,2,2,1.017711556,0.821262761,0.000000085616,-0.196448795,-0.193030,153,true
55PB376nxsrBLTZr1UdQSk6M89AxPif6oKmbmZmWq5dr,82yiAogGB4nr6JqmwPn1fqKGP59Q7DsEqvkn9zxopump,5oKmTiZ6gsRpHb9awpb3NzakMcqbWV6f7VGfu1pf6ZZKQDnwY2GQYCPi4h49stN4wfF6F3mbHbAMbRWCvfRw6v2v,55PB376nxsrBLTZr1UdQSk6M89AxPif6oKmbmZmWq5dr,2026-04-29T03:12:10+00:00,2026-04-29T03:12:29+00:00,1,1,0.522567385,0.566433309,0.000000040868,0.043865924,0.083943,19,true
55PB376nxsrBLTZr1UdQSk6M89AxPif6oKmbmZmWq5dr,2vDVTKZNE96oJfeXeHQ618BGKS9ud493KReqgKXcpump,2xKx4s4LNKs81sQdJj1LXTrNCg6jwYP7Mnxea8Sn9vNf8E4T7HbgL8Yw8n5NKa8YtauXWAbDoVw7CVDCtGNcQzys,55PB376nxsrBLTZr1UdQSk6M89AxPif6oKmbmZmWq5dr,2026-04-29T03:14:13+00:00,2026-04-29T03:14:36+00:00,1,1,0.522170351,0.511503460,0.000000038125,-0.010666891,-0.020428,23,true
55PB376nxsrBLTZr1UdQSk6M89AxPif6oKmbmZmWq5dr,CPWrXBsW6WgcVXyko8JsVgDRpaSm1xub9s9HGAx8pump,3nMdfSB8DuZWi9RVY5Ra1UqMbVXSswLRHnMpujysW2iTfEFLhEpssmkeSzavr3Xq6214tsWToiDe33zhCfsyWdS4,55PB376nxsrBLTZr1UdQSk6M89AxPif6oKmbmZmWq5dr,2026-04-29T03:14:57+00:00,2026-04-29T03:15:07+00:00,1,1,0.545610779,0.517331686,0.000000038065,-0.028279093,-0.051830,10,true
55PB376nxsrBLTZr1UdQSk6M89AxPif6oKmbmZmWq5dr,vm9z1CxCjgxxevWk1qfYow9SwBw1McM1UoDt3RJpump,5t4vGatVyST2AuSV8TVNo54BgTzYL5CciQnvMajJ21dReykDw87gAuR1VniVYpfYzHzjvbPWP6fzDX3JV8wCSJCF,55PB376nxsrBLTZr1UdQSk6M89AxPif6oKmbmZmWq5dr,2026-04-29T03:16:31+00:00,2026-04-29T03:16:38+00:00,1,1,0.516465966,0.345935280,0.000000046744,-0.170530686,-0.330188,7,true
55PB376nxsrBLTZr1UdQSk6M89AxPif6oKmbmZmWq5dr,DGaWTm2cyRNuwgGpfV1WhFQ4jhpfi6x1HcUNKc8Wpump,65rfpgwyo1L3xohGYdFZ6hLHW56rkRatMgBS7xx25CepuQ8C9DkaSPX6yqMecTxhtK6KJRA4PbwPbMEjRiWqHvb3,55PB376nxsrBLTZr1UdQSk6M89AxPif6oKmbmZmWq5dr,2026-04-29T03:27:40+00:00,2026-04-29T03:28:20+00:00,1,1,0.499811774,0.493564125,0.000000034412,-0.006247649,-0.012500,40,true
55PB376nxsrBLTZr1UdQSk6M89AxPif6oKmbmZmWq5dr,524zXrkbMkoDF8tZSy45PwTNb9pNgvwx5VSdk2R4pump,292LdonVJRe8iUaDyXTVZg8jtH9a2kLS5jHY9CTyDzBSi1uYHYiW9PDuX4GsMEmp8TxZv5kZYJQfzGjUwYqWX6YA,55PB376nxsrBLTZr1UdQSk6M89AxPif6oKmbmZmWq5dr,2026-04-29T03:27:59+00:00,2026-04-29T03:28:37+00:00,1,1,0.516680321,1.023326140,0.000000067814,0.506645819,0.980579,38,true
55PB376nxsrBLTZr1UdQSk6M89AxPif6oKmbmZmWq5dr,eqqewyvQimbTq83juJwT6Gt6FzAqnoikGB9kw4hpump,4iG2Nxt9kcTV9w4uYwp8isDZJcKLNAphoRzAYmZgQQGNCTHwu98juukF6gH5iiuPxmPKobdf6B4Hcse3dBoVnt96,55PB376nxsrBLTZr1UdQSk6M89AxPif6oKmbmZmWq5dr,2026-04-29T03:28:35+00:00,2026-04-29T03:30:54+00:00,3,3,1.527834809,1.290817419,0.000000075473,-0.237017390,-0.155133,139,true
55PB376nxsrBLTZr1UdQSk6M89AxPif6oKmbmZmWq5dr,8TwGaAgqQ9ovYfNwBGBLJbnYqRKmBEQiLNHRBSeTpump,4MFgYbcTCJ5TdiJTWi3mNvgdRy5iXX1cpHqF39rqDWepZBsoq5rqBsrYFdHEzTdEAMbhbKb6dfiXjVmPTmWT6vPH,55PB376nxsrBLTZr1UdQSk6M89AxPif6oKmbmZmWq5dr,2026-04-29T03:31:00+00:00,2026-04-29T03:33:23+00:00,3,3,1.113884697,1.166400452,0.000000068825,0.052515755,0.047146,143,true
55PB376nxsrBLTZr1UdQSk6M89AxPif6oKmbmZmWq5dr,ETe5ER8AYfHAa4zSCWDmu9ZTieqxKAc2yWuNvJqLpump,4rk1ahouuGazPdVsyahcf4XavmPKFxdnPShL6FRgV1A9dprJqgQnu43zCqgFr5G38SPmEXivWsJFBUqdcgZbnFWH,55PB376nxsrBLTZr1UdQSk6M89AxPif6oKmbmZmWq5dr,2026-04-29T03:33:45+00:00,2026-04-29T03:37:32+00:00,4,3,2.094570515,2.169447673,0.000000098291,0.074877158,0.035748,227,false
55PB376nxsrBLTZr1UdQSk6M89AxPif6oKmbmZmWq5dr,14hDBCzrLQJa7kLfmaJoahVNxMG8asYHrUga9jrdpump,5w7EfcY362MPxp4r7YxqxwAF9fZ4iP738eXUWjwvp4WxvT1ufnwg8DePRSCwMhP3u3W4CSYN8KiPbMBqzgCrYZLq,55PB376nxsrBLTZr1UdQSk6M89AxPif6oKmbmZmWq5dr,2026-04-29T03:35:23+00:00,2026-04-29T03:35:49+00:00,1,1,0.499624875,0.443048771,0.000000034633,-0.056576104,-0.113237,26,true
55PB376nxsrBLTZr1UdQSk6M89AxPif6oKmbmZmWq5dr,GwJAwXGGU8oB4ZDqksCe6wQPdNyX2j5xZDXv9qq5pump,1W9QtoCE4Muszpz7B6rCfNKBYbHCPzyFcyRhwGZ6nAvSTT1MUb7fKE9t7oDpioAiYeJWrSSauTykc8HyvxWCz4i,55PB376nxsrBLTZr1UdQSk6M89AxPif6oKmbmZmWq5dr,2026-04-29T03:37:39+00:00,2026-04-29T03:38:00+00:00,1,1,0.500000001,0.497281457,0.000000043379,-0.002718544,-0.005437,21,true
55PB376nxsrBLTZr1UdQSk6M89AxPif6oKmbmZmWq5dr,4tvpDeku9ErHjwa51yAobJH7sVmMuXUChYcnMG1Bpump,3F9TzrBqw9S7A3NmABTtWTjLRL498D3hq6g9SwCasTAnjyAxPHX1JDN6GbPogFfhhs7PxVPMpvwc9h4kmExSiHUN,55PB376nxsrBLTZr1UdQSk6M89AxPif6oKmbmZmWq5dr,2026-04-29T03:43:22+00:00,2026-04-29T03:44:09+00:00,2,2,0.999589067,1.017199736,0.000000041088,0.017610669,0.017618,47,true
55PB376nxsrBLTZr1UdQSk6M89AxPif6oKmbmZmWq5dr,Cw1Bi3VRZtUuHkKqFhgiT5mPduLX6YS6mEaz2hrBpump,4mUjR6oX96mTwwusWbNBR64HerpETmX5tNrZ9cJJj9LUpmv2jvL2sBGmmf4SExuh18h9Wcy9JzE7iw6osVYeUDij,55PB376nxsrBLTZr1UdQSk6M89AxPif6oKmbmZmWq5dr,2026-04-29T03:47:45+00:00,2026-04-29T03:48:30+00:00,1,1,0.500000001,0.498744443,0.000000086467,-0.001255558,-0.002511,45,true
55PB376nxsrBLTZr1UdQSk6M89AxPif6oKmbmZmWq5dr,JEGXcUidPy51rP15JPzdqpLLYJz72qB736rAH59Mpump,2oj331EaYeSqJCAXpJmA7mpWtcuBZ5FfoA6vcdwoGpXhKbWjnSZCV42ZRcEABmNNxdqYk8R7gY7KHvGgYKhnTukK,55PB376nxsrBLTZr1UdQSk6M89AxPif6oKmbmZmWq5dr,2026-04-29T03:50:14+00:00,2026-04-29T03:50:26+00:00,1,1,0.518691034,0.342196001,0.000000072209,-0.176495033,-0.340270,12,true
55PB376nxsrBLTZr1UdQSk6M89AxPif6oKmbmZmWq5dr,81n9oxHutLoQkRvjdn83aaofk8NR7dFVLxcCoDD2pump,3peDsnnXb6TyM76it6EMsyzjjhpkpmhqHztizYtKtGPvNrzAd3SHKzEERQzbtPPXoTTjGs6odsXT9bncGRXp6FEh,55PB376nxsrBLTZr1UdQSk6M89AxPif6oKmbmZmWq5dr,2026-04-29T03:56:51+00:00,2026-04-29T04:00:15+00:00,2,2,1.012419831,0.976254701,0.000000034699,-0.036165130,-0.035721,204,true
55PB376nxsrBLTZr1UdQSk6M89AxPif6oKmbmZmWq5dr,FkkPfxF9yiJKZ1u6VAFDgK7Tn9gxm6V1kMtU8BZipump,5PXfwcBZnypkvC9WHPEa13CC5Ax9UHasmSJT95NdrHcq6HzaTPVMdMfhx61RQQ87qRY9gX7onYNafYnBFLq937xo,55PB376nxsrBLTZr1UdQSk6M89AxPif6oKmbmZmWq5dr,2026-04-29T03:57:18+00:00,2026-04-29T03:57:40+00:00,1,1,0.499905498,0.430930643,0.000000048922,-0.068974855,-0.137976,22,true
55PB376nxsrBLTZr1UdQSk6M89AxPif6oKmbmZmWq5dr,Gj2wMDacswzYG43CgpwCcWRihPhGsLQJf5F11hhvpump,25T89HF9RDTxPLQx83SwhDrbUkFWKQ13Hr4YV76vXecraSHZy53VvHrQcYXjnmPvwyG43y9bswpY1HFcBY9GG7cz,55PB376nxsrBLTZr1UdQSk6M89AxPif6oKmbmZmWq5dr,2026-04-29T03:57:42+00:00,2026-04-29T03:59:11+00:00,1,1,0.499944367,0.623270184,0.000000139728,0.123325817,0.246679,89,true
55PB376nxsrBLTZr1UdQSk6M89AxPif6oKmbmZmWq5dr,DxEjXMRWihmQLztaKDGRSgr1EjH4zkvvPxnoe2Z6pump,2ECxDjZaAiqo3akmeuCXAK6KcTLbsbi43oZBYWS9xNkbexyCaug9ehwweZzKdCAKDKMyUiaj98PvbZDFda1NXWWV,55PB376nxsrBLTZr1UdQSk6M89AxPif6oKmbmZmWq5dr,2026-04-29T04:00:57+00:00,2026-04-29T04:02:18+00:00,2,2,1.031976382,1.333744013,0.000000036682,0.301767631,0.292417,81,true
55PB376nxsrBLTZr1UdQSk6M89AxPif6oKmbmZmWq5dr,75X3YgCpLaEqMTz5TabNX4Mo51mZctaxa8aRbUedpump,3cHNWXuHemHRsb4Qwft5DCtvcE8GHbAJZHW3ZhegNinUrP6Md8sMuGYhqdwetJJoUiyPY1kiWx1dWiHHFhiTzNJM,55PB376nxsrBLTZr1UdQSk6M89AxPif6oKmbmZmWq5dr,2026-04-29T04:17:14+00:00,2026-04-29T04:17:29+00:00,1,1,0.098412279,0.076820501,0.000000061967,-0.021591778,-0.219401,15,true
55PB376nxsrBLTZr1UdQSk6M89AxPif6oKmbmZmWq5dr,2uRdYXZcC6WrsL55aNN3Y22wrT6kHYb3QE3J75F4pump,4xaZ26TKBr6rZR57NigRi87qCiJFVvwjD36aZGHF497gqeYQXxixydpGUvihPeiircMh2DDYavWdkLS5MXq6LB92,55PB376nxsrBLTZr1UdQSk6M89AxPif6oKmbmZmWq5dr,2026-04-29T04:18:20+00:00,2026-04-29T04:24:09+00:00,4,4,1.965882388,2.184666347,0.000000050157,0.218783959,0.111290,349,true
55PB376nxsrBLTZr1UdQSk6M89AxPif6oKmbmZmWq5dr,6pg9DtWC5zC6ueMFb5GGgeNvBHBgh1oEFidwgvLhpump,4E8dYCQu9WqhNPpoyq2KUrH9vT4TszDSBsEGZk98uAXz8N28LGccL8Q4ssjo1Zp7J54YNpz8NVcEwzBzF5TwiXDE,55PB376nxsrBLTZr1UdQSk6M89AxPif6oKmbmZmWq5dr,2026-04-29T04:26:58+00:00,2026-04-29T04:28:00+00:00,1,1,0.547632454,0.590601043,0.000000033013,0.042968589,0.078462,62,true
55PB376nxsrBLTZr1UdQSk6M89AxPif6oKmbmZmWq5dr,FML9ApgKaSCqbC3XUqTdLaTtdGm1BcJWatN7xmBbpump,ScqbUXHKfmHnMnEbyKUcU9UZeBxZqkeF4rDbg7whcycNDroLAbPwoa36SwHwsFhnga5grf9NVEyYJQY3x7hNfBg,55PB376nxsrBLTZr1UdQSk6M89AxPif6oKmbmZmWq5dr,2026-04-29T04:33:55+00:00,2026-04-29T04:34:57+00:00,1,1,0.537015093,0.560643711,0.000000050185,0.023628618,0.044000,62,true
55PB376nxsrBLTZr1UdQSk6M89AxPif6oKmbmZmWq5dr,BBZbQQFu8kkw1rhDVzjkyMXsEvc2JLBZiJeShoNapump,5F69UWEpp1AeB42shvQojUqNFExJSb62vuWk9enFQYmT33tQszvhErAMoifxDPBBQBdkJRCBL1KZc4nZaqW77mDq,55PB376nxsrBLTZr1UdQSk6M89AxPif6oKmbmZmWq5dr,2026-04-29T04:37:56+00:00,2026-04-29T04:38:11+00:00,1,1,0.538903501,0.642176952,0.000000033261,0.103273451,0.191636,15,true
55PB376nxsrBLTZr1UdQSk6M89AxPif6oKmbmZmWq5dr,27sFia5GZfmt44iiDAym8Y2TL2duTewvYAjkLavhpump,yL6ad3nwtoyeEGFXYMBrf9QhpVQnaFRZjoWnJPrhqgtZS1zWiYQv5Zb4uKxPnMHuH5feMvPoXgJfcwPR1ZJwv1U,55PB376nxsrBLTZr1UdQSk6M89AxPif6oKmbmZmWq5dr,2026-04-29T04:39:00+00:00,2026-04-29T04:40:53+00:00,2,2,0.999745776,1.209279393,0.000000062065,0.209533617,0.209587,113,true
55PB376nxsrBLTZr1UdQSk6M89AxPif6oKmbmZmWq5dr,6EYMLZo38gUSnujkokp6KPWQkWoftRKksL7dRc3yMTNG,4wZDSboaAdMztKF8FAQm516i21rgibQVBSdXgimrQbUxV3zE5GJ2KyT9iVuD4qaJdq7HYNoHHBJiFq4WseghkQz4,55PB376nxsrBLTZr1UdQSk6M89AxPif6oKmbmZmWq5dr,2026-04-29T05:01:08+00:00,2026-04-29T05:01:55+00:00,1,1,0.500000001,0.461727266,0.000000038206,-0.038272735,-0.076545,47,true
55PB376nxsrBLTZr1UdQSk6M89AxPif6oKmbmZmWq5dr,H64ap4deX9piTa1kbt6ihjck3KjuHve3MivMrsadpump,5xGQgNfSSTJM6Z93aLziYgjVk1HDGaCXv9aL6uTg37XQDB4EhHhLiSkt7y2wkjqgKQuEq8b9tj4MjiM2hYQZCVB3,55PB376nxsrBLTZr1UdQSk6M89AxPif6oKmbmZmWq5dr,2026-04-29T05:03:31+00:00,2026-04-29T05:04:05+00:00,1,1,0.504424928,0.321942391,0.000000062875,-0.182482537,-0.361764,34,true
55PB376nxsrBLTZr1UdQSk6M89AxPif6oKmbmZmWq5dr,HbUWXrTVCLY8sTydzW6gLu9q2UUCpe77yjni4eZPpump,2vP3QHoBGdPG3exXEMpYGgsJi4xtbEtGgh2vKJaMKvgrBbz9kDoWsJyy8ZsACShUmakmPSUWi1BwPqZRxq2Rwimw,55PB376nxsrBLTZr1UdQSk6M89AxPif6oKmbmZmWq5dr,2026-04-29T05:08:49+00:00,2026-04-29T05:09:03+00:00,1,1,0.499290922,0.487979465,0.000000038670,-0.011311457,-0.022655,14,true
55PB376nxsrBLTZr1UdQSk6M89AxPif6oKmbmZmWq5dr,2Ku7NnBci7sMSLRYV6xpESJFYmg9FTizpX2wTqXopump,2SCtWTzeMKG3rHBd3DiWgKMA6U5wFUR9XLUduSkipH8k1juJJsjaqEt8PactLYL1eSRQVjGyqV7mQfFDcKoS2Wix,55PB376nxsrBLTZr1UdQSk6M89AxPif6oKmbmZmWq5dr,2026-04-29T05:09:30+00:00,2026-04-29T05:09:45+00:00,1,1,0.499881644,0.506357194,0.000000086093,0.006475550,0.012954,15,true
55PB376nxsrBLTZr1UdQSk6M89AxPif6oKmbmZmWq5dr,etxt2AosDxDR5kaKQn4GZoxwWgVXa9CBzUT5fAZpump,4KfJrhqe4LE7vpiT4ByMaPaPZgq9dvpwzwftoXes5t2DHJfzkXEfenJKUH5vVvK1m4Y21DAS821FzxehjysucX9C,55PB376nxsrBLTZr1UdQSk6M89AxPif6oKmbmZmWq5dr,2026-04-29T05:12:08+00:00,2026-04-29T05:12:42+00:00,1,1,0.500000001,0.426447371,0.000000108388,-0.073552630,-0.147105,34,true
55PB376nxsrBLTZr1UdQSk6M89AxPif6oKmbmZmWq5dr,4SGxnG9Asrr2RdSXGcWvJAgzfxaQFnx2w6Zj5pegpump,5gk9Gbo3pvxX9RjmWghqrT9PBkbvXwHPw9txK43sc6PvhdszUUtLkCyfR7Ts7swiJexEgQW5BgsV5HMyKQG6vdnF,55PB376nxsrBLTZr1UdQSk6M89AxPif6oKmbmZmWq5dr,2026-04-29T05:17:50+00:00,2026-04-29T05:18:05+00:00,1,1,0.500000001,0.398082025,0.000000043575,-0.101917976,-0.203836,15,true
55PB376nxsrBLTZr1UdQSk6M89AxPif6oKmbmZmWq5dr,9Gk885sPonJDzUfwoDqQf43nHb4vG22TsMiGEF3ppump,oPHJP8kEGaguvxnZTDoDrVPxmrYTb4ixQUGhCtVs2VPiReMDAu93oWLLVvSYxCDm8VvEXFvT9TC8vuM5HymjMXa,55PB376nxsrBLTZr1UdQSk6M89AxPif6oKmbmZmWq5dr,2026-04-29T05:27:49+00:00,2026-04-29T05:28:14+00:00,1,1,0.538691426,0.392983581,0.000000075826,-0.145707845,-0.270485,25,true
55PB376nxsrBLTZr1UdQSk6M89AxPif6oKmbmZmWq5dr,APF5DgmqmDkmbF21TGJeYd4F7d8hSknyZWPCHphXpump,5hkn5VnCvbwSmNc8LV4GUGv2eHVXuxZqgXcYaL8NJpJ5wjDHS6r6AF4yszhfZu86kv2Tr99sDkGwfyKyDyDREXtu,55PB376nxsrBLTZr1UdQSk6M89AxPif6oKmbmZmWq5dr,2026-04-29T05:29:31+00:00,2026-04-29T05:29:44+00:00,1,1,0.590796683,0.566657024,0.000000046966,-0.024139659,-0.040860,13,true
55PB376nxsrBLTZr1UdQSk6M89AxPif6oKmbmZmWq5dr,ELWxQbrb9FmSUGmxdmrDbjbYqvu5SNM2gn8ThYcspump,423dFTQbVyyZfhuu4G6RXKzFKTBBTDezB9PZ2tSWYHuKCE54byUbM7Lp9KCok6rh7iNpzHbv5wZVVc9MKaiYYitF,55PB376nxsrBLTZr1UdQSk6M89AxPif6oKmbmZmWq5dr,2026-04-29T05:37:18+00:00,2026-04-29T05:37:49+00:00,1,1,0.098407818,0.068492731,0.000000059039,-0.029915087,-0.303991,31,true
55PB376nxsrBLTZr1UdQSk6M89AxPif6oKmbmZmWq5dr,CyAr9fPWPP4YdMoFajbEvNTpxSBaXbDbigauGg4epump,j6Mk97sizZ6CShpfUTA6mNaiya65eugGkgqAvEKZoNMf5x78AuT7FTe5FBt5Truz1ERCwJuUfHszTohgfoKexou,55PB376nxsrBLTZr1UdQSk6M89AxPif6oKmbmZmWq5dr,2026-04-29T05:42:21+00:00,2026-04-29T05:43:12+00:00,1,1,0.500000001,0.502259688,0.000000064741,0.002259687,0.004519,51,true
55PB376nxsrBLTZr1UdQSk6M89AxPif6oKmbmZmWq5dr,6GrGEJ7Z2M2RQpfwjrFmFswPWNmbtHGrr3DHtE1Wpump,3mkgZQbC2RSNgFJkqcfacosXQy7kWMxko9jdgREL5ag1WQqANxxaQ5by6QUWXpKfp3Qt97vxCGr2yD1wHdh3vHiJ,55PB376nxsrBLTZr1UdQSk6M89AxPif6oKmbmZmWq5dr,2026-04-29T05:44:55+00:00,2026-04-29T05:45:33+00:00,1,1,0.452927838,0.447266238,0.000000028625,-0.005661600,-0.012500,38,true
55PB376nxsrBLTZr1UdQSk6M89AxPif6oKmbmZmWq5dr,6i7VSyA3GwPeDgzigdFyK5qJXWARuMxfhEm1p92dpump,5ft6kwMaFYudUrFnyLwUxKU4LZ8zJMxWjdyuJF4Xp9CGTAtAb3qMPicRro1MMgu4VEX3Z2t5mNGkcQvCm4jxA16K,55PB376nxsrBLTZr1UdQSk6M89AxPif6oKmbmZmWq5dr,2026-04-29T05:45:40+00:00,2026-04-29T05:46:21+00:00,1,1,0.500000001,0.738198379,0.000000049368,0.238198378,0.476397,41,true
55PB376nxsrBLTZr1UdQSk6M89AxPif6oKmbmZmWq5dr,5xL9HT3fDAzX3VEsZCX8qEWi3mgemtrgfd544aJgpump,aaQ1uy2T39t85EFy1TLdTGx2d1tRnAN3a9L9CdxZBjUJFfVVp3R82m9Y81KZsRyayJH3vREWTXqc72xkdV6BaaD,55PB376nxsrBLTZr1UdQSk6M89AxPif6oKmbmZmWq5dr,2026-04-29T05:59:26+00:00,2026-04-29T05:59:42+00:00,1,1,0.558357322,0.298784432,0.000000067875,-0.259572890,-0.464887,16,true
55PB376nxsrBLTZr1UdQSk6M89AxPif6oKmbmZmWq5dr,PFVF3TH5uGWnhaM6XNn8CAWXpqrCE2PQiGgGQybpump,9VdcAwZ5TYzXQBGad1E1ra4HQedoH1DBaoA7AYtiZHvvz6nEK9aD3H3bfeb9Xm4rdXDvRJDYTHw5G2bEuFroSXw,55PB376nxsrBLTZr1UdQSk6M89AxPif6oKmbmZmWq5dr,2026-04-29T06:00:11+00:00,2026-04-29T06:00:29+00:00,1,1,0.499921140,0.577927973,0.000000031422,0.078006833,0.156038,18,true
55PB376nxsrBLTZr1UdQSk6M89AxPif6oKmbmZmWq5dr,DaNJ7kvzxFu7c7DG6u1E6s4wMZhJSEa4Ss9ZqKfUpump,3x3YwFPFtsMZNYjQFZbPCHM6fq5nZvsBEbHa21ptsq57P82fLBc4eeknJn3KW2c3HbcV9mfC873B2oCstRJpANot,55PB376nxsrBLTZr1UdQSk6M89AxPif6oKmbmZmWq5dr,2026-04-29T06:05:25+00:00,2026-04-29T06:05:58+00:00,1,1,0.500000001,0.511370380,0.000000033479,0.011370379,0.022741,33,true
55PB376nxsrBLTZr1UdQSk6M89AxPif6oKmbmZmWq5dr,EW9ArqgzzH8U5pu5nMXdajw9nft9hiWMncw11x5cpump,63tyMVRjaAKzmJRAZQEzH9CUfZpC4AQwUBxkMgcHqyiFLkyqdA7MdfpZSNu1P5FHLCcBo7a6dgjZV6QZ9i2j4tXX,55PB376nxsrBLTZr1UdQSk6M89AxPif6oKmbmZmWq5dr,2026-04-29T06:19:03+00:00,2026-04-29T06:20:09+00:00,1,1,0.472977943,0.716515550,0.000000056242,0.243537607,0.514903,66,true
55PB376nxsrBLTZr1UdQSk6M89AxPif6oKmbmZmWq5dr,BP37KtWxxY3smx463XzsS5QvC58RW4tFFbVKRX2Gpump,XPuHN51NWp2QFXUBNz9T77odte761JTRAdyvjgnwe7TYXJvP3owhFYJepktgnfr1DQr1kb4xarteUC5a4QXFMoP,55PB376nxsrBLTZr1UdQSk6M89AxPif6oKmbmZmWq5dr,2026-04-29T06:23:16+00:00,2026-04-29T06:24:32+00:00,1,2,0.098338328,0.277677766,0.000000052952,0.179339438,1.823698,76,true
55PB376nxsrBLTZr1UdQSk6M89AxPif6oKmbmZmWq5dr,8B8HcYv5zktaDKPBN4pvEDgHuutMp585A9mPyTLMpump,46txPbXpmUa8Z3ZAssrzcJ8R5LTdF51cxuD8MjHCAE4F7cCo2wFDg8uzRPcZ15QJb8auRUoCnSyJ1Uo9mc8dgC9s,55PB376nxsrBLTZr1UdQSk6M89AxPif6oKmbmZmWq5dr,2026-04-29T06:32:57+00:00,2026-04-29T06:33:12+00:00,1,1,0.500000001,0.323701978,0.000000055916,-0.176298023,-0.352596,15,true
55PB376nxsrBLTZr1UdQSk6M89AxPif6oKmbmZmWq5dr,EPo6akAM2AiECbMh8q48kVHywyN7RMRmbpeHodKfpump,uwMU1g2tTTGd9B5GrXQeALwTwn7jNh8rpkWCL1pKxZCj8P65jv8BjXT8nqxWKuJc1xUEurRqKdvP5ahxEt7TbYn,55PB376nxsrBLTZr1UdQSk6M89AxPif6oKmbmZmWq5dr,2026-04-29T06:36:25+00:00,2026-04-29T06:40:07+00:00,3,3,1.499538348,1.662797543,0.000000058348,0.163259195,0.108873,222,true
55PB376nxsrBLTZr1UdQSk6M89AxPif6oKmbmZmWq5dr,E4VuwYbTv5RmmqJGQhKdoxUWZzJGNxUXyDcsP73apzJu,3h3rU9LYLwUTYbtopkbjozZLgbUNYhaxE4MPinQWnpcX5W3BtiUaEJDWqSFdQQDinbjnrzPYJgN84T8JDG4dra1,55PB376nxsrBLTZr1UdQSk6M89AxPif6oKmbmZmWq5dr,2026-04-29T06:40:46+00:00,2026-04-29T06:41:02+00:00,1,1,0.098598565,0.141080208,0.000000088287,0.042481643,0.430855,16,true
55PB376nxsrBLTZr1UdQSk6M89AxPif6oKmbmZmWq5dr,F92bdh9DZMGUeASuwXepC2A3Dz8umaGvRgjzJgDypump,42QtpDQQz5NChgwLdpfaCAbE1NyJFweJ9WkqyjqXid1e1Ky1FKWv1REKscScD9LV4BTkPtuweYFWqN1Vr8hxTVwc,55PB376nxsrBLTZr1UdQSk6M89AxPif6oKmbmZmWq5dr,2026-04-29T06:41:23+00:00,2026-04-29T06:41:42+00:00,1,1,0.561624242,0.635804888,0.000000060865,0.074180646,0.132082,19,true
55PB376nxsrBLTZr1UdQSk6M89AxPif6oKmbmZmWq5dr,Fu2Rm5QEf66SjnHLFxKwS3C5WdXiES2LX2hfPAWpump,22ZRajVVZYx1U6KbYghGWtVn7xTSA28hSauUwuSuqWirJpWxuzMC7CzmDuuz7vPy5LxVr8i8Er5hUdaD2PGUtTwP,55PB376nxsrBLTZr1UdQSk6M89AxPif6oKmbmZmWq5dr,2026-04-29T06:47:54+00:00,2026-04-29T06:48:20+00:00,1,1,0.499672784,0.470304322,0.000000044461,-0.029368462,-0.058775,26,true
55PB376nxsrBLTZr1UdQSk6M89AxPif6oKmbmZmWq5dr,GASyGb3FKcUU5atCePcG39QwuLkLiHQ6bub8doEfpump,3CQi7tJGMvUQHRzGPUQtKmsZeUvmSBfGuG2Ywutg8LFgY4M3SFtb5C2VNST9ekM8v83TwnmdDjzbPPD86EyBQZ3Y,55PB376nxsrBLTZr1UdQSk6M89AxPif6oKmbmZmWq5dr,2026-04-29T06:54:23+00:00,2026-04-29T06:55:06+00:00,1,1,0.499925169,0.515208758,0.000000077622,0.015283589,0.030572,43,true
55PB376nxsrBLTZr1UdQSk6M89AxPif6oKmbmZmWq5dr,EAE9oXaQfoZrB4Lofyo13WyiGkWu73VVS9dGZrxhpump,5nR3TyxCdvMcqHN7thQY7WDYZY2vBZYBRHdPwLXiPxwmPcG3NGrRum7DSss6c4qkRMJntHzUwHG9fmgJLwCUuyeH,55PB376nxsrBLTZr1UdQSk6M89AxPif6oKmbmZmWq5dr,2026-04-29T07:00:50+00:00,2026-04-29T07:01:23+00:00,1,1,0.610052851,0.805430557,0.000000054918,0.195377706,0.320264,33,true
55PB376nxsrBLTZr1UdQSk6M89AxPif6oKmbmZmWq5dr,6eZAb5VQBD75KuEMEuUAVfsdnjikVxZmHCggLy4Ppump,3xNApXgjqJDWuNum4MJixvSyxNRp8nbAVb1ANJyCf2U6KVWmCtibWP892EryFEjuwevqcL6PxYGhA1LJu3ZfCkVF,55PB376nxsrBLTZr1UdQSk6M89AxPif6oKmbmZmWq5dr,2026-04-29T07:03:34+00:00,2026-04-29T07:03:56+00:00,1,1,0.571194465,0.581228426,0.000000038722,0.010033961,0.017567,22,true
55PB376nxsrBLTZr1UdQSk6M89AxPif6oKmbmZmWq5dr,7wKewyb1mqbqLWkR2ruJ3Y5bTubi81P8uraanG5Ypump,66NMmyAGLKHXE51oWhLJHhS9CfhQvzLa2Ysr4tK3xi5HPCwkLtnhQ63R85eU8ocNcVDTbeDcp9oVcygXdz1Vhnp,55PB376nxsrBLTZr1UdQSk6M89AxPif6oKmbmZmWq5dr,2026-04-29T07:07:06+00:00,2026-04-29T07:08:03+00:00,1,1,0.500000001,0.238557118,0.000000132644,-0.261442883,-0.522886,57,true
55PB376nxsrBLTZr1UdQSk6M89AxPif6oKmbmZmWq5dr,3a1ovj7dNJ87r4jj93PB2xSaowtnF2YaA8kCy7eSpump,5wjWReCShy5dYBVWazQmXbGBdBTGjvSyGgmiQPXqbADJyuJNh9wTZRohWa3EdmQG3aCgPSps3qg9NW1pDyHLehZi,55PB376nxsrBLTZr1UdQSk6M89AxPif6oKmbmZmWq5dr,2026-04-29T07:08:58+00:00,2026-04-29T07:09:09+00:00,1,1,0.491053464,0.412277575,0.000000090001,-0.078775889,-0.160422,11,true
55PB376nxsrBLTZr1UdQSk6M89AxPif6oKmbmZmWq5dr,88zHjd1LL7pwBjommuMdLrf9yHmH3iwcuFb3ikAvpump,54mLnAkyLQaAE7jBoHPrgCxKKb7itk8jCD8irp9q4R4UkGBbgtYdHbyVyaMd5tWzBTPuQPkDwnVkWaRrKUq8XT3A,55PB376nxsrBLTZr1UdQSk6M89AxPif6oKmbmZmWq5dr,2026-04-29T07:10:43+00:00,2026-04-29T07:11:47+00:00,1,1,0.499482748,0.461447363,0.000000078867,-0.038035385,-0.076150,64,true
55PB376nxsrBLTZr1UdQSk6M89AxPif6oKmbmZmWq5dr,CaTc99L3DGKQaCDicYAjpWZdvbsiygZN4omPAZhmpump,RAitganaAZBKDCShJqPqrwqKkct76T4cfPwXs1jULh2ShXE26EW6f8Ctn1fn4nSumZoFFq6f5MURkpTFVcaDGPX,55PB376nxsrBLTZr1UdQSk6M89AxPif6oKmbmZmWq5dr,2026-04-29T07:13:48+00:00,2026-04-29T07:14:28+00:00,1,1,0.500000001,0.549508665,0.000000037477,0.049508664,0.099017,40,true
55PB376nxsrBLTZr1UdQSk6M89AxPif6oKmbmZmWq5dr,7ZVztNusCidFiHuscBFz7dAygHogBRfcJVMR3aGkpump,MLmSS5BVMk2Rpj4QDd2A2X12bx4NxZj37gwB2oEmBCwR9oFQ7XgrSb3rv5hkgMBkeDu59E48ugDNp1zCyD9bVi3,55PB376nxsrBLTZr1UdQSk6M89AxPif6oKmbmZmWq5dr,2026-04-29T07:14:41+00:00,2026-04-29T07:15:57+00:00,1,1,0.500000001,0.513754081,0.000000169253,0.013754080,0.027508,76,true
55PB376nxsrBLTZr1UdQSk6M89AxPif6oKmbmZmWq5dr,SEbDZ4TRfKUvWxPm7fRxQinWNWJSAFEWeHCz2Kapump,39zkkTNnBsUDeo3EPdtPhLhMWMTXzboCi32hJjeCemEPTyK3TzwC7KxXmHoH5K8PJLz2v4w6YTC4o6NhJfADaZP5,55PB376nxsrBLTZr1UdQSk6M89AxPif6oKmbmZmWq5dr,2026-04-29T07:19:59+00:00,2026-04-29T07:21:23+00:00,1,1,0.500000001,0.586255075,0.000000102769,0.086255074,0.172510,84,true
55PB376nxsrBLTZr1UdQSk6M89AxPif6oKmbmZmWq5dr,tjn8grxUZug5xn5VswjweXGzfrZYNjwX7JWWXF3pump,4ySjUY8AZXUM3QUmriPW8NGtp1wn11V1Kdg71tkfZWxKsogMGyWjfV14FhD4z131R6acdJdV1nQ7EdD33G6mhdEm,55PB376nxsrBLTZr1UdQSk6M89AxPif6oKmbmZmWq5dr,2026-04-29T07:37:33+00:00,2026-04-29T07:38:06+00:00,1,1,0.499635149,0.491559337,0.000000081520,-0.008075812,-0.016163,33,true
55PB376nxsrBLTZr1UdQSk6M89AxPif6oKmbmZmWq5dr,98d1zQZStVJEKeTnxnsamTE2EVRyPtLV23WcZvHTpump,37c7m1VQ5YXaUW7d4HaQMek4vC8BsERYZ7d5iiP5K5DxXyr5aFAphxnNVWaKMy6Raf31cHEWU1nHYv5v5y3WXFZE,55PB376nxsrBLTZr1UdQSk6M89AxPif6oKmbmZmWq5dr,2026-04-29T07:43:18+00:00,2026-04-29T07:43:45+00:00,1,1,0.555127523,0.542697586,0.000000042209,-0.012429937,-0.022391,27,true
55PB376nxsrBLTZr1UdQSk6M89AxPif6oKmbmZmWq5dr,DLeaRYKbquAHyDv6kAz7teAnojNnmpjeD8t1ijh1pump,32qN8fyueTcSVGwJ1qJXvmZqZ965HD6myux3d6gSXmdDtvW6nuUABXhwKgbGguBQN2P8yAojsEpkVcv67UwZpa3M,55PB376nxsrBLTZr1UdQSk6M89AxPif6oKmbmZmWq5dr,2026-04-29T08:36:57+00:00,2026-04-29T08:37:40+00:00,1,1,0.552466849,0.466175782,0.000000052536,-0.086291067,-0.156192,43,true
55PB376nxsrBLTZr1UdQSk6M89AxPif6oKmbmZmWq5dr,3x8PdworsRHX6TxSFwancm48KaFnmcqw3r15f5Gwpump,2eJCGMTcSPtnVzmjTFyF9bUtRPDiuWHpQruJ7Hsep2Tirbkk5pAfRqBRwmshEPddEP1JumajpS1GkeDzmYp6ps1u,55PB376nxsrBLTZr1UdQSk6M89AxPif6oKmbmZmWq5dr,2026-04-29T08:44:56+00:00,2026-04-29T08:45:11+00:00,1,1,0.500000001,0.420559701,0.000000059207,-0.079440300,-0.158881,15,true
55PB376nxsrBLTZr1UdQSk6M89AxPif6oKmbmZmWq5dr,BX4eMWGB2P1GWwzT3f9Egt8KiNcfhgGPE8geJcpXpump,41RFitzNFbXmvcrEDU71h27rDwEC4BXH8wNookxFNMfoi9dkH7WpMoUDdzPcHsAQJVxCqvGEpUgJQsp3hnLap68z,55PB376nxsrBLTZr1UdQSk6M89AxPif6oKmbmZmWq5dr,2026-04-29T08:47:15+00:00,2026-04-29T08:47:37+00:00,1,1,0.500000001,0.297833282,0.000000078865,-0.202166719,-0.404333,22,true
55PB376nxsrBLTZr1UdQSk6M89AxPif6oKmbmZmWq5dr,E99TXmhG9ppHzm17eKkruMmA7rVfQePqoeHipUJppump,2FYdbqLRB5qPbdeJCyHKa8BLrNg43eXiHBTBEckp7RfNuu3nthG3KS1pcTLbZzSVGiF24i5przJBdCbfxZ7Qgydu,55PB376nxsrBLTZr1UdQSk6M89AxPif6oKmbmZmWq5dr,2026-04-29T08:48:30+00:00,2026-04-29T08:48:36+00:00,1,1,0.540997324,0.461356867,0.000000076766,-0.079640457,-0.147210,6,true
55PB376nxsrBLTZr1UdQSk6M89AxPif6oKmbmZmWq5dr,5eMXSW5rDTBCU3ZEiGaTeeesTqM7FPNg1KcS3krNpump,3S5tSX9cNXuqSzdxeWgk6Hpud8ub6zV66Rsp3hYYMYT8vH5mY4bPK52WguKzkiGjFS1yiLuRXdD2UFEjwcPx7Sf7,55PB376nxsrBLTZr1UdQSk6M89AxPif6oKmbmZmWq5dr,2026-04-29T08:57:34+00:00,2026-04-29T08:59:06+00:00,1,2,0.522024108,1.634771726,0.000000063304,1.112747618,2.131602,92,true
55PB376nxsrBLTZr1UdQSk6M89AxPif6oKmbmZmWq5dr,9EZW54MXnwR5pbFBLEeEtP68AyLpBMiMNcqVjgYspump,GdqJxR9tMapW8382mtHKxZdi5PXk4gdsMmHYEkE6n75iaqvHP3GNugDmALbEBNQx45g9oK4B8ZyxkWgujGuNtsW,55PB376nxsrBLTZr1UdQSk6M89AxPif6oKmbmZmWq5dr,2026-04-29T09:02:41+00:00,2026-04-29T09:04:48+00:00,2,2,0.999777070,1.583272428,0.000000069620,0.583495358,0.583625,127,true
55PB376nxsrBLTZr1UdQSk6M89AxPif6oKmbmZmWq5dr,DuuZid3VsVNzNUiJvxx1sEnr9rM2QirNVr9r8A58pump,rYC23BnKhTtT7USu4ffXmQSHSEmKCCZz17rWJZzCBRwfRYv5QC1EzoUNbHqiodh4dHzgJRGVSo6vgfjdQBCXjMs,55PB376nxsrBLTZr1UdQSk6M89AxPif6oKmbmZmWq5dr,2026-04-29T09:08:02+00:00,2026-04-29T09:08:43+00:00,1,1,0.607133425,0.631782940,0.000000075602,0.024649515,0.040600,41,true
55PB376nxsrBLTZr1UdQSk6M89AxPif6oKmbmZmWq5dr,9LdQTLF47JL1X3gwGcqZuBBPqE5qAyNhenmJYxDppump,2EtEKTGHPfLMhBxJw4U4oyEF5cv1NHJrwUWvFiDC4XmbmVWzWbzaxDPuUgWcsJG5hFBu1xdcwpcx3ViesabNnem6,55PB376nxsrBLTZr1UdQSk6M89AxPif6oKmbmZmWq5dr,2026-04-29T09:08:22+00:00,2026-04-29T09:10:48+00:00,3,3,1.553215995,1.547751849,0.000000083181,-0.005464146,-0.003518,146,true
55PB376nxsrBLTZr1UdQSk6M89AxPif6oKmbmZmWq5dr,BFQbT1xeg7N9vGwC5cjQgN8F8MzgC3w1hv3k9tGypump,AufPMrp5pUsh2FuK3imx8UTgdbaAyHsgQFrU3hgJ6qK33NUn5B3Lnctq59pPBooXyQRhdeguabWhWWRZPb2Mfpa,55PB376nxsrBLTZr1UdQSk6M89AxPif6oKmbmZmWq5dr,2026-04-29T09:16:37+00:00,2026-04-29T09:16:50+00:00,1,1,0.551611935,0.593294046,0.000000052180,0.041682111,0.075564,13,true
55PB376nxsrBLTZr1UdQSk6M89AxPif6oKmbmZmWq5dr,DZQKJPbkx7xZK68CKkQy3hzUfaoELkTCEq4n2uGWpump,2MgAgGBupNW8A9HAhABicr8tA3i1La9xcuYFspAcCg353S37jTnF5jjA26b9XGPqBP3dU9q8r8tSVkV6feP54W24,55PB376nxsrBLTZr1UdQSk6M89AxPif6oKmbmZmWq5dr,2026-04-29T09:20:58+00:00,2026-04-29T09:21:39+00:00,1,1,0.499679343,0.493433349,0.000000048139,-0.006245994,-0.012500,41,true
55PB376nxsrBLTZr1UdQSk6M89AxPif6oKmbmZmWq5dr,7b6gLvyhHViprRso1weiaGLqazsKbsYiYsXuwAAKpump,3emHHiGHebJAiCU7LaG9frR6zrkzkybrNXtLRCHTieyZSZSfCzqEa6Pf1JAHENdY3xjB9aX2g9Gh9byNWYzpRFVk,55PB376nxsrBLTZr1UdQSk6M89AxPif6oKmbmZmWq5dr,2026-04-29T09:21:44+00:00,2026-04-29T09:22:00+00:00,1,1,0.499919119,0.482244263,0.000000066549,-0.017674856,-0.035355,16,true
55PB376nxsrBLTZr1UdQSk6M89AxPif6oKmbmZmWq5dr,HS1Vh4K1rpXLAw2RUNx8MCjWb9arnE6qQnXyBZ47pump,3rPGNTW9YeAnCBZutRM5VTnGvUNFm6VnTh5Hd9bP5aYLHVsnnpki5ygjPDRotx3xjggeFZdqaQa8Mr79kDuvkw77,55PB376nxsrBLTZr1UdQSk6M89AxPif6oKmbmZmWq5dr,2026-04-29T09:25:59+00:00,2026-04-29T09:30:19+00:00,1,1,0.500000001,0.771938148,0.000000119732,0.271938147,0.543876,260,true
55PB376nxsrBLTZr1UdQSk6M89AxPif6oKmbmZmWq5dr,Gcn2k5fFT17WbpZCR7WDDQYXJ8pd1SazbCLMzS7Dpump,3SLvFEgUjXoonkqHvz141BpMsu2moLuAMLdMGJRwiXH8hVyitSz7MnzdjCYXxu8pryMExyE9gSDiiHyBeRQz63Vm,55PB376nxsrBLTZr1UdQSk6M89AxPif6oKmbmZmWq5dr,2026-04-29T09:27:34+00:00,2026-04-29T09:27:54+00:00,1,1,0.499717024,0.448123673,0.000000079693,-0.051593351,-0.103245,20,true
55PB376nxsrBLTZr1UdQSk6M89AxPif6oKmbmZmWq5dr,8jdhqDAWL3xJ9AK4tbuLU9ui1zf9D3oGPxEtWZ4vpump,2vCAmyVUDjHAvf2ZMUESkbQ8itVutYBZ8ocVHgPgN7a6RQUytqq2fJCTaGu1tPrwJrvrMG3fxbs6CHEUvrGanaAU,55PB376nxsrBLTZr1UdQSk6M89AxPif6oKmbmZmWq5dr,2026-04-29T09:28:08+00:00,2026-04-29T09:28:15+00:00,1,1,0.499632705,0.421215482,0.000000036104,-0.078417223,-0.156950,7,true
55PB376nxsrBLTZr1UdQSk6M89AxPif6oKmbmZmWq5dr,3Xps1UwWmHFLv9R29reKoV8hCAbFD6DxZk3Xjckopump,62aWJ5UEAksauS6tcfFkL9Sob51dq5QgSTr37KHYStMZfgYPMSWHagrwPTFihotcZHdhVbBBJj6v6x36W4Ep9iCo,55PB376nxsrBLTZr1UdQSk6M89AxPif6oKmbmZmWq5dr,2026-04-29T09:39:03+00:00,2026-04-29T09:39:45+00:00,1,1,0.499922767,0.549734258,0.000000038100,0.049811491,0.099638,42,true
55PB376nxsrBLTZr1UdQSk6M89AxPif6oKmbmZmWq5dr,3R82c9xNofKmbAaW7WbeaHc4KWNgWL5nnvQvxYxQpump,NZn8pV8y4tTNgn7CaMPw9sgJLQ5Hu3jCYqWRLHAswGwD7JJUcTR7VM98Xk1pEN5kndbA9uRpvX7RxkmDgvsBjxK,55PB376nxsrBLTZr1UdQSk6M89AxPif6oKmbmZmWq5dr,2026-04-29T09:43:38+00:00,2026-04-29T09:44:02+00:00,1,1,0.494731681,0.338212745,0.000000045173,-0.156518936,-0.316371,24,true
55PB376nxsrBLTZr1UdQSk6M89AxPif6oKmbmZmWq5dr,4eoAmGt465BphcZhyky68EuGu8AwTVXfkiYpGeo1pump,31hAse8A7N4WfBz1hBAf2JFVq2BJNbSQBC8kRzPoz9Vy6jPHouDrZHFFAQcfqZ9PGf5XegUkEgrBNNEiTDw1mAYU,55PB376nxsrBLTZr1UdQSk6M89AxPif6oKmbmZmWq5dr,2026-04-29T09:43:59+00:00,2026-04-29T09:51:07+00:00,4,4,2.018096341,1.889535786,0.000000055608,-0.128560555,-0.063704,428,true
55PB376nxsrBLTZr1UdQSk6M89AxPif6oKmbmZmWq5dr,FK8NdVVYAMxGu3yGwCNeWh3gcyDeDtL7XoFLDsVvpump,34wbgto1TV1SVmAZPuGSeK44D93J7GmbFNq5uc4rEnee9sPqcHtPfTsCmP5zJDCPiCfTr24GmkLU9vZzaZxArx1q,55PB376nxsrBLTZr1UdQSk6M89AxPif6oKmbmZmWq5dr,2026-04-29T09:48:00+00:00,2026-04-29T09:48:47+00:00,1,1,0.500000001,0.540436951,0.000000046285,0.040436950,0.080874,47,true
55PB376nxsrBLTZr1UdQSk6M89AxPif6oKmbmZmWq5dr,BEFGTBRvCvnoTAqsXC98EvFyBjza5tVxtMsKfFRBpump,3YoEGeMh7ZuSzZRzYCs8A4bvSKX1kHDcqmS89iYJ2jGAQSM6t1B93y1UMpNUv4N5QAgZCCQjGhNTJ5WwWJyi8Qnu,55PB376nxsrBLTZr1UdQSk6M89AxPif6oKmbmZmWq5dr,2026-04-29T09:49:01+00:00,2026-04-29T09:50:15+00:00,1,1,0.638001701,0.927455953,0.000000069184,0.289454252,0.453689,74,true
55PB376nxsrBLTZr1UdQSk6M89AxPif6oKmbmZmWq5dr,ATw5RFWAhbp9FSsVz7HK6dt6zVaGXuqYEnTupBWPpump,3ET2W1xaXihSf5QASbQEQAaU5PQ42dwKjNYxXh7bmVM4QSaRx298uyMXepKMTJ4nt3nuYBva2AKJA45a6EaPkBKF,55PB376nxsrBLTZr1UdQSk6M89AxPif6oKmbmZmWq5dr,2026-04-29T10:05:52+00:00,2026-04-29T10:07:27+00:00,1,1,0.502162526,0.596586251,0.000000175612,0.094423725,0.188034,95,true
55PB376nxsrBLTZr1UdQSk6M89AxPif6oKmbmZmWq5dr,2MNaTukcJbkMvV1uM9iGwcSck9XS2tyFT3BfkTXjpump,5BRMydjAzB7BjjB7Ap4qnjgdh9KtzfsDH1wb8bN341szLdewLzVyiJhbD6TZAGEMgSZZnDRBnTXzmkKuMURbfrUv,55PB376nxsrBLTZr1UdQSk6M89AxPif6oKmbmZmWq5dr,2026-04-29T10:08:12+00:00,2026-04-29T10:08:32+00:00,1,1,0.499614912,0.461543587,0.000000032889,-0.038071325,-0.076201,20,true
55PB376nxsrBLTZr1UdQSk6M89AxPif6oKmbmZmWq5dr,JBLNPDbZvJNXKfSWqoXvCnBkvoWyhZr7Jd1KZHwWpump,4R1DjBh7AtdeB4oNHrxQ9dJJ3FCJQVb91Y8iCyUC1ECKkGnKa3SnP7t6UYofmoET6uYkhKjKw9UFpoNnXHayMeRc,55PB376nxsrBLTZr1UdQSk6M89AxPif6oKmbmZmWq5dr,2026-04-29T10:10:32+00:00,2026-04-29T10:11:06+00:00,1,1,0.484014252,0.345308492,0.000000187250,-0.138705760,-0.286574,34,true
55PB376nxsrBLTZr1UdQSk6M89AxPif6oKmbmZmWq5dr,3Ky1XiMUJSa253EuG4pm6K4rLqRdACLfJynDRCqKpump,2ZAHLVjCSXHyQPCm974VerGU2VvVtAFcWnnGESC4xQdG5SkwuDQ9NF6hVpeQpj8WUwNrHDbetuGLyp7RFuc8zmfB,55PB376nxsrBLTZr1UdQSk6M89AxPif6oKmbmZmWq5dr,2026-04-29T10:12:32+00:00,2026-04-29T10:12:40+00:00,1,1,0.499879381,0.325141951,0.000000119022,-0.174737430,-0.349559,8,true
55PB376nxsrBLTZr1UdQSk6M89AxPif6oKmbmZmWq5dr,36rurryfBXL8n5vfokRTocLvyxnoE1qugf8f39ZYpump,4BoHi51RV2ACK5NHQvS5PGzRuSt3TRiGXdwMW2hc6bEenuQB893634hDbGfxrUjcRGVJpK3dQWty5qxyy9q5nb9h,55PB376nxsrBLTZr1UdQSk6M89AxPif6oKmbmZmWq5dr,2026-04-29T10:17:35+00:00,2026-04-29T10:17:40+00:00,1,1,0.494450588,0.338968131,0.000000166049,-0.155482457,-0.314455,5,true
55PB376nxsrBLTZr1UdQSk6M89AxPif6oKmbmZmWq5dr,2rUxzz58pVQz6KHT2NfHcxtdK6vdaXZaQgM58FJapump,2UhJpcVjBnibgp5i8za2Hq3bqhZeYTKdP8k4LyS6yy4dN1p2f6fkj2WFfrzqfsn1CrcsTYRXuuadDVqj5c43HUEG,55PB376nxsrBLTZr1UdQSk6M89AxPif6oKmbmZmWq5dr,2026-04-29T10:25:16+00:00,2026-04-29T10:25:38+00:00,1,1,0.503955048,0.375659421,0.000000109884,-0.128295627,-0.254578,22,true
55PB376nxsrBLTZr1UdQSk6M89AxPif6oKmbmZmWq5dr,EtAqs7SjR5cp5wgRujYVmZhnb9dRoFJVwbEisHKypump,tqRWAgxbxvBqgsscCnw6LEHNAPjnYPmdFudAzWWYcvtJXn45mAK9eStNU1eNacZyFXr4Y35CibYaZBtdvUP5arr,55PB376nxsrBLTZr1UdQSk6M89AxPif6oKmbmZmWq5dr,2026-04-29T10:42:31+00:00,2026-04-29T10:42:58+00:00,1,1,0.484641688,0.545235616,0.000000080632,0.060593928,0.125028,27,true
55PB376nxsrBLTZr1UdQSk6M89AxPif6oKmbmZmWq5dr,Gu8aoaTcmxyyT9FKtQkfddrvW7HwXJRRcgDLhAn2pump,434k1YwfGXRjCu5Fjyxq816zrmqVxehwGmuotwWpSowpEgDWD8KxGyoF5V3DFLjc2zM6u1Te5hGKMFq5ZQKJHdZZ,55PB376nxsrBLTZr1UdQSk6M89AxPif6oKmbmZmWq5dr,2026-04-29T10:43:34+00:00,2026-04-29T10:43:44+00:00,1,1,0.499925415,0.448089158,0.000000076591,-0.051836257,-0.103688,10,true
55PB376nxsrBLTZr1UdQSk6M89AxPif6oKmbmZmWq5dr,28uAqq1hGrh8tqmT8j9MD6FbzMxeMZgfywysNnuhpump,4higcCk7cjDf8K24onL5pSrpXoC8FVix3DvZZuCWsyj5y28owqWbsXhtTZfMbixezHh5bgwauhAwpoFdjsjxkgtH,55PB376nxsrBLTZr1UdQSk6M89AxPif6oKmbmZmWq5dr,2026-04-29T10:46:13+00:00,2026-04-29T10:47:25+00:00,1,1,0.485226478,0.333308462,0.000000117825,-0.151918016,-0.313087,72,true
55PB376nxsrBLTZr1UdQSk6M89AxPif6oKmbmZmWq5dr,DiqmbYhdd7HoytAabr5AQdTBrB8DMTupgukE2ZHEpump,4CWkovCjGx1JLZPhFzvSsCcnCZ7cEqz2oCcuaXkEojDNGCLunxFUhQAdW18BWKMHpi2UCxeZdYjo4S3kZt89Virf,55PB376nxsrBLTZr1UdQSk6M89AxPif6oKmbmZmWq5dr,2026-04-29T10:47:08+00:00,2026-04-29T10:47:38+00:00,1,1,0.499254564,0.479308249,0.000000100029,-0.019946315,-0.039952,30,true
55PB376nxsrBLTZr1UdQSk6M89AxPif6oKmbmZmWq5dr,E6xoDtQRrYp7RGtmNT7M7BNv6WLumhMzVm5qpDQCpump,39vb8qLHms7eYHg2RxuxAh67FuAyBGTYbUggaFZPCB2cYenpBDTLCtxwLcSfVH9DZaXniMqnp3HbWrZQBky6r6MS,55PB376nxsrBLTZr1UdQSk6M89AxPif6oKmbmZmWq5dr,2026-04-29T10:54:51+00:00,2026-04-29T10:56:56+00:00,3,3,1.504949941,1.447326883,0.000000082843,-0.057623058,-0.038289,125,true
55PB376nxsrBLTZr1UdQSk6M89AxPif6oKmbmZmWq5dr,9hFD9NVhKZub5kPQaU7gZmcqT1QZPtpeukKtQ3oApump,32ZqiqTq57uSWoYEZdmQfU79QUKZE3Mw5r8Gq7EC89qxcTRWcDQA7vA7JyFR5t64BZfyLcRUsCLBQigbodHBgq3U,55PB376nxsrBLTZr1UdQSk6M89AxPif6oKmbmZmWq5dr,2026-04-29T10:58:36+00:00,,1,0,0.499691400,-0.000000000,0.000000083875,-0.499691400,-1.000000,,false
