wallet,mint,sample_group,first_buy_tx,first_buy_time,last_sell_time,realized_pnl_sol,realized_roi,holding_seconds,kline_file,exclude_reason
55PB376nxsrBLTZr1UdQSk6M89AxPif6oKmbmZmWq5dr,G76fNn6QnTtQCWtGUKA4H9yQ6YNMn4aPSAeQxb9Jpump,profit,3iyR7uNxPKmCBbozf8kjXroQiZAq7FYNp4MJoaahrdgsJ2sjMBBtb62e4kjE5wLapnBfddJ3VGTkweC93K5cujHj,2026-04-29T01:38:51+00:00,2026-04-29T01:44:49+00:00,0.678311137,1.357027,358,data/strategy_research/wallets/55PB376nxsrBLTZr1UdQSk6M89AxPif6oKmbmZmWq5dr/klines/G76fNn6QnTtQCWtGUKA4H9yQ6YNMn4aPSAeQxb9Jpump_1m_1777425531_1777428289.json,
55PB376nxsrBLTZr1UdQSk6M89AxPif6oKmbmZmWq5dr,9zr5VVFzpgUf9wnk2a9bkgdZxNXkPJ7XoJXuBidSpump,profit,2thTKZ4okJWDTxDUfZeMrUyxLcsbdNRp6GytFoCRwkxGBy31Rtz2K8vgbiLLXqQu4ADinKgju39QP3cga6b2mX4q,2026-04-29T01:43:13+00:00,2026-04-29T01:43:27+00:00,0.063118425,0.126237,14,data/strategy_research/wallets/55PB376nxsrBLTZr1UdQSk6M89AxPif6oKmbmZmWq5dr/klines/9zr5VVFzpgUf9wnk2a9bkgdZxNXkPJ7XoJXuBidSpump_1m_1777425793_1777428207.json,
55PB376nxsrBLTZr1UdQSk6M89AxPif6oKmbmZmWq5dr,AZcVDsjNw2vXgNn34W7aRF49aRtSeKZT5BAN3V5cpump,profit,67TgxEcuG4SRRLvz1t8AyafWB38qx1oiAaFZzJtcMxfZTjodVwA5y6QDLruCb9TT8gP9hx8bVsbJrhinUNLs83Nn,2026-04-29T01:44:28+00:00,2026-04-29T01:45:01+00:00,0.004953845,0.009023,33,data/strategy_research/wallets/55PB376nxsrBLTZr1UdQSk6M89AxPif6oKmbmZmWq5dr/klines/AZcVDsjNw2vXgNn34W7aRF49aRtSeKZT5BAN3V5cpump_1m_1777425868_1777428301.json,
55PB376nxsrBLTZr1UdQSk6M89AxPif6oKmbmZmWq5dr,5nYVDeouoW7ahb1svHewcDcRzexezCmWqJdk4PsApump,profit,48wnAnec773KW5iYbjg9pKDZjVC9rmpThexJ1d6woAoGACnBc3iJjJzZCAo8neTwHyEHdqhg4dqkhd1VN8LUaHWx,2026-04-29T01:47:17+00:00,2026-04-29T01:48:34+00:00,0.176023116,0.329229,77,data/strategy_research/wallets/55PB376nxsrBLTZr1UdQSk6M89AxPif6oKmbmZmWq5dr/klines/5nYVDeouoW7ahb1svHewcDcRzexezCmWqJdk4PsApump_1m_1777426037_1777428514.json,
55PB376nxsrBLTZr1UdQSk6M89AxPif6oKmbmZmWq5dr,2L33pPAAJkAR23KWv7mR2k2F9KKYhpWt7k2ArwYmpump,profit,3aSdDWKBQNYTw47hbdSK8zwgqqsNJyt8HL9TcUvbsibrQYJTAwcVP56vCvGMk7EiD7ZD9t8Qnt358jyydddnqtJk,2026-04-29T01:48:02+00:00,2026-04-29T01:48:23+00:00,0.019889508,0.037195,21,data/strategy_research/wallets/55PB376nxsrBLTZr1UdQSk6M89AxPif6oKmbmZmWq5dr/klines/2L33pPAAJkAR23KWv7mR2k2F9KKYhpWt7k2ArwYmpump_1m_1777426082_1777428503.json,
55PB376nxsrBLTZr1UdQSk6M89AxPif6oKmbmZmWq5dr,HqdKyNo2A6852hnYxG8Vfi7jf2n1mgUgBqwBqoUzpump,profit,4ixFhuHB9gC36oS8Fa6Q7G6LMNEt9qW3i76NcwKWVgLXhzB1xbxCwVjdzrXkfe1gAFaiT4PA7YUwW2oEzVFWwGeE,2026-04-29T01:51:00+00:00,2026-04-29T01:51:47+00:00,0.070260853,0.140522,47,data/strategy_research/wallets/55PB376nxsrBLTZr1UdQSk6M89AxPif6oKmbmZmWq5dr/klines/HqdKyNo2A6852hnYxG8Vfi7jf2n1mgUgBqwBqoUzpump_1m_1777426260_1777428707.json,
55PB376nxsrBLTZr1UdQSk6M89AxPif6oKmbmZmWq5dr,6sN3E4Dk1ZNn1spRcTvvNbfHsxGyPhTKfuDHrgtVpump,profit,2jY6XYVK8ak8EeCU97s8242xnev5kvDjYeoFeVdQdXbNx3RUMJfwqRkn4Kq49NE3DQd3xq2mBzDX3WatynDLMk4z,2026-04-29T01:52:44+00:00,2026-04-29T01:56:25+00:00,0.042969803,0.041556,221,data/strategy_research/wallets/55PB376nxsrBLTZr1UdQSk6M89AxPif6oKmbmZmWq5dr/klines/6sN3E4Dk1ZNn1spRcTvvNbfHsxGyPhTKfuDHrgtVpump_1m_1777426364_1777428985.json,
55PB376nxsrBLTZr1UdQSk6M89AxPif6oKmbmZmWq5dr,HXYZgD8QoE3oGnXAdw1CztmDTDoygbuRU9ALTdX4pump,profit,fGKRciGfcxWUiSRMWRqGSqbbYmMKP8FKAyw17uZrGyS2oTTv6xdiy4zqpQkF1G8rb4xYvTGn6ihNrQjw96g71jB,2026-04-29T02:21:44+00:00,2026-04-29T02:22:41+00:00,0.012200982,0.024408,57,data/strategy_research/wallets/55PB376nxsrBLTZr1UdQSk6M89AxPif6oKmbmZmWq5dr/klines/HXYZgD8QoE3oGnXAdw1CztmDTDoygbuRU9ALTdX4pump_1m_1777428104_1777430561.json,
55PB376nxsrBLTZr1UdQSk6M89AxPif6oKmbmZmWq5dr,9ch1JqNxqwKgpQnM3EcsTgF7NG8bF44j37wVyuuspump,profit,4xq8hENmjWTu9CCJc6X2crJRhzhzWDaNSBr97QB1vZ9guNbRYWfU87CmRwSrmLoK6c79BFqEpRgtCEJS95ovRFKg,2026-04-29T02:25:55+00:00,2026-04-29T02:26:43+00:00,0.010664886,0.020094,48,data/strategy_research/wallets/55PB376nxsrBLTZr1UdQSk6M89AxPif6oKmbmZmWq5dr/klines/9ch1JqNxqwKgpQnM3EcsTgF7NG8bF44j37wVyuuspump_1m_1777428355_1777430803.json,
55PB376nxsrBLTZr1UdQSk6M89AxPif6oKmbmZmWq5dr,9uaNxDribD1UC7MUXQogBVdUscQBVHBuCzh5PrJ5pump,profit,3HEe8eWK6vZEZEQGxKSB8XnBNisNzVRpMVwmSHG4Avgj1iwqs5wewHuG3i3dCQt5MeEEGbgdDNzsEEAyGDMWYobr,2026-04-29T02:39:01+00:00,2026-04-29T02:39:30+00:00,0.019945963,0.043211,29,data/strategy_research/wallets/55PB376nxsrBLTZr1UdQSk6M89AxPif6oKmbmZmWq5dr/klines/9uaNxDribD1UC7MUXQogBVdUscQBVHBuCzh5PrJ5pump_1m_1777429141_1777431570.json,
55PB376nxsrBLTZr1UdQSk6M89AxPif6oKmbmZmWq5dr,3pbggCjSuDLSB4iQ4v1Uc6HjbMT1hGqBd8AMKNxUpump,profit,2FeydTc3HEzsJuRzk4duavA2nNknUXWi4B4kLNGJJCMn1MAXtFaB4zYLUeWMaJbUGX27Xgj1ztAkYrwH4FEGpsMD,2026-04-29T02:45:12+00:00,2026-04-29T02:46:23+00:00,0.969017774,1.673030,71,data/strategy_research/wallets/55PB376nxsrBLTZr1UdQSk6M89AxPif6oKmbmZmWq5dr/klines/3pbggCjSuDLSB4iQ4v1Uc6HjbMT1hGqBd8AMKNxUpump_1m_1777429512_1777431983.json,
55PB376nxsrBLTZr1UdQSk6M89AxPif6oKmbmZmWq5dr,BDDumgWwRv5zynmmjxKALavMAHgPh6UocJRQs6Hmpump,profit,gnDxPc8Er4dzh6kgRqcYrzYZE5pPk6CXvgUcNEFryGN7XHVyeoRog883Rty4YNzFFwEBu2LgBY9VqNSsbsC3z2A,2026-04-29T03:01:55+00:00,2026-04-29T03:03:56+00:00,1.105070030,1.807767,121,data/strategy_research/wallets/55PB376nxsrBLTZr1UdQSk6M89AxPif6oKmbmZmWq5dr/klines/BDDumgWwRv5zynmmjxKALavMAHgPh6UocJRQs6Hmpump_1m_1777430515_1777433036.json,
55PB376nxsrBLTZr1UdQSk6M89AxPif6oKmbmZmWq5dr,H6SBg5q554YUFBwh3LqZJgfMxX4eofPdh9RXHFpBpump,profit,3PJFXu8MFGDX7X2YdgwaicvjNWiAm4YV4bhQ5vYU1vXrX9GyeWFmCLTpXpBjNkB8EUZCE5f9aGpNciJKe3d6UEmx,2026-04-29T03:03:25+00:00,2026-04-29T03:04:34+00:00,0.305137303,0.504028,69,data/strategy_research/wallets/55PB376nxsrBLTZr1UdQSk6M89AxPif6oKmbmZmWq5dr/klines/H6SBg5q554YUFBwh3LqZJgfMxX4eofPdh9RXHFpBpump_1m_1777430605_1777433074.json,
55PB376nxsrBLTZr1UdQSk6M89AxPif6oKmbmZmWq5dr,3H3kqqdFWLiJ39FP2u1P7Nw3tsTyCMrB4AX5XRX74YWc,loss,4r2XRXz8SQh1wmcBkCm15u7ib5ykMBBY6CwWoHx1J1XpJ9Q3wcaVDwKBBjoY7yjD6b8c2itDtjoosod6UbWTBxqa,2026-04-29T03:10:03+00:00,2026-04-29T03:12:36+00:00,-0.196448795,-0.193030,153,data/strategy_research/wallets/55PB376nxsrBLTZr1UdQSk6M89AxPif6oKmbmZmWq5dr/klines/3H3kqqdFWLiJ39FP2u1P7Nw3tsTyCMrB4AX5XRX74YWc_1m_1777431003_1777433556.json,
55PB376nxsrBLTZr1UdQSk6M89AxPif6oKmbmZmWq5dr,82yiAogGB4nr6JqmwPn1fqKGP59Q7DsEqvkn9zxopump,profit,5oKmTiZ6gsRpHb9awpb3NzakMcqbWV6f7VGfu1pf6ZZKQDnwY2GQYCPi4h49stN4wfF6F3mbHbAMbRWCvfRw6v2v,2026-04-29T03:12:10+00:00,2026-04-29T03:12:29+00:00,0.043865924,0.083943,19,data/strategy_research/wallets/55PB376nxsrBLTZr1UdQSk6M89AxPif6oKmbmZmWq5dr/klines/82yiAogGB4nr6JqmwPn1fqKGP59Q7DsEqvkn9zxopump_1m_1777431130_1777433549.json,
55PB376nxsrBLTZr1UdQSk6M89AxPif6oKmbmZmWq5dr,2vDVTKZNE96oJfeXeHQ618BGKS9ud493KReqgKXcpump,loss,2xKx4s4LNKs81sQdJj1LXTrNCg6jwYP7Mnxea8Sn9vNf8E4T7HbgL8Yw8n5NKa8YtauXWAbDoVw7CVDCtGNcQzys,2026-04-29T03:14:13+00:00,2026-04-29T03:14:36+00:00,-0.010666891,-0.020428,23,data/strategy_research/wallets/55PB376nxsrBLTZr1UdQSk6M89AxPif6oKmbmZmWq5dr/klines/2vDVTKZNE96oJfeXeHQ618BGKS9ud493KReqgKXcpump_1m_1777431253_1777433676.json,
55PB376nxsrBLTZr1UdQSk6M89AxPif6oKmbmZmWq5dr,CPWrXBsW6WgcVXyko8JsVgDRpaSm1xub9s9HGAx8pump,loss,3nMdfSB8DuZWi9RVY5Ra1UqMbVXSswLRHnMpujysW2iTfEFLhEpssmkeSzavr3Xq6214tsWToiDe33zhCfsyWdS4,2026-04-29T03:14:57+00:00,2026-04-29T03:15:07+00:00,-0.028279093,-0.051830,10,data/strategy_research/wallets/55PB376nxsrBLTZr1UdQSk6M89AxPif6oKmbmZmWq5dr/klines/CPWrXBsW6WgcVXyko8JsVgDRpaSm1xub9s9HGAx8pump_1m_1777431297_1777433707.json,
55PB376nxsrBLTZr1UdQSk6M89AxPif6oKmbmZmWq5dr,vm9z1CxCjgxxevWk1qfYow9SwBw1McM1UoDt3RJpump,loss,5t4vGatVyST2AuSV8TVNo54BgTzYL5CciQnvMajJ21dReykDw87gAuR1VniVYpfYzHzjvbPWP6fzDX3JV8wCSJCF,2026-04-29T03:16:31+00:00,2026-04-29T03:16:38+00:00,-0.170530686,-0.330188,7,data/strategy_research/wallets/55PB376nxsrBLTZr1UdQSk6M89AxPif6oKmbmZmWq5dr/klines/vm9z1CxCjgxxevWk1qfYow9SwBw1McM1UoDt3RJpump_1m_1777431391_1777433798.json,
55PB376nxsrBLTZr1UdQSk6M89AxPif6oKmbmZmWq5dr,DGaWTm2cyRNuwgGpfV1WhFQ4jhpfi6x1HcUNKc8Wpump,loss,65rfpgwyo1L3xohGYdFZ6hLHW56rkRatMgBS7xx25CepuQ8C9DkaSPX6yqMecTxhtK6KJRA4PbwPbMEjRiWqHvb3,2026-04-29T03:27:40+00:00,2026-04-29T03:28:20+00:00,-0.006247649,-0.012500,40,data/strategy_research/wallets/55PB376nxsrBLTZr1UdQSk6M89AxPif6oKmbmZmWq5dr/klines/DGaWTm2cyRNuwgGpfV1WhFQ4jhpfi6x1HcUNKc8Wpump_1m_1777432060_1777434500.json,
55PB376nxsrBLTZr1UdQSk6M89AxPif6oKmbmZmWq5dr,524zXrkbMkoDF8tZSy45PwTNb9pNgvwx5VSdk2R4pump,profit,292LdonVJRe8iUaDyXTVZg8jtH9a2kLS5jHY9CTyDzBSi1uYHYiW9PDuX4GsMEmp8TxZv5kZYJQfzGjUwYqWX6YA,2026-04-29T03:27:59+00:00,2026-04-29T03:28:37+00:00,0.506645819,0.980579,38,data/strategy_research/wallets/55PB376nxsrBLTZr1UdQSk6M89AxPif6oKmbmZmWq5dr/klines/524zXrkbMkoDF8tZSy45PwTNb9pNgvwx5VSdk2R4pump_1m_1777432079_1777434517.json,
55PB376nxsrBLTZr1UdQSk6M89AxPif6oKmbmZmWq5dr,eqqewyvQimbTq83juJwT6Gt6FzAqnoikGB9kw4hpump,loss,4iG2Nxt9kcTV9w4uYwp8isDZJcKLNAphoRzAYmZgQQGNCTHwu98juukF6gH5iiuPxmPKobdf6B4Hcse3dBoVnt96,2026-04-29T03:28:35+00:00,2026-04-29T03:30:54+00:00,-0.237017390,-0.155133,139,data/strategy_research/wallets/55PB376nxsrBLTZr1UdQSk6M89AxPif6oKmbmZmWq5dr/klines/eqqewyvQimbTq83juJwT6Gt6FzAqnoikGB9kw4hpump_1m_1777432115_1777434654.json,
55PB376nxsrBLTZr1UdQSk6M89AxPif6oKmbmZmWq5dr,8TwGaAgqQ9ovYfNwBGBLJbnYqRKmBEQiLNHRBSeTpump,profit,4MFgYbcTCJ5TdiJTWi3mNvgdRy5iXX1cpHqF39rqDWepZBsoq5rqBsrYFdHEzTdEAMbhbKb6dfiXjVmPTmWT6vPH,2026-04-29T03:31:00+00:00,2026-04-29T03:33:23+00:00,0.052515755,0.047146,143,data/strategy_research/wallets/55PB376nxsrBLTZr1UdQSk6M89AxPif6oKmbmZmWq5dr/klines/8TwGaAgqQ9ovYfNwBGBLJbnYqRKmBEQiLNHRBSeTpump_1m_1777432260_1777434803.json,
55PB376nxsrBLTZr1UdQSk6M89AxPif6oKmbmZmWq5dr,14hDBCzrLQJa7kLfmaJoahVNxMG8asYHrUga9jrdpump,loss,5w7EfcY362MPxp4r7YxqxwAF9fZ4iP738eXUWjwvp4WxvT1ufnwg8DePRSCwMhP3u3W4CSYN8KiPbMBqzgCrYZLq,2026-04-29T03:35:23+00:00,2026-04-29T03:35:49+00:00,-0.056576104,-0.113237,26,data/strategy_research/wallets/55PB376nxsrBLTZr1UdQSk6M89AxPif6oKmbmZmWq5dr/klines/14hDBCzrLQJa7kLfmaJoahVNxMG8asYHrUga9jrdpump_1m_1777432523_1777434949.json,
55PB376nxsrBLTZr1UdQSk6M89AxPif6oKmbmZmWq5dr,GwJAwXGGU8oB4ZDqksCe6wQPdNyX2j5xZDXv9qq5pump,loss,1W9QtoCE4Muszpz7B6rCfNKBYbHCPzyFcyRhwGZ6nAvSTT1MUb7fKE9t7oDpioAiYeJWrSSauTykc8HyvxWCz4i,2026-04-29T03:37:39+00:00,2026-04-29T03:38:00+00:00,-0.002718544,-0.005437,21,data/strategy_research/wallets/55PB376nxsrBLTZr1UdQSk6M89AxPif6oKmbmZmWq5dr/klines/GwJAwXGGU8oB4ZDqksCe6wQPdNyX2j5xZDXv9qq5pump_1m_1777432659_1777435080.json,
55PB376nxsrBLTZr1UdQSk6M89AxPif6oKmbmZmWq5dr,4tvpDeku9ErHjwa51yAobJH7sVmMuXUChYcnMG1Bpump,profit,3F9TzrBqw9S7A3NmABTtWTjLRL498D3hq6g9SwCasTAnjyAxPHX1JDN6GbPogFfhhs7PxVPMpvwc9h4kmExSiHUN,2026-04-29T03:43:22+00:00,2026-04-29T03:44:09+00:00,0.017610669,0.017618,47,data/strategy_research/wallets/55PB376nxsrBLTZr1UdQSk6M89AxPif6oKmbmZmWq5dr/klines/4tvpDeku9ErHjwa51yAobJH7sVmMuXUChYcnMG1Bpump_1m_1777433002_1777435449.json,
55PB376nxsrBLTZr1UdQSk6M89AxPif6oKmbmZmWq5dr,Cw1Bi3VRZtUuHkKqFhgiT5mPduLX6YS6mEaz2hrBpump,loss,4mUjR6oX96mTwwusWbNBR64HerpETmX5tNrZ9cJJj9LUpmv2jvL2sBGmmf4SExuh18h9Wcy9JzE7iw6osVYeUDij,2026-04-29T03:47:45+00:00,2026-04-29T03:48:30+00:00,-0.001255558,-0.002511,45,data/strategy_research/wallets/55PB376nxsrBLTZr1UdQSk6M89AxPif6oKmbmZmWq5dr/klines/Cw1Bi3VRZtUuHkKqFhgiT5mPduLX6YS6mEaz2hrBpump_1m_1777433265_1777435710.json,
55PB376nxsrBLTZr1UdQSk6M89AxPif6oKmbmZmWq5dr,JEGXcUidPy51rP15JPzdqpLLYJz72qB736rAH59Mpump,loss,2oj331EaYeSqJCAXpJmA7mpWtcuBZ5FfoA6vcdwoGpXhKbWjnSZCV42ZRcEABmNNxdqYk8R7gY7KHvGgYKhnTukK,2026-04-29T03:50:14+00:00,2026-04-29T03:50:26+00:00,-0.176495033,-0.340270,12,data/strategy_research/wallets/55PB376nxsrBLTZr1UdQSk6M89AxPif6oKmbmZmWq5dr/klines/JEGXcUidPy51rP15JPzdqpLLYJz72qB736rAH59Mpump_1m_1777433414_1777435826.json,
55PB376nxsrBLTZr1UdQSk6M89AxPif6oKmbmZmWq5dr,81n9oxHutLoQkRvjdn83aaofk8NR7dFVLxcCoDD2pump,loss,3peDsnnXb6TyM76it6EMsyzjjhpkpmhqHztizYtKtGPvNrzAd3SHKzEERQzbtPPXoTTjGs6odsXT9bncGRXp6FEh,2026-04-29T03:56:51+00:00,2026-04-29T04:00:15+00:00,-0.036165130,-0.035721,204,data/strategy_research/wallets/55PB376nxsrBLTZr1UdQSk6M89AxPif6oKmbmZmWq5dr/klines/81n9oxHutLoQkRvjdn83aaofk8NR7dFVLxcCoDD2pump_1m_1777433811_1777436415.json,
55PB376nxsrBLTZr1UdQSk6M89AxPif6oKmbmZmWq5dr,FkkPfxF9yiJKZ1u6VAFDgK7Tn9gxm6V1kMtU8BZipump,loss,5PXfwcBZnypkvC9WHPEa13CC5Ax9UHasmSJT95NdrHcq6HzaTPVMdMfhx61RQQ87qRY9gX7onYNafYnBFLq937xo,2026-04-29T03:57:18+00:00,2026-04-29T03:57:40+00:00,-0.068974855,-0.137976,22,data/strategy_research/wallets/55PB376nxsrBLTZr1UdQSk6M89AxPif6oKmbmZmWq5dr/klines/FkkPfxF9yiJKZ1u6VAFDgK7Tn9gxm6V1kMtU8BZipump_1m_1777433838_1777436260.json,
55PB376nxsrBLTZr1UdQSk6M89AxPif6oKmbmZmWq5dr,Gj2wMDacswzYG43CgpwCcWRihPhGsLQJf5F11hhvpump,profit,25T89HF9RDTxPLQx83SwhDrbUkFWKQ13Hr4YV76vXecraSHZy53VvHrQcYXjnmPvwyG43y9bswpY1HFcBY9GG7cz,2026-04-29T03:57:42+00:00,2026-04-29T03:59:11+00:00,0.123325817,0.246679,89,data/strategy_research/wallets/55PB376nxsrBLTZr1UdQSk6M89AxPif6oKmbmZmWq5dr/klines/Gj2wMDacswzYG43CgpwCcWRihPhGsLQJf5F11hhvpump_1m_1777433862_1777436351.json,
55PB376nxsrBLTZr1UdQSk6M89AxPif6oKmbmZmWq5dr,DxEjXMRWihmQLztaKDGRSgr1EjH4zkvvPxnoe2Z6pump,profit,2ECxDjZaAiqo3akmeuCXAK6KcTLbsbi43oZBYWS9xNkbexyCaug9ehwweZzKdCAKDKMyUiaj98PvbZDFda1NXWWV,2026-04-29T04:00:57+00:00,2026-04-29T04:02:18+00:00,0.301767631,0.292417,81,data/strategy_research/wallets/55PB376nxsrBLTZr1UdQSk6M89AxPif6oKmbmZmWq5dr/klines/DxEjXMRWihmQLztaKDGRSgr1EjH4zkvvPxnoe2Z6pump_1m_1777434057_1777436538.json,
55PB376nxsrBLTZr1UdQSk6M89AxPif6oKmbmZmWq5dr,75X3YgCpLaEqMTz5TabNX4Mo51mZctaxa8aRbUedpump,loss,3cHNWXuHemHRsb4Qwft5DCtvcE8GHbAJZHW3ZhegNinUrP6Md8sMuGYhqdwetJJoUiyPY1kiWx1dWiHHFhiTzNJM,2026-04-29T04:17:14+00:00,2026-04-29T04:17:29+00:00,-0.021591778,-0.219401,15,data/strategy_research/wallets/55PB376nxsrBLTZr1UdQSk6M89AxPif6oKmbmZmWq5dr/klines/75X3YgCpLaEqMTz5TabNX4Mo51mZctaxa8aRbUedpump_1m_1777435034_1777437449.json,
55PB376nxsrBLTZr1UdQSk6M89AxPif6oKmbmZmWq5dr,2uRdYXZcC6WrsL55aNN3Y22wrT6kHYb3QE3J75F4pump,profit,4xaZ26TKBr6rZR57NigRi87qCiJFVvwjD36aZGHF497gqeYQXxixydpGUvihPeiircMh2DDYavWdkLS5MXq6LB92,2026-04-29T04:18:20+00:00,2026-04-29T04:24:09+00:00,0.218783959,0.111290,349,data/strategy_research/wallets/55PB376nxsrBLTZr1UdQSk6M89AxPif6oKmbmZmWq5dr/klines/2uRdYXZcC6WrsL55aNN3Y22wrT6kHYb3QE3J75F4pump_1m_1777435100_1777437849.json,
55PB376nxsrBLTZr1UdQSk6M89AxPif6oKmbmZmWq5dr,6pg9DtWC5zC6ueMFb5GGgeNvBHBgh1oEFidwgvLhpump,profit,4E8dYCQu9WqhNPpoyq2KUrH9vT4TszDSBsEGZk98uAXz8N28LGccL8Q4ssjo1Zp7J54YNpz8NVcEwzBzF5TwiXDE,2026-04-29T04:26:58+00:00,2026-04-29T04:28:00+00:00,0.042968589,0.078462,62,data/strategy_research/wallets/55PB376nxsrBLTZr1UdQSk6M89AxPif6oKmbmZmWq5dr/klines/6pg9DtWC5zC6ueMFb5GGgeNvBHBgh1oEFidwgvLhpump_1m_1777435618_1777438080.json,
55PB376nxsrBLTZr1UdQSk6M89AxPif6oKmbmZmWq5dr,FML9ApgKaSCqbC3XUqTdLaTtdGm1BcJWatN7xmBbpump,profit,ScqbUXHKfmHnMnEbyKUcU9UZeBxZqkeF4rDbg7whcycNDroLAbPwoa36SwHwsFhnga5grf9NVEyYJQY3x7hNfBg,2026-04-29T04:33:55+00:00,2026-04-29T04:34:57+00:00,0.023628618,0.044000,62,data/strategy_research/wallets/55PB376nxsrBLTZr1UdQSk6M89AxPif6oKmbmZmWq5dr/klines/FML9ApgKaSCqbC3XUqTdLaTtdGm1BcJWatN7xmBbpump_1m_1777436035_1777438497.json,
55PB376nxsrBLTZr1UdQSk6M89AxPif6oKmbmZmWq5dr,BBZbQQFu8kkw1rhDVzjkyMXsEvc2JLBZiJeShoNapump,profit,5F69UWEpp1AeB42shvQojUqNFExJSb62vuWk9enFQYmT33tQszvhErAMoifxDPBBQBdkJRCBL1KZc4nZaqW77mDq,2026-04-29T04:37:56+00:00,2026-04-29T04:38:11+00:00,0.103273451,0.191636,15,data/strategy_research/wallets/55PB376nxsrBLTZr1UdQSk6M89AxPif6oKmbmZmWq5dr/klines/BBZbQQFu8kkw1rhDVzjkyMXsEvc2JLBZiJeShoNapump_1m_1777436276_1777438691.json,
55PB376nxsrBLTZr1UdQSk6M89AxPif6oKmbmZmWq5dr,27sFia5GZfmt44iiDAym8Y2TL2duTewvYAjkLavhpump,profit,yL6ad3nwtoyeEGFXYMBrf9QhpVQnaFRZjoWnJPrhqgtZS1zWiYQv5Zb4uKxPnMHuH5feMvPoXgJfcwPR1ZJwv1U,2026-04-29T04:39:00+00:00,2026-04-29T04:40:53+00:00,0.209533617,0.209587,113,data/strategy_research/wallets/55PB376nxsrBLTZr1UdQSk6M89AxPif6oKmbmZmWq5dr/klines/27sFia5GZfmt44iiDAym8Y2TL2duTewvYAjkLavhpump_1m_1777436340_1777438853.json,
55PB376nxsrBLTZr1UdQSk6M89AxPif6oKmbmZmWq5dr,6EYMLZo38gUSnujkokp6KPWQkWoftRKksL7dRc3yMTNG,loss,4wZDSboaAdMztKF8FAQm516i21rgibQVBSdXgimrQbUxV3zE5GJ2KyT9iVuD4qaJdq7HYNoHHBJiFq4WseghkQz4,2026-04-29T05:01:08+00:00,2026-04-29T05:01:55+00:00,-0.038272735,-0.076545,47,data/strategy_research/wallets/55PB376nxsrBLTZr1UdQSk6M89AxPif6oKmbmZmWq5dr/klines/6EYMLZo38gUSnujkokp6KPWQkWoftRKksL7dRc3yMTNG_1m_1777437668_1777440115.json,
55PB376nxsrBLTZr1UdQSk6M89AxPif6oKmbmZmWq5dr,H64ap4deX9piTa1kbt6ihjck3KjuHve3MivMrsadpump,loss,5xGQgNfSSTJM6Z93aLziYgjVk1HDGaCXv9aL6uTg37XQDB4EhHhLiSkt7y2wkjqgKQuEq8b9tj4MjiM2hYQZCVB3,2026-04-29T05:03:31+00:00,2026-04-29T05:04:05+00:00,-0.182482537,-0.361764,34,data/strategy_research/wallets/55PB376nxsrBLTZr1UdQSk6M89AxPif6oKmbmZmWq5dr/klines/H64ap4deX9piTa1kbt6ihjck3KjuHve3MivMrsadpump_1m_1777437811_1777440245.json,
55PB376nxsrBLTZr1UdQSk6M89AxPif6oKmbmZmWq5dr,HbUWXrTVCLY8sTydzW6gLu9q2UUCpe77yjni4eZPpump,loss,2vP3QHoBGdPG3exXEMpYGgsJi4xtbEtGgh2vKJaMKvgrBbz9kDoWsJyy8ZsACShUmakmPSUWi1BwPqZRxq2Rwimw,2026-04-29T05:08:49+00:00,2026-04-29T05:09:03+00:00,-0.011311457,-0.022655,14,data/strategy_research/wallets/55PB376nxsrBLTZr1UdQSk6M89AxPif6oKmbmZmWq5dr/klines/HbUWXrTVCLY8sTydzW6gLu9q2UUCpe77yjni4eZPpump_1m_1777438129_1777440543.json,
55PB376nxsrBLTZr1UdQSk6M89AxPif6oKmbmZmWq5dr,2Ku7NnBci7sMSLRYV6xpESJFYmg9FTizpX2wTqXopump,profit,2SCtWTzeMKG3rHBd3DiWgKMA6U5wFUR9XLUduSkipH8k1juJJsjaqEt8PactLYL1eSRQVjGyqV7mQfFDcKoS2Wix,2026-04-29T05:09:30+00:00,2026-04-29T05:09:45+00:00,0.006475550,0.012954,15,data/strategy_research/wallets/55PB376nxsrBLTZr1UdQSk6M89AxPif6oKmbmZmWq5dr/klines/2Ku7NnBci7sMSLRYV6xpESJFYmg9FTizpX2wTqXopump_1m_1777438170_1777440585.json,
55PB376nxsrBLTZr1UdQSk6M89AxPif6oKmbmZmWq5dr,etxt2AosDxDR5kaKQn4GZoxwWgVXa9CBzUT5fAZpump,loss,4KfJrhqe4LE7vpiT4ByMaPaPZgq9dvpwzwftoXes5t2DHJfzkXEfenJKUH5vVvK1m4Y21DAS821FzxehjysucX9C,2026-04-29T05:12:08+00:00,2026-04-29T05:12:42+00:00,-0.073552630,-0.147105,34,data/strategy_research/wallets/55PB376nxsrBLTZr1UdQSk6M89AxPif6oKmbmZmWq5dr/klines/etxt2AosDxDR5kaKQn4GZoxwWgVXa9CBzUT5fAZpump_1m_1777438328_1777440762.json,
55PB376nxsrBLTZr1UdQSk6M89AxPif6oKmbmZmWq5dr,4SGxnG9Asrr2RdSXGcWvJAgzfxaQFnx2w6Zj5pegpump,loss,5gk9Gbo3pvxX9RjmWghqrT9PBkbvXwHPw9txK43sc6PvhdszUUtLkCyfR7Ts7swiJexEgQW5BgsV5HMyKQG6vdnF,2026-04-29T05:17:50+00:00,2026-04-29T05:18:05+00:00,-0.101917976,-0.203836,15,data/strategy_research/wallets/55PB376nxsrBLTZr1UdQSk6M89AxPif6oKmbmZmWq5dr/klines/4SGxnG9Asrr2RdSXGcWvJAgzfxaQFnx2w6Zj5pegpump_1m_1777438670_1777441085.json,
55PB376nxsrBLTZr1UdQSk6M89AxPif6oKmbmZmWq5dr,9Gk885sPonJDzUfwoDqQf43nHb4vG22TsMiGEF3ppump,loss,oPHJP8kEGaguvxnZTDoDrVPxmrYTb4ixQUGhCtVs2VPiReMDAu93oWLLVvSYxCDm8VvEXFvT9TC8vuM5HymjMXa,2026-04-29T05:27:49+00:00,2026-04-29T05:28:14+00:00,-0.145707845,-0.270485,25,data/strategy_research/wallets/55PB376nxsrBLTZr1UdQSk6M89AxPif6oKmbmZmWq5dr/klines/9Gk885sPonJDzUfwoDqQf43nHb4vG22TsMiGEF3ppump_1m_1777439269_1777441694.json,
55PB376nxsrBLTZr1UdQSk6M89AxPif6oKmbmZmWq5dr,APF5DgmqmDkmbF21TGJeYd4F7d8hSknyZWPCHphXpump,loss,5hkn5VnCvbwSmNc8LV4GUGv2eHVXuxZqgXcYaL8NJpJ5wjDHS6r6AF4yszhfZu86kv2Tr99sDkGwfyKyDyDREXtu,2026-04-29T05:29:31+00:00,2026-04-29T05:29:44+00:00,-0.024139659,-0.040860,13,data/strategy_research/wallets/55PB376nxsrBLTZr1UdQSk6M89AxPif6oKmbmZmWq5dr/klines/APF5DgmqmDkmbF21TGJeYd4F7d8hSknyZWPCHphXpump_1m_1777439371_1777441784.json,
55PB376nxsrBLTZr1UdQSk6M89AxPif6oKmbmZmWq5dr,ELWxQbrb9FmSUGmxdmrDbjbYqvu5SNM2gn8ThYcspump,loss,423dFTQbVyyZfhuu4G6RXKzFKTBBTDezB9PZ2tSWYHuKCE54byUbM7Lp9KCok6rh7iNpzHbv5wZVVc9MKaiYYitF,2026-04-29T05:37:18+00:00,2026-04-29T05:37:49+00:00,-0.029915087,-0.303991,31,data/strategy_research/wallets/55PB376nxsrBLTZr1UdQSk6M89AxPif6oKmbmZmWq5dr/klines/ELWxQbrb9FmSUGmxdmrDbjbYqvu5SNM2gn8ThYcspump_1m_1777439838_1777442269.json,
55PB376nxsrBLTZr1UdQSk6M89AxPif6oKmbmZmWq5dr,CyAr9fPWPP4YdMoFajbEvNTpxSBaXbDbigauGg4epump,profit,j6Mk97sizZ6CShpfUTA6mNaiya65eugGkgqAvEKZoNMf5x78AuT7FTe5FBt5Truz1ERCwJuUfHszTohgfoKexou,2026-04-29T05:42:21+00:00,2026-04-29T05:43:12+00:00,0.002259687,0.004519,51,data/strategy_research/wallets/55PB376nxsrBLTZr1UdQSk6M89AxPif6oKmbmZmWq5dr/klines/CyAr9fPWPP4YdMoFajbEvNTpxSBaXbDbigauGg4epump_1m_1777440141_1777442592.json,
55PB376nxsrBLTZr1UdQSk6M89AxPif6oKmbmZmWq5dr,6GrGEJ7Z2M2RQpfwjrFmFswPWNmbtHGrr3DHtE1Wpump,loss,3mkgZQbC2RSNgFJkqcfacosXQy7kWMxko9jdgREL5ag1WQqANxxaQ5by6QUWXpKfp3Qt97vxCGr2yD1wHdh3vHiJ,2026-04-29T05:44:55+00:00,2026-04-29T05:45:33+00:00,-0.005661600,-0.012500,38,data/strategy_research/wallets/55PB376nxsrBLTZr1UdQSk6M89AxPif6oKmbmZmWq5dr/klines/6GrGEJ7Z2M2RQpfwjrFmFswPWNmbtHGrr3DHtE1Wpump_1m_1777440295_1777442733.json,
55PB376nxsrBLTZr1UdQSk6M89AxPif6oKmbmZmWq5dr,6i7VSyA3GwPeDgzigdFyK5qJXWARuMxfhEm1p92dpump,profit,5ft6kwMaFYudUrFnyLwUxKU4LZ8zJMxWjdyuJF4Xp9CGTAtAb3qMPicRro1MMgu4VEX3Z2t5mNGkcQvCm4jxA16K,2026-04-29T05:45:40+00:00,2026-04-29T05:46:21+00:00,0.238198378,0.476397,41,data/strategy_research/wallets/55PB376nxsrBLTZr1UdQSk6M89AxPif6oKmbmZmWq5dr/klines/6i7VSyA3GwPeDgzigdFyK5qJXWARuMxfhEm1p92dpump_1m_1777440340_1777442781.json,
55PB376nxsrBLTZr1UdQSk6M89AxPif6oKmbmZmWq5dr,5xL9HT3fDAzX3VEsZCX8qEWi3mgemtrgfd544aJgpump,loss,aaQ1uy2T39t85EFy1TLdTGx2d1tRnAN3a9L9CdxZBjUJFfVVp3R82m9Y81KZsRyayJH3vREWTXqc72xkdV6BaaD,2026-04-29T05:59:26+00:00,2026-04-29T05:59:42+00:00,-0.259572890,-0.464887,16,data/strategy_research/wallets/55PB376nxsrBLTZr1UdQSk6M89AxPif6oKmbmZmWq5dr/klines/5xL9HT3fDAzX3VEsZCX8qEWi3mgemtrgfd544aJgpump_1m_1777441166_1777443582.json,
55PB376nxsrBLTZr1UdQSk6M89AxPif6oKmbmZmWq5dr,PFVF3TH5uGWnhaM6XNn8CAWXpqrCE2PQiGgGQybpump,profit,9VdcAwZ5TYzXQBGad1E1ra4HQedoH1DBaoA7AYtiZHvvz6nEK9aD3H3bfeb9Xm4rdXDvRJDYTHw5G2bEuFroSXw,2026-04-29T06:00:11+00:00,2026-04-29T06:00:29+00:00,0.078006833,0.156038,18,data/strategy_research/wallets/55PB376nxsrBLTZr1UdQSk6M89AxPif6oKmbmZmWq5dr/klines/PFVF3TH5uGWnhaM6XNn8CAWXpqrCE2PQiGgGQybpump_1m_1777441211_1777443629.json,
55PB376nxsrBLTZr1UdQSk6M89AxPif6oKmbmZmWq5dr,DaNJ7kvzxFu7c7DG6u1E6s4wMZhJSEa4Ss9ZqKfUpump,profit,3x3YwFPFtsMZNYjQFZbPCHM6fq5nZvsBEbHa21ptsq57P82fLBc4eeknJn3KW2c3HbcV9mfC873B2oCstRJpANot,2026-04-29T06:05:25+00:00,2026-04-29T06:05:58+00:00,0.011370379,0.022741,33,data/strategy_research/wallets/55PB376nxsrBLTZr1UdQSk6M89AxPif6oKmbmZmWq5dr/klines/DaNJ7kvzxFu7c7DG6u1E6s4wMZhJSEa4Ss9ZqKfUpump_1m_1777441525_1777443958.json,
55PB376nxsrBLTZr1UdQSk6M89AxPif6oKmbmZmWq5dr,EW9ArqgzzH8U5pu5nMXdajw9nft9hiWMncw11x5cpump,profit,63tyMVRjaAKzmJRAZQEzH9CUfZpC4AQwUBxkMgcHqyiFLkyqdA7MdfpZSNu1P5FHLCcBo7a6dgjZV6QZ9i2j4tXX,2026-04-29T06:19:03+00:00,2026-04-29T06:20:09+00:00,0.243537607,0.514903,66,data/strategy_research/wallets/55PB376nxsrBLTZr1UdQSk6M89AxPif6oKmbmZmWq5dr/klines/EW9ArqgzzH8U5pu5nMXdajw9nft9hiWMncw11x5cpump_1m_1777442343_1777444809.json,
55PB376nxsrBLTZr1UdQSk6M89AxPif6oKmbmZmWq5dr,BP37KtWxxY3smx463XzsS5QvC58RW4tFFbVKRX2Gpump,profit,XPuHN51NWp2QFXUBNz9T77odte761JTRAdyvjgnwe7TYXJvP3owhFYJepktgnfr1DQr1kb4xarteUC5a4QXFMoP,2026-04-29T06:23:16+00:00,2026-04-29T06:24:32+00:00,0.179339438,1.823698,76,data/strategy_research/wallets/55PB376nxsrBLTZr1UdQSk6M89AxPif6oKmbmZmWq5dr/klines/BP37KtWxxY3smx463XzsS5QvC58RW4tFFbVKRX2Gpump_1m_1777442596_1777445072.json,
55PB376nxsrBLTZr1UdQSk6M89AxPif6oKmbmZmWq5dr,8B8HcYv5zktaDKPBN4pvEDgHuutMp585A9mPyTLMpump,loss,46txPbXpmUa8Z3ZAssrzcJ8R5LTdF51cxuD8MjHCAE4F7cCo2wFDg8uzRPcZ15QJb8auRUoCnSyJ1Uo9mc8dgC9s,2026-04-29T06:32:57+00:00,2026-04-29T06:33:12+00:00,-0.176298023,-0.352596,15,data/strategy_research/wallets/55PB376nxsrBLTZr1UdQSk6M89AxPif6oKmbmZmWq5dr/klines/8B8HcYv5zktaDKPBN4pvEDgHuutMp585A9mPyTLMpump_1m_1777443177_1777445592.json,
55PB376nxsrBLTZr1UdQSk6M89AxPif6oKmbmZmWq5dr,EPo6akAM2AiECbMh8q48kVHywyN7RMRmbpeHodKfpump,profit,uwMU1g2tTTGd9B5GrXQeALwTwn7jNh8rpkWCL1pKxZCj8P65jv8BjXT8nqxWKuJc1xUEurRqKdvP5ahxEt7TbYn,2026-04-29T06:36:25+00:00,2026-04-29T06:40:07+00:00,0.163259195,0.108873,222,data/strategy_research/wallets/55PB376nxsrBLTZr1UdQSk6M89AxPif6oKmbmZmWq5dr/klines/EPo6akAM2AiECbMh8q48kVHywyN7RMRmbpeHodKfpump_1m_1777443385_1777446007.json,
55PB376nxsrBLTZr1UdQSk6M89AxPif6oKmbmZmWq5dr,E4VuwYbTv5RmmqJGQhKdoxUWZzJGNxUXyDcsP73apzJu,profit,3h3rU9LYLwUTYbtopkbjozZLgbUNYhaxE4MPinQWnpcX5W3BtiUaEJDWqSFdQQDinbjnrzPYJgN84T8JDG4dra1,2026-04-29T06:40:46+00:00,2026-04-29T06:41:02+00:00,0.042481643,0.430855,16,data/strategy_research/wallets/55PB376nxsrBLTZr1UdQSk6M89AxPif6oKmbmZmWq5dr/klines/E4VuwYbTv5RmmqJGQhKdoxUWZzJGNxUXyDcsP73apzJu_1m_1777443646_1777446062.json,
55PB376nxsrBLTZr1UdQSk6M89AxPif6oKmbmZmWq5dr,F92bdh9DZMGUeASuwXepC2A3Dz8umaGvRgjzJgDypump,profit,42QtpDQQz5NChgwLdpfaCAbE1NyJFweJ9WkqyjqXid1e1Ky1FKWv1REKscScD9LV4BTkPtuweYFWqN1Vr8hxTVwc,2026-04-29T06:41:23+00:00,2026-04-29T06:41:42+00:00,0.074180646,0.132082,19,data/strategy_research/wallets/55PB376nxsrBLTZr1UdQSk6M89AxPif6oKmbmZmWq5dr/klines/F92bdh9DZMGUeASuwXepC2A3Dz8umaGvRgjzJgDypump_1m_1777443683_1777446102.json,
55PB376nxsrBLTZr1UdQSk6M89AxPif6oKmbmZmWq5dr,Fu2Rm5QEf66SjnHLFxKwS3C5WdXiES2LX2hfPAWpump,loss,22ZRajVVZYx1U6KbYghGWtVn7xTSA28hSauUwuSuqWirJpWxuzMC7CzmDuuz7vPy5LxVr8i8Er5hUdaD2PGUtTwP,2026-04-29T06:47:54+00:00,2026-04-29T06:48:20+00:00,-0.029368462,-0.058775,26,data/strategy_research/wallets/55PB376nxsrBLTZr1UdQSk6M89AxPif6oKmbmZmWq5dr/klines/Fu2Rm5QEf66SjnHLFxKwS3C5WdXiES2LX2hfPAWpump_1m_1777444074_1777446500.json,
55PB376nxsrBLTZr1UdQSk6M89AxPif6oKmbmZmWq5dr,GASyGb3FKcUU5atCePcG39QwuLkLiHQ6bub8doEfpump,profit,3CQi7tJGMvUQHRzGPUQtKmsZeUvmSBfGuG2Ywutg8LFgY4M3SFtb5C2VNST9ekM8v83TwnmdDjzbPPD86EyBQZ3Y,2026-04-29T06:54:23+00:00,2026-04-29T06:55:06+00:00,0.015283589,0.030572,43,data/strategy_research/wallets/55PB376nxsrBLTZr1UdQSk6M89AxPif6oKmbmZmWq5dr/klines/GASyGb3FKcUU5atCePcG39QwuLkLiHQ6bub8doEfpump_1m_1777444463_1777446906.json,
55PB376nxsrBLTZr1UdQSk6M89AxPif6oKmbmZmWq5dr,EAE9oXaQfoZrB4Lofyo13WyiGkWu73VVS9dGZrxhpump,profit,5nR3TyxCdvMcqHN7thQY7WDYZY2vBZYBRHdPwLXiPxwmPcG3NGrRum7DSss6c4qkRMJntHzUwHG9fmgJLwCUuyeH,2026-04-29T07:00:50+00:00,2026-04-29T07:01:23+00:00,0.195377706,0.320264,33,data/strategy_research/wallets/55PB376nxsrBLTZr1UdQSk6M89AxPif6oKmbmZmWq5dr/klines/EAE9oXaQfoZrB4Lofyo13WyiGkWu73VVS9dGZrxhpump_1m_1777444850_1777447283.json,
55PB376nxsrBLTZr1UdQSk6M89AxPif6oKmbmZmWq5dr,6eZAb5VQBD75KuEMEuUAVfsdnjikVxZmHCggLy4Ppump,profit,3xNApXgjqJDWuNum4MJixvSyxNRp8nbAVb1ANJyCf2U6KVWmCtibWP892EryFEjuwevqcL6PxYGhA1LJu3ZfCkVF,2026-04-29T07:03:34+00:00,2026-04-29T07:03:56+00:00,0.010033961,0.017567,22,data/strategy_research/wallets/55PB376nxsrBLTZr1UdQSk6M89AxPif6oKmbmZmWq5dr/klines/6eZAb5VQBD75KuEMEuUAVfsdnjikVxZmHCggLy4Ppump_1m_1777445014_1777447436.json,
55PB376nxsrBLTZr1UdQSk6M89AxPif6oKmbmZmWq5dr,7wKewyb1mqbqLWkR2ruJ3Y5bTubi81P8uraanG5Ypump,loss,66NMmyAGLKHXE51oWhLJHhS9CfhQvzLa2Ysr4tK3xi5HPCwkLtnhQ63R85eU8ocNcVDTbeDcp9oVcygXdz1Vhnp,2026-04-29T07:07:06+00:00,2026-04-29T07:08:03+00:00,-0.261442883,-0.522886,57,data/strategy_research/wallets/55PB376nxsrBLTZr1UdQSk6M89AxPif6oKmbmZmWq5dr/klines/7wKewyb1mqbqLWkR2ruJ3Y5bTubi81P8uraanG5Ypump_1m_1777445226_1777447683.json,
55PB376nxsrBLTZr1UdQSk6M89AxPif6oKmbmZmWq5dr,3a1ovj7dNJ87r4jj93PB2xSaowtnF2YaA8kCy7eSpump,loss,5wjWReCShy5dYBVWazQmXbGBdBTGjvSyGgmiQPXqbADJyuJNh9wTZRohWa3EdmQG3aCgPSps3qg9NW1pDyHLehZi,2026-04-29T07:08:58+00:00,2026-04-29T07:09:09+00:00,-0.078775889,-0.160422,11,data/strategy_research/wallets/55PB376nxsrBLTZr1UdQSk6M89AxPif6oKmbmZmWq5dr/klines/3a1ovj7dNJ87r4jj93PB2xSaowtnF2YaA8kCy7eSpump_1m_1777445338_1777447749.json,
55PB376nxsrBLTZr1UdQSk6M89AxPif6oKmbmZmWq5dr,88zHjd1LL7pwBjommuMdLrf9yHmH3iwcuFb3ikAvpump,loss,54mLnAkyLQaAE7jBoHPrgCxKKb7itk8jCD8irp9q4R4UkGBbgtYdHbyVyaMd5tWzBTPuQPkDwnVkWaRrKUq8XT3A,2026-04-29T07:10:43+00:00,2026-04-29T07:11:47+00:00,-0.038035385,-0.076150,64,data/strategy_research/wallets/55PB376nxsrBLTZr1UdQSk6M89AxPif6oKmbmZmWq5dr/klines/88zHjd1LL7pwBjommuMdLrf9yHmH3iwcuFb3ikAvpump_1m_1777445443_1777447907.json,
55PB376nxsrBLTZr1UdQSk6M89AxPif6oKmbmZmWq5dr,CaTc99L3DGKQaCDicYAjpWZdvbsiygZN4omPAZhmpump,profit,RAitganaAZBKDCShJqPqrwqKkct76T4cfPwXs1jULh2ShXE26EW6f8Ctn1fn4nSumZoFFq6f5MURkpTFVcaDGPX,2026-04-29T07:13:48+00:00,2026-04-29T07:14:28+00:00,0.049508664,0.099017,40,data/strategy_research/wallets/55PB376nxsrBLTZr1UdQSk6M89AxPif6oKmbmZmWq5dr/klines/CaTc99L3DGKQaCDicYAjpWZdvbsiygZN4omPAZhmpump_1m_1777445628_1777448068.json,
55PB376nxsrBLTZr1UdQSk6M89AxPif6oKmbmZmWq5dr,7ZVztNusCidFiHuscBFz7dAygHogBRfcJVMR3aGkpump,profit,MLmSS5BVMk2Rpj4QDd2A2X12bx4NxZj37gwB2oEmBCwR9oFQ7XgrSb3rv5hkgMBkeDu59E48ugDNp1zCyD9bVi3,2026-04-29T07:14:41+00:00,2026-04-29T07:15:57+00:00,0.013754080,0.027508,76,data/strategy_research/wallets/55PB376nxsrBLTZr1UdQSk6M89AxPif6oKmbmZmWq5dr/klines/7ZVztNusCidFiHuscBFz7dAygHogBRfcJVMR3aGkpump_1m_1777445681_1777448157.json,
55PB376nxsrBLTZr1UdQSk6M89AxPif6oKmbmZmWq5dr,SEbDZ4TRfKUvWxPm7fRxQinWNWJSAFEWeHCz2Kapump,profit,39zkkTNnBsUDeo3EPdtPhLhMWMTXzboCi32hJjeCemEPTyK3TzwC7KxXmHoH5K8PJLz2v4w6YTC4o6NhJfADaZP5,2026-04-29T07:19:59+00:00,2026-04-29T07:21:23+00:00,0.086255074,0.172510,84,data/strategy_research/wallets/55PB376nxsrBLTZr1UdQSk6M89AxPif6oKmbmZmWq5dr/klines/SEbDZ4TRfKUvWxPm7fRxQinWNWJSAFEWeHCz2Kapump_1m_1777445999_1777448483.json,
55PB376nxsrBLTZr1UdQSk6M89AxPif6oKmbmZmWq5dr,tjn8grxUZug5xn5VswjweXGzfrZYNjwX7JWWXF3pump,loss,4ySjUY8AZXUM3QUmriPW8NGtp1wn11V1Kdg71tkfZWxKsogMGyWjfV14FhD4z131R6acdJdV1nQ7EdD33G6mhdEm,2026-04-29T07:37:33+00:00,2026-04-29T07:38:06+00:00,-0.008075812,-0.016163,33,data/strategy_research/wallets/55PB376nxsrBLTZr1UdQSk6M89AxPif6oKmbmZmWq5dr/klines/tjn8grxUZug5xn5VswjweXGzfrZYNjwX7JWWXF3pump_1m_1777447053_1777449486.json,
55PB376nxsrBLTZr1UdQSk6M89AxPif6oKmbmZmWq5dr,98d1zQZStVJEKeTnxnsamTE2EVRyPtLV23WcZvHTpump,loss,37c7m1VQ5YXaUW7d4HaQMek4vC8BsERYZ7d5iiP5K5DxXyr5aFAphxnNVWaKMy6Raf31cHEWU1nHYv5v5y3WXFZE,2026-04-29T07:43:18+00:00,2026-04-29T07:43:45+00:00,-0.012429937,-0.022391,27,data/strategy_research/wallets/55PB376nxsrBLTZr1UdQSk6M89AxPif6oKmbmZmWq5dr/klines/98d1zQZStVJEKeTnxnsamTE2EVRyPtLV23WcZvHTpump_1m_1777447398_1777449825.json,
55PB376nxsrBLTZr1UdQSk6M89AxPif6oKmbmZmWq5dr,DLeaRYKbquAHyDv6kAz7teAnojNnmpjeD8t1ijh1pump,loss,32qN8fyueTcSVGwJ1qJXvmZqZ965HD6myux3d6gSXmdDtvW6nuUABXhwKgbGguBQN2P8yAojsEpkVcv67UwZpa3M,2026-04-29T08:36:57+00:00,2026-04-29T08:37:40+00:00,-0.086291067,-0.156192,43,data/strategy_research/wallets/55PB376nxsrBLTZr1UdQSk6M89AxPif6oKmbmZmWq5dr/klines/DLeaRYKbquAHyDv6kAz7teAnojNnmpjeD8t1ijh1pump_1m_1777450617_1777453060.json,
55PB376nxsrBLTZr1UdQSk6M89AxPif6oKmbmZmWq5dr,3x8PdworsRHX6TxSFwancm48KaFnmcqw3r15f5Gwpump,loss,2eJCGMTcSPtnVzmjTFyF9bUtRPDiuWHpQruJ7Hsep2Tirbkk5pAfRqBRwmshEPddEP1JumajpS1GkeDzmYp6ps1u,2026-04-29T08:44:56+00:00,2026-04-29T08:45:11+00:00,-0.079440300,-0.158881,15,data/strategy_research/wallets/55PB376nxsrBLTZr1UdQSk6M89AxPif6oKmbmZmWq5dr/klines/3x8PdworsRHX6TxSFwancm48KaFnmcqw3r15f5Gwpump_1m_1777451096_1777453511.json,
55PB376nxsrBLTZr1UdQSk6M89AxPif6oKmbmZmWq5dr,BX4eMWGB2P1GWwzT3f9Egt8KiNcfhgGPE8geJcpXpump,loss,41RFitzNFbXmvcrEDU71h27rDwEC4BXH8wNookxFNMfoi9dkH7WpMoUDdzPcHsAQJVxCqvGEpUgJQsp3hnLap68z,2026-04-29T08:47:15+00:00,2026-04-29T08:47:37+00:00,-0.202166719,-0.404333,22,data/strategy_research/wallets/55PB376nxsrBLTZr1UdQSk6M89AxPif6oKmbmZmWq5dr/klines/BX4eMWGB2P1GWwzT3f9Egt8KiNcfhgGPE8geJcpXpump_1m_1777451235_1777453657.json,
55PB376nxsrBLTZr1UdQSk6M89AxPif6oKmbmZmWq5dr,E99TXmhG9ppHzm17eKkruMmA7rVfQePqoeHipUJppump,loss,2FYdbqLRB5qPbdeJCyHKa8BLrNg43eXiHBTBEckp7RfNuu3nthG3KS1pcTLbZzSVGiF24i5przJBdCbfxZ7Qgydu,2026-04-29T08:48:30+00:00,2026-04-29T08:48:36+00:00,-0.079640457,-0.147210,6,data/strategy_research/wallets/55PB376nxsrBLTZr1UdQSk6M89AxPif6oKmbmZmWq5dr/klines/E99TXmhG9ppHzm17eKkruMmA7rVfQePqoeHipUJppump_1m_1777451310_1777453716.json,
55PB376nxsrBLTZr1UdQSk6M89AxPif6oKmbmZmWq5dr,5eMXSW5rDTBCU3ZEiGaTeeesTqM7FPNg1KcS3krNpump,profit,3S5tSX9cNXuqSzdxeWgk6Hpud8ub6zV66Rsp3hYYMYT8vH5mY4bPK52WguKzkiGjFS1yiLuRXdD2UFEjwcPx7Sf7,2026-04-29T08:57:34+00:00,2026-04-29T08:59:06+00:00,1.112747618,2.131602,92,data/strategy_research/wallets/55PB376nxsrBLTZr1UdQSk6M89AxPif6oKmbmZmWq5dr/klines/5eMXSW5rDTBCU3ZEiGaTeeesTqM7FPNg1KcS3krNpump_1m_1777451854_1777454346.json,
55PB376nxsrBLTZr1UdQSk6M89AxPif6oKmbmZmWq5dr,9EZW54MXnwR5pbFBLEeEtP68AyLpBMiMNcqVjgYspump,profit,GdqJxR9tMapW8382mtHKxZdi5PXk4gdsMmHYEkE6n75iaqvHP3GNugDmALbEBNQx45g9oK4B8ZyxkWgujGuNtsW,2026-04-29T09:02:41+00:00,2026-04-29T09:04:48+00:00,0.583495358,0.583625,127,data/strategy_research/wallets/55PB376nxsrBLTZr1UdQSk6M89AxPif6oKmbmZmWq5dr/klines/9EZW54MXnwR5pbFBLEeEtP68AyLpBMiMNcqVjgYspump_1m_1777452161_1777454688.json,
55PB376nxsrBLTZr1UdQSk6M89AxPif6oKmbmZmWq5dr,DuuZid3VsVNzNUiJvxx1sEnr9rM2QirNVr9r8A58pump,profit,rYC23BnKhTtT7USu4ffXmQSHSEmKCCZz17rWJZzCBRwfRYv5QC1EzoUNbHqiodh4dHzgJRGVSo6vgfjdQBCXjMs,2026-04-29T09:08:02+00:00,2026-04-29T09:08:43+00:00,0.024649515,0.040600,41,data/strategy_research/wallets/55PB376nxsrBLTZr1UdQSk6M89AxPif6oKmbmZmWq5dr/klines/DuuZid3VsVNzNUiJvxx1sEnr9rM2QirNVr9r8A58pump_1m_1777452482_1777454923.json,
55PB376nxsrBLTZr1UdQSk6M89AxPif6oKmbmZmWq5dr,9LdQTLF47JL1X3gwGcqZuBBPqE5qAyNhenmJYxDppump,loss,2EtEKTGHPfLMhBxJw4U4oyEF5cv1NHJrwUWvFiDC4XmbmVWzWbzaxDPuUgWcsJG5hFBu1xdcwpcx3ViesabNnem6,2026-04-29T09:08:22+00:00,2026-04-29T09:10:48+00:00,-0.005464146,-0.003518,146,data/strategy_research/wallets/55PB376nxsrBLTZr1UdQSk6M89AxPif6oKmbmZmWq5dr/klines/9LdQTLF47JL1X3gwGcqZuBBPqE5qAyNhenmJYxDppump_1m_1777452502_1777455048.json,
55PB376nxsrBLTZr1UdQSk6M89AxPif6oKmbmZmWq5dr,BFQbT1xeg7N9vGwC5cjQgN8F8MzgC3w1hv3k9tGypump,profit,AufPMrp5pUsh2FuK3imx8UTgdbaAyHsgQFrU3hgJ6qK33NUn5B3Lnctq59pPBooXyQRhdeguabWhWWRZPb2Mfpa,2026-04-29T09:16:37+00:00,2026-04-29T09:16:50+00:00,0.041682111,0.075564,13,data/strategy_research/wallets/55PB376nxsrBLTZr1UdQSk6M89AxPif6oKmbmZmWq5dr/klines/BFQbT1xeg7N9vGwC5cjQgN8F8MzgC3w1hv3k9tGypump_1m_1777452997_1777455410.json,
55PB376nxsrBLTZr1UdQSk6M89AxPif6oKmbmZmWq5dr,DZQKJPbkx7xZK68CKkQy3hzUfaoELkTCEq4n2uGWpump,loss,2MgAgGBupNW8A9HAhABicr8tA3i1La9xcuYFspAcCg353S37jTnF5jjA26b9XGPqBP3dU9q8r8tSVkV6feP54W24,2026-04-29T09:20:58+00:00,2026-04-29T09:21:39+00:00,-0.006245994,-0.012500,41,data/strategy_research/wallets/55PB376nxsrBLTZr1UdQSk6M89AxPif6oKmbmZmWq5dr/klines/DZQKJPbkx7xZK68CKkQy3hzUfaoELkTCEq4n2uGWpump_1m_1777453258_1777455699.json,
55PB376nxsrBLTZr1UdQSk6M89AxPif6oKmbmZmWq5dr,7b6gLvyhHViprRso1weiaGLqazsKbsYiYsXuwAAKpump,loss,3emHHiGHebJAiCU7LaG9frR6zrkzkybrNXtLRCHTieyZSZSfCzqEa6Pf1JAHENdY3xjB9aX2g9Gh9byNWYzpRFVk,2026-04-29T09:21:44+00:00,2026-04-29T09:22:00+00:00,-0.017674856,-0.035355,16,data/strategy_research/wallets/55PB376nxsrBLTZr1UdQSk6M89AxPif6oKmbmZmWq5dr/klines/7b6gLvyhHViprRso1weiaGLqazsKbsYiYsXuwAAKpump_1m_1777453304_1777455720.json,
55PB376nxsrBLTZr1UdQSk6M89AxPif6oKmbmZmWq5dr,HS1Vh4K1rpXLAw2RUNx8MCjWb9arnE6qQnXyBZ47pump,profit,3rPGNTW9YeAnCBZutRM5VTnGvUNFm6VnTh5Hd9bP5aYLHVsnnpki5ygjPDRotx3xjggeFZdqaQa8Mr79kDuvkw77,2026-04-29T09:25:59+00:00,2026-04-29T09:30:19+00:00,0.271938147,0.543876,260,data/strategy_research/wallets/55PB376nxsrBLTZr1UdQSk6M89AxPif6oKmbmZmWq5dr/klines/HS1Vh4K1rpXLAw2RUNx8MCjWb9arnE6qQnXyBZ47pump_1m_1777453559_1777456219.json,
55PB376nxsrBLTZr1UdQSk6M89AxPif6oKmbmZmWq5dr,Gcn2k5fFT17WbpZCR7WDDQYXJ8pd1SazbCLMzS7Dpump,loss,3SLvFEgUjXoonkqHvz141BpMsu2moLuAMLdMGJRwiXH8hVyitSz7MnzdjCYXxu8pryMExyE9gSDiiHyBeRQz63Vm,2026-04-29T09:27:34+00:00,2026-04-29T09:27:54+00:00,-0.051593351,-0.103245,20,data/strategy_research/wallets/55PB376nxsrBLTZr1UdQSk6M89AxPif6oKmbmZmWq5dr/klines/Gcn2k5fFT17WbpZCR7WDDQYXJ8pd1SazbCLMzS7Dpump_1m_1777453654_1777456074.json,
55PB376nxsrBLTZr1UdQSk6M89AxPif6oKmbmZmWq5dr,8jdhqDAWL3xJ9AK4tbuLU9ui1zf9D3oGPxEtWZ4vpump,loss,2vCAmyVUDjHAvf2ZMUESkbQ8itVutYBZ8ocVHgPgN7a6RQUytqq2fJCTaGu1tPrwJrvrMG3fxbs6CHEUvrGanaAU,2026-04-29T09:28:08+00:00,2026-04-29T09:28:15+00:00,-0.078417223,-0.156950,7,data/strategy_research/wallets/55PB376nxsrBLTZr1UdQSk6M89AxPif6oKmbmZmWq5dr/klines/8jdhqDAWL3xJ9AK4tbuLU9ui1zf9D3oGPxEtWZ4vpump_1m_1777453688_1777456095.json,
55PB376nxsrBLTZr1UdQSk6M89AxPif6oKmbmZmWq5dr,3Xps1UwWmHFLv9R29reKoV8hCAbFD6DxZk3Xjckopump,profit,62aWJ5UEAksauS6tcfFkL9Sob51dq5QgSTr37KHYStMZfgYPMSWHagrwPTFihotcZHdhVbBBJj6v6x36W4Ep9iCo,2026-04-29T09:39:03+00:00,2026-04-29T09:39:45+00:00,0.049811491,0.099638,42,data/strategy_research/wallets/55PB376nxsrBLTZr1UdQSk6M89AxPif6oKmbmZmWq5dr/klines/3Xps1UwWmHFLv9R29reKoV8hCAbFD6DxZk3Xjckopump_1m_1777454343_1777456785.json,
55PB376nxsrBLTZr1UdQSk6M89AxPif6oKmbmZmWq5dr,3R82c9xNofKmbAaW7WbeaHc4KWNgWL5nnvQvxYxQpump,loss,NZn8pV8y4tTNgn7CaMPw9sgJLQ5Hu3jCYqWRLHAswGwD7JJUcTR7VM98Xk1pEN5kndbA9uRpvX7RxkmDgvsBjxK,2026-04-29T09:43:38+00:00,2026-04-29T09:44:02+00:00,-0.156518936,-0.316371,24,data/strategy_research/wallets/55PB376nxsrBLTZr1UdQSk6M89AxPif6oKmbmZmWq5dr/klines/3R82c9xNofKmbAaW7WbeaHc4KWNgWL5nnvQvxYxQpump_1m_1777454618_1777457042.json,
55PB376nxsrBLTZr1UdQSk6M89AxPif6oKmbmZmWq5dr,4eoAmGt465BphcZhyky68EuGu8AwTVXfkiYpGeo1pump,loss,31hAse8A7N4WfBz1hBAf2JFVq2BJNbSQBC8kRzPoz9Vy6jPHouDrZHFFAQcfqZ9PGf5XegUkEgrBNNEiTDw1mAYU,2026-04-29T09:43:59+00:00,2026-04-29T09:51:07+00:00,-0.128560555,-0.063704,428,data/strategy_research/wallets/55PB376nxsrBLTZr1UdQSk6M89AxPif6oKmbmZmWq5dr/klines/4eoAmGt465BphcZhyky68EuGu8AwTVXfkiYpGeo1pump_1m_1777454639_1777457467.json,
55PB376nxsrBLTZr1UdQSk6M89AxPif6oKmbmZmWq5dr,FK8NdVVYAMxGu3yGwCNeWh3gcyDeDtL7XoFLDsVvpump,profit,34wbgto1TV1SVmAZPuGSeK44D93J7GmbFNq5uc4rEnee9sPqcHtPfTsCmP5zJDCPiCfTr24GmkLU9vZzaZxArx1q,2026-04-29T09:48:00+00:00,2026-04-29T09:48:47+00:00,0.040436950,0.080874,47,data/strategy_research/wallets/55PB376nxsrBLTZr1UdQSk6M89AxPif6oKmbmZmWq5dr/klines/FK8NdVVYAMxGu3yGwCNeWh3gcyDeDtL7XoFLDsVvpump_1m_1777454880_1777457327.json,
55PB376nxsrBLTZr1UdQSk6M89AxPif6oKmbmZmWq5dr,BEFGTBRvCvnoTAqsXC98EvFyBjza5tVxtMsKfFRBpump,profit,3YoEGeMh7ZuSzZRzYCs8A4bvSKX1kHDcqmS89iYJ2jGAQSM6t1B93y1UMpNUv4N5QAgZCCQjGhNTJ5WwWJyi8Qnu,2026-04-29T09:49:01+00:00,2026-04-29T09:50:15+00:00,0.289454252,0.453689,74,data/strategy_research/wallets/55PB376nxsrBLTZr1UdQSk6M89AxPif6oKmbmZmWq5dr/klines/BEFGTBRvCvnoTAqsXC98EvFyBjza5tVxtMsKfFRBpump_1m_1777454941_1777457415.json,
55PB376nxsrBLTZr1UdQSk6M89AxPif6oKmbmZmWq5dr,ATw5RFWAhbp9FSsVz7HK6dt6zVaGXuqYEnTupBWPpump,profit,3ET2W1xaXihSf5QASbQEQAaU5PQ42dwKjNYxXh7bmVM4QSaRx298uyMXepKMTJ4nt3nuYBva2AKJA45a6EaPkBKF,2026-04-29T10:05:52+00:00,2026-04-29T10:07:27+00:00,0.094423725,0.188034,95,data/strategy_research/wallets/55PB376nxsrBLTZr1UdQSk6M89AxPif6oKmbmZmWq5dr/klines/ATw5RFWAhbp9FSsVz7HK6dt6zVaGXuqYEnTupBWPpump_1m_1777455952_1777458447.json,
55PB376nxsrBLTZr1UdQSk6M89AxPif6oKmbmZmWq5dr,2MNaTukcJbkMvV1uM9iGwcSck9XS2tyFT3BfkTXjpump,loss,5BRMydjAzB7BjjB7Ap4qnjgdh9KtzfsDH1wb8bN341szLdewLzVyiJhbD6TZAGEMgSZZnDRBnTXzmkKuMURbfrUv,2026-04-29T10:08:12+00:00,2026-04-29T10:08:32+00:00,-0.038071325,-0.076201,20,data/strategy_research/wallets/55PB376nxsrBLTZr1UdQSk6M89AxPif6oKmbmZmWq5dr/klines/2MNaTukcJbkMvV1uM9iGwcSck9XS2tyFT3BfkTXjpump_1m_1777456092_1777458512.json,
55PB376nxsrBLTZr1UdQSk6M89AxPif6oKmbmZmWq5dr,JBLNPDbZvJNXKfSWqoXvCnBkvoWyhZr7Jd1KZHwWpump,loss,4R1DjBh7AtdeB4oNHrxQ9dJJ3FCJQVb91Y8iCyUC1ECKkGnKa3SnP7t6UYofmoET6uYkhKjKw9UFpoNnXHayMeRc,2026-04-29T10:10:32+00:00,2026-04-29T10:11:06+00:00,-0.138705760,-0.286574,34,data/strategy_research/wallets/55PB376nxsrBLTZr1UdQSk6M89AxPif6oKmbmZmWq5dr/klines/JBLNPDbZvJNXKfSWqoXvCnBkvoWyhZr7Jd1KZHwWpump_1m_1777456232_1777458666.json,
55PB376nxsrBLTZr1UdQSk6M89AxPif6oKmbmZmWq5dr,3Ky1XiMUJSa253EuG4pm6K4rLqRdACLfJynDRCqKpump,loss,2ZAHLVjCSXHyQPCm974VerGU2VvVtAFcWnnGESC4xQdG5SkwuDQ9NF6hVpeQpj8WUwNrHDbetuGLyp7RFuc8zmfB,2026-04-29T10:12:32+00:00,2026-04-29T10:12:40+00:00,-0.174737430,-0.349559,8,data/strategy_research/wallets/55PB376nxsrBLTZr1UdQSk6M89AxPif6oKmbmZmWq5dr/klines/3Ky1XiMUJSa253EuG4pm6K4rLqRdACLfJynDRCqKpump_1m_1777456352_1777458760.json,
55PB376nxsrBLTZr1UdQSk6M89AxPif6oKmbmZmWq5dr,36rurryfBXL8n5vfokRTocLvyxnoE1qugf8f39ZYpump,loss,4BoHi51RV2ACK5NHQvS5PGzRuSt3TRiGXdwMW2hc6bEenuQB893634hDbGfxrUjcRGVJpK3dQWty5qxyy9q5nb9h,2026-04-29T10:17:35+00:00,2026-04-29T10:17:40+00:00,-0.155482457,-0.314455,5,data/strategy_research/wallets/55PB376nxsrBLTZr1UdQSk6M89AxPif6oKmbmZmWq5dr/klines/36rurryfBXL8n5vfokRTocLvyxnoE1qugf8f39ZYpump_1m_1777456655_1777459060.json,
55PB376nxsrBLTZr1UdQSk6M89AxPif6oKmbmZmWq5dr,2rUxzz58pVQz6KHT2NfHcxtdK6vdaXZaQgM58FJapump,loss,2UhJpcVjBnibgp5i8za2Hq3bqhZeYTKdP8k4LyS6yy4dN1p2f6fkj2WFfrzqfsn1CrcsTYRXuuadDVqj5c43HUEG,2026-04-29T10:25:16+00:00,2026-04-29T10:25:38+00:00,-0.128295627,-0.254578,22,data/strategy_research/wallets/55PB376nxsrBLTZr1UdQSk6M89AxPif6oKmbmZmWq5dr/klines/2rUxzz58pVQz6KHT2NfHcxtdK6vdaXZaQgM58FJapump_1m_1777457116_1777459538.json,
55PB376nxsrBLTZr1UdQSk6M89AxPif6oKmbmZmWq5dr,EtAqs7SjR5cp5wgRujYVmZhnb9dRoFJVwbEisHKypump,profit,tqRWAgxbxvBqgsscCnw6LEHNAPjnYPmdFudAzWWYcvtJXn45mAK9eStNU1eNacZyFXr4Y35CibYaZBtdvUP5arr,2026-04-29T10:42:31+00:00,2026-04-29T10:42:58+00:00,0.060593928,0.125028,27,data/strategy_research/wallets/55PB376nxsrBLTZr1UdQSk6M89AxPif6oKmbmZmWq5dr/klines/EtAqs7SjR5cp5wgRujYVmZhnb9dRoFJVwbEisHKypump_1m_1777458151_1777460578.json,
55PB376nxsrBLTZr1UdQSk6M89AxPif6oKmbmZmWq5dr,Gu8aoaTcmxyyT9FKtQkfddrvW7HwXJRRcgDLhAn2pump,loss,434k1YwfGXRjCu5Fjyxq816zrmqVxehwGmuotwWpSowpEgDWD8KxGyoF5V3DFLjc2zM6u1Te5hGKMFq5ZQKJHdZZ,2026-04-29T10:43:34+00:00,2026-04-29T10:43:44+00:00,-0.051836257,-0.103688,10,data/strategy_research/wallets/55PB376nxsrBLTZr1UdQSk6M89AxPif6oKmbmZmWq5dr/klines/Gu8aoaTcmxyyT9FKtQkfddrvW7HwXJRRcgDLhAn2pump_1m_1777458214_1777460624.json,
55PB376nxsrBLTZr1UdQSk6M89AxPif6oKmbmZmWq5dr,28uAqq1hGrh8tqmT8j9MD6FbzMxeMZgfywysNnuhpump,loss,4higcCk7cjDf8K24onL5pSrpXoC8FVix3DvZZuCWsyj5y28owqWbsXhtTZfMbixezHh5bgwauhAwpoFdjsjxkgtH,2026-04-29T10:46:13+00:00,2026-04-29T10:47:25+00:00,-0.151918016,-0.313087,72,data/strategy_research/wallets/55PB376nxsrBLTZr1UdQSk6M89AxPif6oKmbmZmWq5dr/klines/28uAqq1hGrh8tqmT8j9MD6FbzMxeMZgfywysNnuhpump_1m_1777458373_1777460845.json,
55PB376nxsrBLTZr1UdQSk6M89AxPif6oKmbmZmWq5dr,DiqmbYhdd7HoytAabr5AQdTBrB8DMTupgukE2ZHEpump,loss,4CWkovCjGx1JLZPhFzvSsCcnCZ7cEqz2oCcuaXkEojDNGCLunxFUhQAdW18BWKMHpi2UCxeZdYjo4S3kZt89Virf,2026-04-29T10:47:08+00:00,2026-04-29T10:47:38+00:00,-0.019946315,-0.039952,30,data/strategy_research/wallets/55PB376nxsrBLTZr1UdQSk6M89AxPif6oKmbmZmWq5dr/klines/DiqmbYhdd7HoytAabr5AQdTBrB8DMTupgukE2ZHEpump_1m_1777458428_1777460858.json,
55PB376nxsrBLTZr1UdQSk6M89AxPif6oKmbmZmWq5dr,E6xoDtQRrYp7RGtmNT7M7BNv6WLumhMzVm5qpDQCpump,loss,39vb8qLHms7eYHg2RxuxAh67FuAyBGTYbUggaFZPCB2cYenpBDTLCtxwLcSfVH9DZaXniMqnp3HbWrZQBky6r6MS,2026-04-29T10:54:51+00:00,2026-04-29T10:56:56+00:00,-0.057623058,-0.038289,125,data/strategy_research/wallets/55PB376nxsrBLTZr1UdQSk6M89AxPif6oKmbmZmWq5dr/klines/E6xoDtQRrYp7RGtmNT7M7BNv6WLumhMzVm5qpDQCpump_1m_1777458891_1777461416.json,
