rank,name,rule_type,expression,matched,profit_count,loss_count,win_rate,lift_vs_baseline,avg_roi,avg_pnl_sol,median_holding_seconds,avg_max_runup,avg_max_drawdown,avg_exit_efficiency
1,pre_5m_return >= 0.50 AND range >= 0.75,entry_filter_combo,pre_5m_return >= 0.5000 AND entry_range_position >= 0.7500,10,9,1,0.900000000,0.400000000,0.364796800,0.208039811,95,0.468497308,-0.480610534,0.932040815
2,pre_5m_return >= 0.10 AND volume >= 1.50x AND range >= 0.75,entry_filter_combo,pre_5m_return >= 0.1000 AND pre_5m_volume_spike >= 1.5000 AND entry_range_position >= 0.7500,10,9,1,0.900000000,0.400000000,0.331099700,0.181597417,89,0.408654270,-0.485031737,0.934200597
3,pre_5m_return >= 0.25 AND volume >= 1.50x AND range >= 0.75,entry_filter_combo,pre_5m_return >= 0.2500 AND pre_5m_volume_spike >= 1.5000 AND entry_range_position >= 0.7500,10,9,1,0.900000000,0.400000000,0.331099700,0.181597417,89,0.408654270,-0.485031737,0.934200597
4,pre_5m_return >= 0.25 AND range >= 0.75,entry_filter_combo,pre_5m_return >= 0.2500 AND entry_range_position >= 0.7500,18,16,2,0.888888889,0.388888889,0.343266167,0.197710214,81,0.417050351,-0.391299948,0.920269221
5,pre_5m_return >= 0.25 AND range >= 0.85,entry_filter_combo,pre_5m_return >= 0.2500 AND entry_range_position >= 0.8500,16,14,2,0.875000000,0.375000000,0.273004687,0.161938654,81,0.366539820,-0.378274212,0.923232370
6,pre_5m_return >= 0.50 AND volume >= 1.50x AND range >= 0.75,entry_filter_combo,pre_5m_return >= 0.5000 AND pre_5m_volume_spike >= 1.5000 AND entry_range_position >= 0.7500,8,7,1,0.875000000,0.375000000,0.408233875,0.223076178,95,0.474078390,-0.550142777,0.935442997
7,pre_5m_return >= 1.00 AND range >= 0.75,entry_filter_combo,pre_5m_return >= 1.0000 AND entry_range_position >= 0.7500,8,7,1,0.875000000,0.375000000,0.406293375,0.222055097,89,0.501042536,-0.545578712,0.938156094
8,pre_5m_return >= 0.10 AND volume >= 2.00x AND range >= 0.75,entry_filter_combo,pre_5m_return >= 0.1000 AND pre_5m_volume_spike >= 2.0000 AND entry_range_position >= 0.7500,8,7,1,0.875000000,0.375000000,0.335902625,0.176147171,89,0.473442940,-0.502636018,0.936619918
9,pre_5m_return >= 0.25 AND volume >= 2.00x AND range >= 0.75,entry_filter_combo,pre_5m_return >= 0.2500 AND pre_5m_volume_spike >= 2.0000 AND entry_range_position >= 0.7500,8,7,1,0.875000000,0.375000000,0.335902625,0.176147171,89,0.473442940,-0.502636018,0.936619918
10,pre_5m_return >= 0.50 AND range >= 0.85,entry_filter_combo,pre_5m_return >= 0.5000 AND entry_range_position >= 0.8500,8,7,1,0.875000000,0.375000000,0.229656500,0.139079091,95,0.380337984,-0.476886707,0.940910011
11,volume >= 1.00x AND range >= 0.75,entry_filter_combo,pre_5m_volume_spike >= 1.0000 AND entry_range_position >= 0.7500,14,12,2,0.857142857,0.357142857,0.254350286,0.138669575,76,0.319365063,-0.411624136,0.913977251
12,pre_5m_return >= 0.10 AND range >= 0.75,entry_filter_combo,pre_5m_return >= 0.1000 AND entry_range_position >= 0.7500,19,16,3,0.842105263,0.342105263,0.324541632,0.186975589,76,0.395100333,-0.376682788,0.921431725
13,pre_5m_return >= 0.50 AND volume >= 1.00x,entry_filter_combo,pre_5m_return >= 0.5000 AND pre_5m_volume_spike >= 1.0000,12,10,2,0.833333333,0.333333333,0.289165250,0.159636243,89,0.506979334,-0.522381033,0.885025727
14,volume >= 1.50x AND range >= 0.75,entry_filter_combo,pre_5m_volume_spike >= 1.5000 AND entry_range_position >= 0.7500,12,10,2,0.833333333,0.333333333,0.275626667,0.151223502,76,0.342041690,-0.445254971,0.908700499
15,pre_5m_return >= 0.00 AND volume >= 1.50x AND range >= 0.75,entry_filter_combo,pre_5m_return >= 0.0000 AND pre_5m_volume_spike >= 1.5000 AND entry_range_position >= 0.7500,12,10,2,0.833333333,0.333333333,0.275626667,0.151223502,76,0.342041690,-0.445254971,0.908700499
16,pre_5m_return >= 0.10 AND range >= 0.85,entry_filter_combo,pre_5m_return >= 0.1000 AND entry_range_position >= 0.8500,17,14,3,0.823529412,0.323529412,0.256210294,0.152045342,76,0.344978654,-0.362703605,0.924357337
17,pre_5m_return >= 0.50 AND range >= 0.65,entry_filter_combo,pre_5m_return >= 0.5000 AND entry_range_position >= 0.6500,11,9,2,0.818181818,0.318181818,0.328001455,0.187313800,89,0.462591453,-0.483215888,0.912081445
18,pre_5m_return >= 0.50 AND volume >= 1.50x,entry_filter_combo,pre_5m_return >= 0.5000 AND pre_5m_volume_spike >= 1.5000,11,9,2,0.818181818,0.318181818,0.299770273,0.166307259,89,0.522533608,-0.543021462,0.881747364
19,volume >= 1.00x AND range >= 0.85,entry_filter_combo,pre_5m_volume_spike >= 1.0000 AND entry_range_position >= 0.8500,11,9,2,0.818181818,0.318181818,0.158287727,0.088059528,76,0.255534917,-0.395065155,0.948150060
20,pre_5m_return >= 0.25 AND range >= 0.65,entry_filter_combo,pre_5m_return >= 0.2500 AND entry_range_position >= 0.6500,20,16,4,0.800000000,0.300000000,0.299185300,0.165091007,81,0.429113695,-0.402817834,0.908021034
21,pre_5m_return >= 1.00,entry_filter,pre_5m_return >= 1.0000,10,8,2,0.800000000,0.300000000,0.325754100,0.180901021,89,0.548763232,-0.544957111,0.886278352
22,pre_5m_return >= 1.00 AND volume >= 1.00x,entry_filter_combo,pre_5m_return >= 1.0000 AND pre_5m_volume_spike >= 1.0000,10,8,2,0.800000000,0.300000000,0.325754100,0.180901021,89,0.548763232,-0.544957111,0.886278352
23,pre_5m_return >= 0.50 AND volume >= 1.50x AND range >= 0.50,entry_filter_combo,pre_5m_return >= 0.5000 AND pre_5m_volume_spike >= 1.5000 AND entry_range_position >= 0.5000,10,8,2,0.800000000,0.300000000,0.325032700,0.177686409,89,0.467211056,-0.539756410,0.905417398
24,pre_5m_return >= 0.25 AND range >= 0.40,entry_filter_combo,pre_5m_return >= 0.2500 AND entry_range_position >= 0.4000,24,19,5,0.791666667,0.291666667,0.258761917,0.149093694,76,0.414991742,-0.393505866,0.902542401
25,pre_5m_return >= 0.50,entry_filter,pre_5m_return >= 0.5000,14,11,3,0.785714286,0.285714286,0.260301071,0.150535263,89,0.476121730,-0.474376618,0.892883584
26,pre_20m_return >= 0.25,entry_filter,pre_20m_return >= 0.2500,27,21,6,0.777777778,0.277777778,0.212557963,0.124873378,74,0.450176093,-0.385040341,0.884590643
27,pre_5m_return >= -0.50 AND range >= 0.85,entry_filter_combo,pre_5m_return >= -0.5000 AND entry_range_position >= 0.8500,18,14,4,0.777777778,0.277777778,0.241281944,0.143251379,76,0.325813173,-0.346260781,0.927976219
28,pre_5m_return >= -0.25 AND range >= 0.85,entry_filter_combo,pre_5m_return >= -0.2500 AND entry_range_position >= 0.8500,18,14,4,0.777777778,0.277777778,0.241281944,0.143251379,76,0.325813173,-0.346260781,0.927976219
29,pre_5m_return >= 0.00 AND range >= 0.85,entry_filter_combo,pre_5m_return >= 0.0000 AND entry_range_position >= 0.8500,18,14,4,0.777777778,0.277777778,0.241281944,0.143251379,76,0.325813173,-0.346260781,0.927976219
30,pre_20m_return >= 0.50,entry_filter,pre_20m_return >= 0.5000,18,14,4,0.777777778,0.277777778,0.202449556,0.117172260,76,0.377017067,-0.413072846,0.895435759
31,pre_5m_return >= 0.50 AND volume >= 1.50x AND range >= 0.65,entry_filter_combo,pre_5m_return >= 0.5000 AND pre_5m_volume_spike >= 1.5000 AND entry_range_position >= 0.6500,9,7,2,0.777777778,0.277777778,0.358435444,0.196073679,89,0.466240003,-0.545601293,0.910670191
32,pre_5m_return >= 1.00 AND range >= 0.40,entry_filter_combo,pre_5m_return >= 1.0000 AND entry_range_position >= 0.4000,9,7,2,0.777777778,0.277777778,0.356710556,0.195166051,84,0.490208134,-0.541544347,0.913081833
33,pre_5m_return >= 1.00 AND range >= 0.50,entry_filter_combo,pre_5m_return >= 1.0000 AND entry_range_position >= 0.5000,9,7,2,0.777777778,0.277777778,0.356710556,0.195166051,84,0.490208134,-0.541544347,0.913081833
34,pre_5m_return >= 1.00 AND range >= 0.65,entry_filter_combo,pre_5m_return >= 1.0000 AND entry_range_position >= 0.6500,9,7,2,0.777777778,0.277777778,0.356710556,0.195166051,84,0.490208134,-0.541544347,0.913081833
35,pre_5m_return >= 1.00 AND volume >= 1.50x,entry_filter_combo,pre_5m_return >= 1.0000 AND pre_5m_volume_spike >= 1.5000,9,7,2,0.777777778,0.277777778,0.342781222,0.191417238,89,0.572416666,-0.572692756,0.882410644
36,volume >= 2.00x AND range >= 0.75,entry_filter_combo,pre_5m_volume_spike >= 2.0000 AND entry_range_position >= 0.7500,9,7,2,0.777777778,0.277777778,0.297191222,0.155881264,76,0.420838169,-0.454202324,0.942495174
37,pre_5m_return >= 0.00 AND volume >= 2.00x AND range >= 0.75,entry_filter_combo,pre_5m_return >= 0.0000 AND pre_5m_volume_spike >= 2.0000 AND entry_range_position >= 0.7500,9,7,2,0.777777778,0.277777778,0.297191222,0.155881264,76,0.420838169,-0.454202324,0.942495174
38,pre_5m_return >= 0.50 AND volume >= 2.00x,entry_filter_combo,pre_5m_return >= 0.5000 AND pre_5m_volume_spike >= 2.0000,9,7,2,0.777777778,0.277777778,0.297077444,0.158064783,89,0.605430056,-0.571556319,0.872241597
39,volume >= 1.50x AND range >= 0.85,entry_filter_combo,pre_5m_volume_spike >= 1.5000 AND entry_range_position >= 0.8500,9,7,2,0.777777778,0.277777778,0.165309000,0.093551421,76,0.271585943,-0.436226495,0.948708348
40,pre_5m_return >= 0.00 AND range >= 0.75,entry_filter_combo,pre_5m_return >= 0.0000 AND entry_range_position >= 0.7500,22,17,5,0.772727273,0.272727273,0.275434955,0.159075032,74,0.349867318,-0.352707340,0.905576686
41,pre_5m_return >= 0.25 AND range >= 0.50,entry_filter_combo,pre_5m_return >= 0.2500 AND entry_range_position >= 0.5000,22,17,5,0.772727273,0.272727273,0.271489045,0.149833921,76,0.412896046,-0.400299208,0.908311270
42,pre_5m_return >= 0.25,entry_filter,pre_5m_return >= 0.2500,26,20,6,0.769230769,0.269230769,0.220559462,0.129589289,76,0.467490559,-0.389729608,0.886005062
43,pre_5m_return >= 0.50 AND range >= 0.40,entry_filter_combo,pre_5m_return >= 0.5000 AND entry_range_position >= 0.4000,13,10,3,0.769230769,0.269230769,0.276697615,0.158075225,84,0.429995777,-0.466584667,0.911947935
44,pre_5m_return >= 0.50 AND range >= 0.50,entry_filter_combo,pre_5m_return >= 0.5000 AND entry_range_position >= 0.5000,13,10,3,0.769230769,0.269230769,0.276697615,0.158075225,84,0.429995777,-0.466584667,0.911947935
45,pre_5m_return >= 0.25 AND volume >= 1.50x AND range >= 0.50,entry_filter_combo,pre_5m_return >= 0.2500 AND pre_5m_volume_spike >= 1.5000 AND entry_range_position >= 0.5000,13,10,3,0.769230769,0.269230769,0.241563077,0.120862419,76,0.433681601,-0.488494418,0.907363302
46,pre_5m_return >= 0.25 AND volume >= 1.00x,entry_filter_combo,pre_5m_return >= 0.2500 AND pre_5m_volume_spike >= 1.0000,17,13,4,0.764705882,0.264705882,0.171644941,0.087586844,76,0.482319067,-0.438760865,0.886006614
47,pre_20m_return >= 1.00,entry_filter,pre_20m_return >= 1.0000,12,9,3,0.750000000,0.250000000,0.274005000,0.142991120,84,0.450641575,-0.479511047,0.881881748
48,pre_5m_return >= 0.25 AND volume >= 1.50x AND range >= 0.65,entry_filter_combo,pre_5m_return >= 0.2500 AND pre_5m_volume_spike >= 1.5000 AND entry_range_position >= 0.6500,12,9,3,0.750000000,0.250000000,0.259659333,0.129917539,89,0.430159190,-0.488606248,0.911465055
49,pre_5m_return >= 0.25 AND volume >= 2.00x,entry_filter_combo,pre_5m_return >= 0.2500 AND pre_5m_volume_spike >= 2.0000,12,9,3,0.750000000,0.250000000,0.213640833,0.101410867,89,0.534551730,-0.508072517,0.882643610
50,pre_5m_return >= 0.50 AND volume >= 2.00x AND range >= 0.50,entry_filter_combo,pre_5m_return >= 0.5000 AND pre_5m_volume_spike >= 2.0000 AND entry_range_position >= 0.5000,8,6,2,0.750000000,0.250000000,0.328318875,0.171258411,89,0.546638923,-0.571041860,0.900640920
51,pre_5m_return >= 0.50 AND volume >= 3.00x,entry_filter_combo,pre_5m_return >= 0.5000 AND pre_5m_volume_spike >= 3.0000,8,6,2,0.750000000,0.250000000,0.303377250,0.162407153,95,0.581483866,-0.543053044,0.861936716
52,pre_5m_return >= 0.10 AND range >= 0.40,entry_filter_combo,pre_5m_return >= 0.1000 AND entry_range_position >= 0.4000,27,20,7,0.740740741,0.240740741,0.230222037,0.132748910,66,0.396457119,-0.370338331,0.893214065
53,pre_5m_return >= -0.50 AND range >= 0.75,entry_filter_combo,pre_5m_return >= -0.5000 AND entry_range_position >= 0.7500,23,17,6,0.739130435,0.239130435,0.256484652,0.148733687,66,0.340893890,-0.347877068,0.895039863
54,pre_5m_return >= -0.25 AND range >= 0.75,entry_filter_combo,pre_5m_return >= -0.2500 AND entry_range_position >= 0.7500,23,17,6,0.739130435,0.239130435,0.256484652,0.148733687,66,0.340893890,-0.347877068,0.895039863
55,pre_5m_return >= 0.25 AND volume >= 1.50x,entry_filter_combo,pre_5m_return >= 0.2500 AND pre_5m_volume_spike >= 1.5000,15,11,4,0.733333333,0.233333333,0.177638667,0.090818955,76,0.522187569,-0.469283764,0.878055794
56,pre_5m_return >= 0.10 AND range >= 0.65,entry_filter_combo,pre_5m_return >= 0.1000 AND entry_range_position >= 0.6500,22,16,6,0.727272727,0.227272727,0.270400682,0.149233752,76,0.395029654,-0.379850072,0.909318017
57,pre_5m_return >= 0.25 AND volume >= 2.00x AND range >= 0.50,entry_filter_combo,pre_5m_return >= 0.2500 AND pre_5m_volume_spike >= 2.0000 AND entry_range_position >= 0.5000,11,8,3,0.727272727,0.227272727,0.228776727,0.105855877,76,0.485351058,-0.501927111,0.904243300
58,pre_5m_return >= 0.10 AND volume >= 1.00x,entry_filter_combo,pre_5m_return >= 0.1000 AND pre_5m_volume_spike >= 1.0000,18,13,5,0.722222222,0.222222222,0.160865167,0.082030356,76,0.461544590,-0.424761429,0.886907296
59,pre_20m_return >= 0.10,entry_filter,pre_20m_return >= 0.1000,32,23,9,0.718750000,0.218750000,0.177760094,0.104685790,64,0.407597331,-0.345567807,0.882344663
60,pre_5m_return >= 0.10 AND volume >= 1.50x AND range >= 0.50,entry_filter_combo,pre_5m_return >= 0.1000 AND pre_5m_volume_spike >= 1.5000 AND entry_range_position >= 0.5000,14,10,4,0.714285714,0.214285714,0.222709214,0.111341537,76,0.410445664,-0.466942746,0.906995844
61,pre_5m_return >= 0.00 AND range >= 0.40,entry_filter_combo,pre_5m_return >= 0.0000 AND entry_range_position >= 0.4000,31,22,9,0.709677419,0.209677419,0.201606290,0.116180514,62,0.352005475,-0.348002683,0.887577983
62,pre_5m_return >= 0.10,entry_filter,pre_5m_return >= 0.1000,31,22,9,0.709677419,0.209677419,0.183348516,0.107989858,64,0.420745632,-0.348227432,0.883458500
63,pre_5m_return >= 0.10 AND range >= 0.50,entry_filter_combo,pre_5m_return >= 0.1000 AND entry_range_position >= 0.5000,24,17,7,0.708333333,0.208333333,0.247411167,0.136569528,74,0.383003812,-0.379455312,0.909475984
64,pre_5m_return >= 0.25 AND volume >= 2.00x AND range >= 0.65,entry_filter_combo,pre_5m_return >= 0.2500 AND pre_5m_volume_spike >= 2.0000 AND entry_range_position >= 0.6500,10,7,3,0.700000000,0.200000000,0.249213600,0.115221366,89,0.486291110,-0.503404576,0.908853404
65,pre_5m_return >= 0.25 AND volume >= 3.00x,entry_filter_combo,pre_5m_return >= 0.2500 AND pre_5m_volume_spike >= 3.0000,10,7,3,0.700000000,0.200000000,0.228950300,0.107985050,95,0.551872458,-0.512926076,0.874937474
66,entry_range_position >= 0.85,entry_filter,entry_range_position >= 0.8500,36,25,11,0.694444444,0.194444444,0.281760889,0.131620273,66,0.354324229,-0.455547924,0.832479336
67,pre_5m_return >= 0.10 AND volume >= 1.50x AND range >= 0.65,entry_filter_combo,pre_5m_return >= 0.1000 AND pre_5m_volume_spike >= 1.5000 AND entry_range_position >= 0.6500,13,9,4,0.692307692,0.192307692,0.237963154,0.118967733,76,0.405406828,-0.465388152,0.910753812
68,pre_5m_return >= 0.10 AND volume >= 2.00x,entry_filter_combo,pre_5m_return >= 0.1000 AND pre_5m_volume_spike >= 2.0000,13,9,4,0.692307692,0.192307692,0.195484538,0.092653882,76,0.501769172,-0.483357016,0.884149401
69,volume >= 1.50x AND range >= 0.65,entry_filter_combo,pre_5m_volume_spike >= 1.5000 AND entry_range_position >= 0.6500,16,11,5,0.687500000,0.187500000,0.195828438,0.097827146,74,0.348912061,-0.435720238,0.885924383
70,pre_5m_return >= 0.00 AND volume >= 1.50x AND range >= 0.50,entry_filter_combo,pre_5m_return >= 0.0000 AND pre_5m_volume_spike >= 1.5000 AND entry_range_position >= 0.5000,16,11,5,0.687500000,0.187500000,0.194653250,0.097343085,74,0.360262305,-0.439371296,0.891271364
71,pre_5m_return >= 0.10 AND volume >= 1.50x,entry_filter_combo,pre_5m_return >= 0.1000 AND pre_5m_volume_spike >= 1.5000,16,11,5,0.687500000,0.187500000,0.165136812,0.084365899,76,0.496324501,-0.451626716,0.879565988
72,volume >= 1.00x AND range >= 0.65,entry_filter_combo,pre_5m_volume_spike >= 1.0000 AND entry_range_position >= 0.6500,19,13,6,0.684210526,0.184210526,0.177958000,0.088905675,66,0.319167812,-0.404949548,0.882107499
73,pre_5m_return >= 0.00 AND range >= 0.65,entry_filter_combo,pre_5m_return >= 0.0000 AND entry_range_position >= 0.6500,25,17,8,0.680000000,0.180000000,0.233683720,0.129210282,66,0.355233082,-0.358371604,0.896819227
74,pre_5m_return >= -0.50 AND range >= 0.40,entry_filter_combo,pre_5m_return >= -0.5000 AND entry_range_position >= 0.4000,39,26,13,0.666666667,0.166666667,0.158977385,0.091914637,47,0.311759864,-0.334983440,0.874606326
75,pre_5m_return >= -0.25 AND range >= 0.40,entry_filter_combo,pre_5m_return >= -0.2500 AND entry_range_position >= 0.4000,39,26,13,0.666666667,0.166666667,0.158977385,0.091914637,47,0.311759864,-0.334983440,0.874606326
76,pre_5m_return >= 0.00 AND range >= 0.50,entry_filter_combo,pre_5m_return >= 0.0000 AND entry_range_position >= 0.5000,27,18,9,0.666666667,0.166666667,0.215968370,0.119436414,64,0.347491340,-0.359611704,0.897885479
77,volume >= 1.00x AND range >= 0.40,entry_filter_combo,pre_5m_volume_spike >= 1.0000 AND entry_range_position >= 0.4000,21,14,7,0.666666667,0.166666667,0.161402238,0.080634904,57,0.334548453,-0.395898809,0.877389476
78,volume >= 1.00x AND range >= 0.50,entry_filter_combo,pre_5m_volume_spike >= 1.0000 AND entry_range_position >= 0.5000,21,14,7,0.666666667,0.166666667,0.161402238,0.080634904,57,0.334548453,-0.395898809,0.877389476
79,volume >= 1.50x AND range >= 0.40,entry_filter_combo,pre_5m_volume_spike >= 1.5000 AND entry_range_position >= 0.4000,18,12,6,0.666666667,0.166666667,0.174527778,0.087186640,66,0.363551226,-0.421742077,0.879995924
80,volume >= 1.50x AND range >= 0.50,entry_filter_combo,pre_5m_volume_spike >= 1.5000 AND entry_range_position >= 0.5000,18,12,6,0.666666667,0.166666667,0.174527778,0.087186640,66,0.363551226,-0.421742077,0.879995924
81,pre_5m_return >= 0.00 AND volume >= 1.50x AND range >= 0.65,entry_filter_combo,pre_5m_return >= 0.0000 AND pre_5m_volume_spike >= 1.5000 AND entry_range_position >= 0.6500,15,10,5,0.666666667,0.166666667,0.206002933,0.103019225,74,0.352549756,-0.436185885,0.893479971
82,pre_5m_return >= 0.10 AND volume >= 2.00x AND range >= 0.50,entry_filter_combo,pre_5m_return >= 0.1000 AND pre_5m_volume_spike >= 2.0000 AND entry_range_position >= 0.5000,12,8,4,0.666666667,0.166666667,0.207846083,0.095998726,76,0.453936676,-0.475664102,0.904074599
83,pre_5m_return >= 0.25 AND volume >= 3.00x AND range >= 0.50,entry_filter_combo,pre_5m_return >= 0.2500 AND pre_5m_volume_spike >= 3.0000 AND entry_range_position >= 0.5000,9,6,3,0.666666667,0.166666667,0.249150778,0.114148306,74,0.493662829,-0.505954308,0.900480858
84,pre_5m_return >= 0.10 AND volume >= 5.00x,entry_filter_combo,pre_5m_return >= 0.1000 AND pre_5m_volume_spike >= 5.0000,9,6,3,0.666666667,0.166666667,0.233496556,0.109491864,74,0.599839491,-0.533045771,0.872221310
85,pre_5m_return >= 0.25 AND volume >= 5.00x,entry_filter_combo,pre_5m_return >= 0.2500 AND pre_5m_volume_spike >= 5.0000,9,6,3,0.666666667,0.166666667,0.233496556,0.109491864,74,0.599839491,-0.533045771,0.872221310
86,entry_range_position >= 0.75,entry_filter,entry_range_position >= 0.7500,49,32,17,0.653061224,0.153061224,0.230718286,0.109113395,47,0.355238858,-0.452306172,0.816645955
87,pre_5m_return >= 0.00,entry_filter,pre_5m_return >= 0.0000,37,24,13,0.648648649,0.148648649,0.147227486,0.087299125,57,0.377262987,-0.317168174,0.872287699
88,pre_5m_return >= 0.00 AND volume >= 2.00x,entry_filter_combo,pre_5m_return >= 0.0000 AND pre_5m_volume_spike >= 2.0000,14,9,5,0.642857143,0.142857143,0.180628500,0.085589605,76,0.465928517,-0.453598141,0.891674245
89,volume >= 2.00x AND range >= 0.40,entry_filter_combo,pre_5m_volume_spike >= 2.0000 AND entry_range_position >= 0.4000,14,9,5,0.642857143,0.142857143,0.180347429,0.083263191,74,0.410113340,-0.443102681,0.900784498
90,volume >= 2.00x AND range >= 0.50,entry_filter_combo,pre_5m_volume_spike >= 2.0000 AND entry_range_position >= 0.5000,14,9,5,0.642857143,0.142857143,0.180347429,0.083263191,74,0.410113340,-0.443102681,0.900784498
91,pre_20m_return >= 0.00,entry_filter,pre_20m_return >= 0.0000,39,25,14,0.641025641,0.141025641,0.139269436,0.082606678,51,0.360098833,-0.312298122,0.872923444
92,pre_5m_return >= 0.00 AND volume >= 1.00x,entry_filter_combo,pre_5m_return >= 0.0000 AND pre_5m_volume_spike >= 1.0000,22,14,8,0.636363636,0.136363636,0.119177682,0.060920951,66,0.410615846,-0.376803264,0.864364774
93,pre_5m_return >= 0.10 AND volume >= 2.00x AND range >= 0.65,entry_filter_combo,pre_5m_return >= 0.1000 AND pre_5m_volume_spike >= 2.0000 AND entry_range_position >= 0.6500,11,7,4,0.636363636,0.136363636,0.224522273,0.103616703,76,0.451935417,-0.474619706,0.908250266
94,pre_5m_return >= 0.10 AND volume >= 3.00x,entry_filter_combo,pre_5m_return >= 0.1000 AND pre_5m_volume_spike >= 3.0000,11,7,4,0.636363636,0.136363636,0.206101091,0.097038233,74,0.511554824,-0.483275615,0.877417603
95,pre_5m_return >= 0.00 AND volume >= 1.50x,entry_filter_combo,pre_5m_return >= 0.0000 AND pre_5m_volume_spike >= 1.5000,19,12,7,0.631578947,0.131578947,0.130619053,0.066849737,66,0.431112752,-0.410275079,0.865639418
96,pre_5m_return >= -0.50 AND volume >= 2.00x,entry_filter_combo,pre_5m_return >= -0.5000 AND pre_5m_volume_spike >= 2.0000,16,10,6,0.625000000,0.125000000,0.135479812,0.063502107,74,0.469385092,-0.430715791,0.865422612
97,pre_5m_return >= -0.25 AND volume >= 2.00x,entry_filter_combo,pre_5m_return >= -0.2500 AND pre_5m_volume_spike >= 2.0000,16,10,6,0.625000000,0.125000000,0.135479812,0.063502107,74,0.469385092,-0.430715791,0.865422612
98,pre_5m_return >= 0.25 AND volume >= 3.00x AND range >= 0.65,entry_filter_combo,pre_5m_return >= 0.2500 AND pre_5m_volume_spike >= 3.0000 AND entry_range_position >= 0.6500,8,5,3,0.625000000,0.125000000,0.277243625,0.126891721,95,0.495876866,-0.508304539,0.905773183
99,pre_5m_return >= 0.10 AND volume >= 5.00x AND range >= 0.50,entry_filter_combo,pre_5m_return >= 0.1000 AND pre_5m_volume_spike >= 5.0000 AND entry_range_position >= 0.5000,8,5,3,0.625000000,0.125000000,0.256790375,0.116613878,74,0.540349538,-0.527717494,0.900618097
100,pre_5m_return >= 0.25 AND volume >= 5.00x AND range >= 0.50,entry_filter_combo,pre_5m_return >= 0.2500 AND pre_5m_volume_spike >= 5.0000 AND entry_range_position >= 0.5000,8,5,3,0.625000000,0.125000000,0.256790375,0.116613878,74,0.540349538,-0.527717494,0.900618097
101,pre_5m_return >= -0.50 AND range >= 0.65,entry_filter_combo,pre_5m_return >= -0.5000 AND entry_range_position >= 0.6500,29,18,11,0.620689655,0.120689655,0.192149655,0.106729516,62,0.328240849,-0.351627655,0.878332469
102,pre_5m_return >= -0.25 AND range >= 0.65,entry_filter_combo,pre_5m_return >= -0.2500 AND entry_range_position >= 0.6500,29,18,11,0.620689655,0.120689655,0.192149655,0.106729516,62,0.328240849,-0.351627655,0.878332469
103,pre_5m_return >= -0.50 AND range >= 0.50,entry_filter_combo,pre_5m_return >= -0.5000 AND entry_range_position >= 0.5000,34,21,13,0.617647059,0.117647059,0.167112676,0.092883724,51,0.312337455,-0.345606440,0.877847351
104,pre_5m_return >= -0.25 AND range >= 0.50,entry_filter_combo,pre_5m_return >= -0.2500 AND entry_range_position >= 0.5000,34,21,13,0.617647059,0.117647059,0.167112676,0.092883724,51,0.312337455,-0.345606440,0.877847351
105,volume >= 2.00x AND range >= 0.65,entry_filter_combo,pre_5m_volume_spike >= 2.0000 AND entry_range_position >= 0.6500,13,8,5,0.615384615,0.115384615,0.192342769,0.088729515,74,0.405048940,-0.439714236,0.904064670
106,pre_5m_return >= 0.00 AND volume >= 2.00x AND range >= 0.50,entry_filter_combo,pre_5m_return >= 0.0000 AND pre_5m_volume_spike >= 2.0000 AND entry_range_position >= 0.5000,13,8,5,0.615384615,0.115384615,0.190896385,0.088133747,74,0.419018470,-0.444207845,0.910645570
107,pre_5m_volume_spike >= 2.00,entry_filter,pre_5m_volume_spike >= 2.0000,18,11,7,0.611111111,0.111111111,0.103589000,0.047746011,57,0.689222251,-0.382858481,0.801493340
108,entry_label == high_range_entry,entry_label,entry_label == high_range_entry,38,23,15,0.605263158,0.105263158,0.210702605,0.093074426,43,0.350530562,-0.453840850,0.781161805
109,pre_5m_return >= 0.10 AND volume >= 3.00x AND range >= 0.50,entry_filter_combo,pre_5m_return >= 0.1000 AND pre_5m_volume_spike >= 3.0000 AND entry_range_position >= 0.5000,10,6,4,0.600000000,0.100000000,0.221996600,0.101490481,74,0.455134394,-0.474035977,0.900654661
110,pre_5m_return >= 0.00 AND volume >= 5.00x,entry_filter_combo,pre_5m_return >= 0.0000 AND pre_5m_volume_spike >= 5.0000,10,6,4,0.600000000,0.100000000,0.208896900,0.097918079,74,0.539855542,-0.486414471,0.883948902
111,entry_range_position >= 0.40,entry_filter,entry_range_position >= 0.4000,72,43,29,0.597222222,0.097222222,0.179221319,0.092347399,42,0.379472296,-0.425337662,0.806570535
112,entry_range_position >= 0.65,entry_filter,entry_range_position >= 0.6500,59,35,24,0.593220339,0.093220339,0.215773068,0.108379646,43,0.399796838,-0.452546425,0.803054734
113,pre_5m_return >= -0.50 AND volume >= 1.50x,entry_filter_combo,pre_5m_return >= -0.5000 AND pre_5m_volume_spike >= 1.5000,22,13,9,0.590909091,0.090909091,0.095658045,0.049084020,57,0.439258322,-0.384953922,0.846248434
114,pre_5m_return >= -0.25 AND volume >= 1.50x,entry_filter_combo,pre_5m_return >= -0.2500 AND pre_5m_volume_spike >= 1.5000,22,13,9,0.590909091,0.090909091,0.095658045,0.049084020,57,0.439258322,-0.384953922,0.846248434
115,entry_label == breakout_volume_entry,entry_label,entry_label == breakout_volume_entry,22,13,9,0.590909091,0.090909091,0.088605864,0.045304832,57,0.650435084,-0.362114547,0.809681271
116,entry_range_position >= 0.50,entry_filter,entry_range_position >= 0.5000,65,38,27,0.584615385,0.084615385,0.196742646,0.098907856,43,0.382558042,-0.439149252,0.810391106
117,pre_5m_volume_spike >= 1.50,entry_filter,pre_5m_volume_spike >= 1.5000,24,14,10,0.583333333,0.083333333,0.075058417,0.038468455,57,0.606646755,-0.352874428,0.799899328
118,pre_5m_return >= 0.00 AND volume >= 2.00x AND range >= 0.65,entry_filter_combo,pre_5m_return >= 0.0000 AND pre_5m_volume_spike >= 2.0000 AND entry_range_position >= 0.6500,12,7,5,0.583333333,0.083333333,0.204770417,0.094461478,76,0.414274132,-0.440629128,0.915020846
119,pre_5m_return >= 0.00 AND volume >= 3.00x,entry_filter_combo,pre_5m_return >= 0.0000 AND pre_5m_volume_spike >= 3.0000,12,7,5,0.583333333,0.083333333,0.187884333,0.088431214,74,0.468925255,-0.448563711,0.886757571
120,volume >= 3.00x AND range >= 0.40,entry_filter_combo,pre_5m_volume_spike >= 3.0000 AND entry_range_position >= 0.4000,12,7,5,0.583333333,0.083333333,0.187556417,0.085717065,57,0.403807548,-0.436319007,0.897386200
121,volume >= 3.00x AND range >= 0.50,entry_filter_combo,pre_5m_volume_spike >= 3.0000 AND entry_range_position >= 0.5000,12,7,5,0.583333333,0.083333333,0.187556417,0.085717065,57,0.403807548,-0.436319007,0.897386200
122,pre_5m_return >= -0.50 AND volume >= 3.00x,entry_filter_combo,pre_5m_return >= -0.5000 AND pre_5m_volume_spike >= 3.0000,14,8,6,0.571428571,0.071428571,0.135249286,0.062782416,57,0.472447521,-0.423131658,0.857458086
123,pre_5m_return >= -0.25 AND volume >= 3.00x,entry_filter_combo,pre_5m_return >= -0.2500 AND pre_5m_volume_spike >= 3.0000,14,8,6,0.571428571,0.071428571,0.135249286,0.062782416,57,0.472447521,-0.423131658,0.857458086
124,pre_5m_volume_spike >= 3.00,entry_filter,pre_5m_volume_spike >= 3.0000,16,9,7,0.562500000,0.062500000,0.099400937,0.045146768,47,0.719381521,-0.370240201,0.786533222
125,pre_5m_return >= -0.25,entry_filter,pre_5m_return >= -0.2500,50,28,22,0.560000000,0.060000000,0.093360540,0.054592474,47,0.348390064,-0.295199402,0.847194506
126,pre_20m_return >= -0.25,entry_filter,pre_20m_return >= -0.2500,50,28,22,0.560000000,0.060000000,0.093360540,0.054592474,47,0.348390064,-0.295199402,0.847194506
127,pre_5m_return >= 0.10 AND volume >= 3.00x AND range >= 0.65,entry_filter_combo,pre_5m_return >= 0.1000 AND pre_5m_volume_spike >= 3.0000 AND entry_range_position >= 0.6500,9,5,4,0.555555556,0.055555556,0.243950889,0.111411537,74,0.452821490,-0.472578591,0.905378261
128,volume >= 5.00x AND range >= 0.40,entry_filter_combo,pre_5m_volume_spike >= 5.0000 AND entry_range_position >= 0.4000,9,5,4,0.555555556,0.055555556,0.226869222,0.102962781,57,0.480310700,-0.476496969,0.910493555
129,volume >= 5.00x AND range >= 0.50,entry_filter_combo,pre_5m_volume_spike >= 5.0000 AND entry_range_position >= 0.5000,9,5,4,0.555555556,0.055555556,0.226869222,0.102962781,57,0.480310700,-0.476496969,0.910493555
130,pre_5m_return >= 0.00 AND volume >= 5.00x AND range >= 0.50,entry_filter_combo,pre_5m_return >= 0.0000 AND pre_5m_volume_spike >= 5.0000 AND entry_range_position >= 0.5000,9,5,4,0.555555556,0.055555556,0.226869222,0.102962781,57,0.480310700,-0.476496969,0.910493555
131,volume >= 3.00x AND range >= 0.65,entry_filter_combo,pre_5m_volume_spike >= 3.0000 AND entry_range_position >= 0.6500,11,6,5,0.545454545,0.045454545,0.202388091,0.092400345,47,0.397249095,-0.431697784,0.900953830
132,pre_5m_return >= 0.00 AND volume >= 3.00x AND range >= 0.50,entry_filter_combo,pre_5m_return >= 0.0000 AND pre_5m_volume_spike >= 3.0000 AND entry_range_position >= 0.5000,11,6,5,0.545454545,0.045454545,0.200678727,0.091696256,57,0.413758540,-0.437008413,0.908731257
133,pre_5m_volume_spike >= 5.00,entry_filter,pre_5m_volume_spike >= 5.0000,11,6,5,0.545454545,0.045454545,0.153148727,0.070637642,57,0.553761002,-0.452407986,0.857292801
134,pre_5m_return >= -0.50 AND volume >= 5.00x,entry_filter_combo,pre_5m_return >= -0.5000 AND pre_5m_volume_spike >= 5.0000,11,6,5,0.545454545,0.045454545,0.153148727,0.070637642,57,0.553761002,-0.452407986,0.857292801
135,pre_5m_return >= -0.25 AND volume >= 5.00x,entry_filter_combo,pre_5m_return >= -0.2500 AND pre_5m_volume_spike >= 5.0000,11,6,5,0.545454545,0.045454545,0.153148727,0.070637642,57,0.553761002,-0.452407986,0.857292801
136,pre_5m_return >= -0.50,entry_filter,pre_5m_return >= -0.5000,54,29,25,0.537037037,0.037037037,0.074513833,0.044533169,47,0.404150135,-0.277695582,0.820068794
137,pre_20m_return >= -0.50,entry_filter,pre_20m_return >= -0.5000,54,29,25,0.537037037,0.037037037,0.074513833,0.044533169,47,0.404150135,-0.277695582,0.820068794
138,pre_5m_return >= -0.25 AND volume >= 1.00x,entry_filter_combo,pre_5m_return >= -0.2500 AND pre_5m_volume_spike >= 1.0000,28,15,13,0.535714286,0.035714286,0.072347464,0.033576076,57,0.417836004,-0.346681096,0.829636299
139,pre_5m_volume_spike >= 1.00,entry_filter,pre_5m_volume_spike >= 1.0000,32,16,16,0.500000000,0.000000000,0.039202813,0.017000596,47,0.569230630,-0.304017589,0.778727608
140,pre_5m_return >= -0.50 AND volume >= 1.00x,entry_filter_combo,pre_5m_return >= -0.5000 AND pre_5m_volume_spike >= 1.0000,30,15,15,0.500000000,0.000000000,0.051918833,0.023354153,47,0.443984704,-0.324285428,0.811305504
141,pre_5m_return >= 0.00 AND volume >= 3.00x AND range >= 0.65,entry_filter_combo,pre_5m_return >= 0.0000 AND pre_5m_volume_spike >= 3.0000 AND entry_range_position >= 0.6500,10,5,5,0.500000000,0.000000000,0.218305800,0.099645784,74,0.407539341,-0.431994009,0.913790157
142,volume >= 5.00x AND range >= 0.65,entry_filter_combo,pre_5m_volume_spike >= 5.0000 AND entry_range_position >= 0.6500,8,4,4,0.500000000,0.000000000,0.252176875,0.114308006,74,0.480855721,-0.475165033,0.917037467
143,pre_5m_return >= 0.00 AND volume >= 5.00x AND range >= 0.65,entry_filter_combo,pre_5m_return >= 0.0000 AND pre_5m_volume_spike >= 5.0000 AND entry_range_position >= 0.6500,8,4,4,0.500000000,0.000000000,0.252176875,0.114308006,74,0.480855721,-0.475165033,0.917037467
144,entry_label == unclear_entry,entry_label,entry_label == unclear_entry,34,12,22,0.352941176,-0.147058824,-0.012702618,0.015306874,26,0.536659075,-0.290084752,0.705347832
145,entry_range_position <= 0.50,entry_filter,entry_range_position <= 0.5000,35,12,23,0.342857143,-0.157142857,-0.107567857,-0.046500852,22,0.772417540,-0.194618586,0.631041155
146,entry_range_position <= 0.25,entry_filter,entry_range_position <= 0.2500,14,4,10,0.285714286,-0.214285714,-0.105617214,-0.049914819,20,1.004067954,-0.075734143,0.578647640
147,entry_range_position <= 0.35,entry_filter,entry_range_position <= 0.3500,25,7,18,0.280000000,-0.220000000,-0.127179480,-0.055883204,22,0.889670505,-0.157701600,0.602577940
