mint,sample_group,bot_action,skip_reason,entry_layer,live_enabled,size_multiplier,wallet_roi,wallet_hold_seconds,bot_roi,raw_exit_roi,bot_hold_seconds,bot_max_roi,bot_max_drawdown_from_peak,bot_no_new_high_seconds_at_exit,exit_reason,exit_phase,tp1_done,tp1_roi,first_buy_time,bot_entry_time,bot_exit_time,bot_entry_price,bot_exit_price,pre_5m_return,entry_range_position,distance_to_20m_high,pre_5m_volume_spike,entry_label,moved_after_wallet_buy,kline_file
G76fNn6QnTtQCWtGUKA4H9yQ6YNMn4aPSAeQxb9Jpump,profit,TRADE,,A_momentum_high_range,true,1,1.357027,358,0.2927961270372623,0.2927961270372623,60,0.2927961270372623,-0.29579773147502997,0,normal_trailing_stop,NORMAL,false,,2026-04-29T01:38:51+00:00,2026-04-29T01:39:00.000Z,2026-04-29T01:40:00.000Z,0.000015825404,0.000020459021,1.222319521,0.817713052,-0.154781404,17.621515976,breakout_volume_entry,,G76fNn6QnTtQCWtGUKA4H9yQ6YNMn4aPSAeQxb9Jpump_1m_1777425531_1777428289.json
9zr5VVFzpgUf9wnk2a9bkgdZxNXkPJ7XoJXuBidSpump,profit,TRADE,,E_green_continuation,false,0.3,0.126237,14,-0.1,-0.1,60,0.3027179007302945,-0.39326963822783967,0,hard_stop,OBSERVE,false,,2026-04-29T01:43:13+00:00,2026-04-29T01:43:00.000Z,2026-04-29T01:44:00.000Z,0.0000050489482,0.00000454405338,0.478947614,0.449730411,-0.394918981,0.418630554,unclear_entry,,9zr5VVFzpgUf9wnk2a9bkgdZxNXkPJ7XoJXuBidSpump_1m_1777425793_1777428207.json
AZcVDsjNw2vXgNn34W7aRF49aRtSeKZT5BAN3V5cpump,profit,SKIP,no_entry_layer,,false,,0.009023,33,,,,,,,,,,,2026-04-29T01:44:28+00:00,,,,,0.071527059,0.766908453,-0.114636734,1.584418243,high_range_entry,,AZcVDsjNw2vXgNn34W7aRF49aRtSeKZT5BAN3V5cpump_1m_1777425868_1777428301.json
5nYVDeouoW7ahb1svHewcDcRzexezCmWqJdk4PsApump,profit,TRADE,,C_high_range_fallback,false,0.6,0.329229,77,-0.1,-0.1,60,0.7445621905593691,-0.5407136173240212,0,hard_stop,OBSERVE,false,,2026-04-29T01:47:17+00:00,2026-04-29T01:47:00.000Z,2026-04-29T01:48:00.000Z,0.0000094096806,0.000008468712540000001,,0.877198732,-0.085550695,,high_range_entry,,5nYVDeouoW7ahb1svHewcDcRzexezCmWqJdk4PsApump_1m_1777426037_1777428514.json
2L33pPAAJkAR23KWv7mR2k2F9KKYhpWt7k2ArwYmpump,profit,TRADE,,D_breakout_volume,false,0.6,0.037195,21,-0.1,-0.1,60,0.001231537829400331,-0.11540493873559898,0,hard_stop,OBSERVE,false,,2026-04-29T01:48:02+00:00,2026-04-29T01:48:00.000Z,2026-04-29T01:49:00.000Z,0.0000026957353,0.00000242616177,-0.530948845,0.049319584,-0.712851008,3.570940107,breakout_volume_entry,,2L33pPAAJkAR23KWv7mR2k2F9KKYhpWt7k2ArwYmpump_1m_1777426082_1777428503.json
HqdKyNo2A6852hnYxG8Vfi7jf2n1mgUgBqwBqoUzpump,profit,TRADE,,F_short_rebound_scout,false,0.2,0.140522,47,0.010702136048080346,0.010702136048080346,60,0.010702136048080346,-0.01058881312938198,0,failed_no_push_1m_approx,OBSERVE,false,,2026-04-29T01:51:00+00:00,2026-04-29T01:51:00.000Z,2026-04-29T01:52:00.000Z,0.0000028955528,0.0000029265414,0.043276466,0.470528613,-0.173352087,0.606950755,unclear_entry,,HqdKyNo2A6852hnYxG8Vfi7jf2n1mgUgBqwBqoUzpump_1m_1777426260_1777428707.json
6sN3E4Dk1ZNn1spRcTvvNbfHsxGyPhTKfuDHrgtVpump,profit,TRADE,,B_extreme_near_high,true,0.8,0.041556,221,-0.005748425984879124,-0.005748425984879124,60,0,-0.005748425984879124,60,failed_no_push_1m_approx,OBSERVE,false,,2026-04-29T01:52:44+00:00,2026-04-29T01:53:00.000Z,2026-04-29T01:54:00.000Z,0.000014686803,0.000014602377,,1,0,,high_range_entry,,6sN3E4Dk1ZNn1spRcTvvNbfHsxGyPhTKfuDHrgtVpump_1m_1777426364_1777428985.json
HXYZgD8QoE3oGnXAdw1CztmDTDoygbuRU9ALTdX4pump,profit,TRADE,,D_breakout_volume,false,0.6,0.024408,57,-0.1,-0.1,60,0,-0.5713416942071137,60,hard_stop,OBSERVE,false,,2026-04-29T02:21:44+00:00,2026-04-29T02:22:00.000Z,2026-04-29T02:23:00.000Z,0.0000083743799,0.0000075369419099999996,0.949897222,0.591562624,-0.300794102,24.358863808,breakout_volume_entry,,HXYZgD8QoE3oGnXAdw1CztmDTDoygbuRU9ALTdX4pump_1m_1777428104_1777430561.json
9ch1JqNxqwKgpQnM3EcsTgF7NG8bF44j37wVyuuspump,profit,TRADE,,F_short_rebound_scout,false,0.2,0.020094,48,-0.018363271023473793,-0.018363271023473793,180,0,-0.018363271023473793,180,failed_no_push_1m_approx,OBSERVE,false,,2026-04-29T02:25:55+00:00,2026-04-29T02:26:00.000Z,2026-04-29T02:29:00.000Z,0.0000028096356,0.0000027580415,0.121719006,0.31031397,-0.227342187,0.4920114,unclear_entry,,9ch1JqNxqwKgpQnM3EcsTgF7NG8bF44j37wVyuuspump_1m_1777428355_1777430803.json
9uaNxDribD1UC7MUXQogBVdUscQBVHBuCzh5PrJ5pump,profit,TRADE,,D_breakout_volume,false,0.6,0.043211,29,-0.1,-0.1,60,0.0993067321532306,-0.6518471906970926,0,hard_stop,OBSERVE,false,,2026-04-29T02:39:01+00:00,2026-04-29T02:39:00.000Z,2026-04-29T02:40:00.000Z,0.0000098909246,0.00000890183214,-0.157549883,0.715116838,-0.227409435,3.199058436,breakout_volume_entry,,9uaNxDribD1UC7MUXQogBVdUscQBVHBuCzh5PrJ5pump_1m_1777429141_1777431570.json
3pbggCjSuDLSB4iQ4v1Uc6HjbMT1hGqBd8AMKNxUpump,profit,TRADE,,C_high_range_fallback,false,0.6,1.67303,71,-0.1,-0.1,60,0.08284497126690638,-0.712522635911272,0,hard_stop,OBSERVE,false,,2026-04-29T02:45:12+00:00,2026-04-29T02:45:00.000Z,2026-04-29T02:46:00.000Z,0.000014772339,0.0000132951051,,0.897656383,-0.085664273,,high_range_entry,,3pbggCjSuDLSB4iQ4v1Uc6HjbMT1hGqBd8AMKNxUpump_1m_1777429512_1777431983.json
BDDumgWwRv5zynmmjxKALavMAHgPh6UocJRQs6Hmpump,profit,TRADE,,E_green_continuation,false,0.3,1.807767,121,-0.1,-0.1,60,0.2881945609328582,-0.41199715915031576,0,hard_stop,OBSERVE,false,,2026-04-29T03:01:55+00:00,2026-04-29T03:02:00.000Z,2026-04-29T03:03:00.000Z,0.000020269064,0.0000182421576,,0.724574104,-0.209570037,,unclear_entry,,BDDumgWwRv5zynmmjxKALavMAHgPh6UocJRQs6Hmpump_1m_1777430515_1777433036.json
H6SBg5q554YUFBwh3LqZJgfMxX4eofPdh9RXHFpBpump,profit,TRADE,,B_extreme_near_high,true,0.8,0.504028,69,-0.1,-0.1,60,0.4981433902408099,-0.4359405585734901,0,hard_stop,OBSERVE,false,,2026-04-29T03:03:25+00:00,2026-04-29T03:03:00.000Z,2026-04-29T03:04:00.000Z,0.000010505708,0.0000094551372,,0.995824216,-0.003168959,,high_range_entry,,H6SBg5q554YUFBwh3LqZJgfMxX4eofPdh9RXHFpBpump_1m_1777430605_1777433074.json
3H3kqqdFWLiJ39FP2u1P7Nw3tsTyCMrB4AX5XRX74YWc,loss,SKIP,no_entry_layer,,false,,-0.19303,153,,,,,,,,,,,2026-04-29T03:10:03+00:00,,,,,-0.246816557,0.355669436,-0.498296688,1.295547547,unclear_entry,,3H3kqqdFWLiJ39FP2u1P7Nw3tsTyCMrB4AX5XRX74YWc_1m_1777431003_1777433556.json
82yiAogGB4nr6JqmwPn1fqKGP59Q7DsEqvkn9zxopump,profit,SKIP,no_entry_layer,,false,,0.083943,19,,,,,,,,,,,2026-04-29T03:12:10+00:00,,,,,,0.289858857,-0.461506068,,unclear_entry,,82yiAogGB4nr6JqmwPn1fqKGP59Q7DsEqvkn9zxopump_1m_1777431130_1777433549.json
2vDVTKZNE96oJfeXeHQ618BGKS9ud493KReqgKXcpump,loss,TRADE,,F_short_rebound_scout,false,0.2,-0.020428,23,-0.1,-0.1,60,0,-0.15939933896798364,60,hard_stop,OBSERVE,false,,2026-04-29T03:14:13+00:00,2026-04-29T03:14:00.000Z,2026-04-29T03:15:00.000Z,0.0000031855038,0.0000028669534200000003,-0.178983751,0.281588806,-0.397006825,1.011903544,unclear_entry,,2vDVTKZNE96oJfeXeHQ618BGKS9ud493KReqgKXcpump_1m_1777431253_1777433676.json
CPWrXBsW6WgcVXyko8JsVgDRpaSm1xub9s9HGAx8pump,loss,SKIP,no_entry_layer,,false,,-0.05183,10,,,,,,,,,,,2026-04-29T03:14:57+00:00,,,,,,0.626490801,-0.147862182,,unclear_entry,,CPWrXBsW6WgcVXyko8JsVgDRpaSm1xub9s9HGAx8pump_1m_1777431297_1777433707.json
vm9z1CxCjgxxevWk1qfYow9SwBw1McM1UoDt3RJpump,loss,SKIP,no_entry_layer,,false,,-0.330188,7,,,,,,,,,,,2026-04-29T03:16:31+00:00,,,,,-0.330094294,0.078247678,-0.480325507,1.483835082,dip_or_rebound_entry,,vm9z1CxCjgxxevWk1qfYow9SwBw1McM1UoDt3RJpump_1m_1777431391_1777433798.json
DGaWTm2cyRNuwgGpfV1WhFQ4jhpfi6x1HcUNKc8Wpump,loss,TRADE,,B_extreme_near_high,true,0.8,-0.0125,40,-0.014431751554541905,-0.014431751554541905,60,0,-0.014431751554541905,60,failed_no_push_1m_approx,OBSERVE,false,,2026-04-29T03:27:40+00:00,2026-04-29T03:28:00.000Z,2026-04-29T03:29:00.000Z,0.0000028216672,0.0000027809456,0.136554997,1,0,0.529300006,high_range_entry,,DGaWTm2cyRNuwgGpfV1WhFQ4jhpfi6x1HcUNKc8Wpump_1m_1777432060_1777434500.json
524zXrkbMkoDF8tZSy45PwTNb9pNgvwx5VSdk2R4pump,profit,TRADE,,B_extreme_near_high,true,0.8,0.980579,38,-0.1,-0.1,60,0.06264914867521743,-0.31738082010530955,0,hard_stop,OBSERVE,false,,2026-04-29T03:27:59+00:00,2026-04-29T03:28:00.000Z,2026-04-29T03:29:00.000Z,0.000015846185,0.0000142615665,,1,0,,high_range_entry,,524zXrkbMkoDF8tZSy45PwTNb9pNgvwx5VSdk2R4pump_1m_1777432079_1777434517.json
eqqewyvQimbTq83juJwT6Gt6FzAqnoikGB9kw4hpump,loss,TRADE,,D_breakout_volume,false,0.6,-0.155133,139,0.016336306129237643,0.016336306129237643,60,0.15089042014418874,-0.1826574273803605,0,normal_trailing_stop,NORMAL,false,,2026-04-29T03:28:35+00:00,2026-04-29T03:29:00.000Z,2026-04-29T03:30:00.000Z,0.0000069609555,0.0000070746718,0.253316434,0.691836666,-0.183244595,11.97885683,breakout_volume_entry,,eqqewyvQimbTq83juJwT6Gt6FzAqnoikGB9kw4hpump_1m_1777432115_1777434654.json
8TwGaAgqQ9ovYfNwBGBLJbnYqRKmBEQiLNHRBSeTpump,profit,TRADE,,D_breakout_volume,false,0.6,0.047146,143,0.337031967687317,0.337031967687317,60,0.46180339411247995,-0.32392787521411204,0,strong_trailing_stop,STRONG,false,,2026-04-29T03:31:00+00:00,2026-04-29T03:31:00.000Z,2026-04-29T03:32:00.000Z,0.0000056403611,0.0000075413431,1.356667429,0.348589769,-0.518248534,332.963115826,breakout_volume_entry,,8TwGaAgqQ9ovYfNwBGBLJbnYqRKmBEQiLNHRBSeTpump_1m_1777432260_1777434803.json
14hDBCzrLQJa7kLfmaJoahVNxMG8asYHrUga9jrdpump,loss,SKIP,no_entry_layer,,false,,-0.113237,26,,,,,,,,,,,2026-04-29T03:35:23+00:00,,,,,0.073664635,0.120213393,-0.388352581,1.025966838,unclear_entry,,14hDBCzrLQJa7kLfmaJoahVNxMG8asYHrUga9jrdpump_1m_1777432523_1777434949.json
GwJAwXGGU8oB4ZDqksCe6wQPdNyX2j5xZDXv9qq5pump,loss,SKIP,no_entry_layer,,false,,-0.005437,21,,,,,,,,,,,2026-04-29T03:37:39+00:00,,,,,-0.002734037,0.7449343,-0.111797568,1.067897804,unclear_entry,,GwJAwXGGU8oB4ZDqksCe6wQPdNyX2j5xZDXv9qq5pump_1m_1777432659_1777435080.json
4tvpDeku9ErHjwa51yAobJH7sVmMuXUChYcnMG1Bpump,profit,TRADE,,A_momentum_high_range,true,1,0.017618,47,-0.1,-0.1,60,0.1950189802672868,-0.3120437907248268,0,hard_stop,OBSERVE,false,,2026-04-29T03:43:22+00:00,2026-04-29T03:43:00.000Z,2026-04-29T03:44:00.000Z,0.0000037429926,0.00000336869334,0.391107354,0.866675013,-0.047741061,12.456169013,breakout_volume_entry,,4tvpDeku9ErHjwa51yAobJH7sVmMuXUChYcnMG1Bpump_1m_1777433002_1777435449.json
Cw1Bi3VRZtUuHkKqFhgiT5mPduLX6YS6mEaz2hrBpump,loss,TRADE,,E_green_continuation,false,0.3,-0.002511,45,-0.1,-0.1,60,0.8559138902455967,-0.5791032232702792,0,hard_stop,OBSERVE,false,,2026-04-29T03:47:45+00:00,2026-04-29T03:48:00.000Z,2026-04-29T03:49:00.000Z,0.0000070986801,0.00000638881209,,0.816647529,-0.136069233,,high_range_entry,,Cw1Bi3VRZtUuHkKqFhgiT5mPduLX6YS6mEaz2hrBpump_1m_1777433265_1777435710.json
JEGXcUidPy51rP15JPzdqpLLYJz72qB736rAH59Mpump,loss,TRADE,,D_breakout_volume,false,0.6,-0.34027,12,-0.03445602123999303,-0.03445602123999303,60,0,-0.03445602123999303,60,failed_no_push_1m_approx,OBSERVE,false,,2026-04-29T03:50:14+00:00,2026-04-29T03:50:00.000Z,2026-04-29T03:51:00.000Z,0.0000024522042,0.000002367711,-0.641203845,0,-0.707030654,3.10448059,breakout_volume_entry,,JEGXcUidPy51rP15JPzdqpLLYJz72qB736rAH59Mpump_1m_1777433414_1777435826.json
81n9oxHutLoQkRvjdn83aaofk8NR7dFVLxcCoDD2pump,loss,SKIP,no_entry_layer,,false,,-0.035721,204,,,,,,,,,,,2026-04-29T03:56:51+00:00,,,,,-0.033375533,0.083712367,-0.624184483,0.318861426,unclear_entry,,81n9oxHutLoQkRvjdn83aaofk8NR7dFVLxcCoDD2pump_1m_1777433811_1777436415.json
FkkPfxF9yiJKZ1u6VAFDgK7Tn9gxm6V1kMtU8BZipump,loss,SKIP,no_entry_layer,,false,,-0.137976,22,,,,,,,,,,,2026-04-29T03:57:18+00:00,,,,,-0.344415291,0.302243396,-0.410325739,1.064253277,dip_or_rebound_entry,,FkkPfxF9yiJKZ1u6VAFDgK7Tn9gxm6V1kMtU8BZipump_1m_1777433838_1777436260.json
Gj2wMDacswzYG43CgpwCcWRihPhGsLQJf5F11hhvpump,profit,TRADE,,A_momentum_high_range,true,1,0.246679,89,0.6,0.6,60,0.6329089069370835,-0.3980206758817967,0,strong_hard_tp,STRONG,false,,2026-04-29T03:57:42+00:00,2026-04-29T03:58:00.000Z,2026-04-29T03:59:00.000Z,0.000013261899,0.000021219038400000002,3.98958456,0.860447899,-0.114794058,2.850866981,breakout_volume_entry,,Gj2wMDacswzYG43CgpwCcWRihPhGsLQJf5F11hhvpump_1m_1777433862_1777436351.json
DxEjXMRWihmQLztaKDGRSgr1EjH4zkvvPxnoe2Z6pump,profit,TRADE,,A_momentum_high_range,true,1,0.292417,81,-0.08785959966891854,-0.08785959966891854,60,0.07675540142137494,-0.1528805900327901,0,failed_15s_stop_1m_approx,OBSERVE,false,,2026-04-29T04:00:57+00:00,2026-04-29T04:01:00.000Z,2026-04-29T04:02:00.000Z,0.0000050908313,0.0000046435529,0.360343073,1,0,0.346237243,high_range_entry,,DxEjXMRWihmQLztaKDGRSgr1EjH4zkvvPxnoe2Z6pump_1m_1777434057_1777436538.json
75X3YgCpLaEqMTz5TabNX4Mo51mZctaxa8aRbUedpump,loss,SKIP,no_entry_layer,,false,,-0.219401,15,,,,,,,,,,,2026-04-29T04:17:14+00:00,,,,,,0.164916815,-0.583841671,,unclear_entry,,75X3YgCpLaEqMTz5TabNX4Mo51mZctaxa8aRbUedpump_1m_1777435034_1777437449.json
2uRdYXZcC6WrsL55aNN3Y22wrT6kHYb3QE3J75F4pump,profit,TRADE,,F_short_rebound_scout,false,0.2,0.11129,349,0.13137724074711588,0.13137724074711588,60,0.13137724074711588,-0.15050633541948388,0,weak_30s_1m_approx,OBSERVE,false,,2026-04-29T04:18:20+00:00,2026-04-29T04:18:00.000Z,2026-04-29T04:19:00.000Z,0.0000042478187,0.0000048058854,0.450063822,0.469540846,-0.325246563,0.137657099,unclear_entry,,2uRdYXZcC6WrsL55aNN3Y22wrT6kHYb3QE3J75F4pump_1m_1777435100_1777437849.json
6pg9DtWC5zC6ueMFb5GGgeNvBHBgh1oEFidwgvLhpump,profit,SKIP,no_entry_layer,,false,,0.078462,62,,,,,,,,,,,2026-04-29T04:26:58+00:00,,,,,-0.447240971,0.101043379,-0.655740414,0.716474887,dip_or_rebound_entry,,6pg9DtWC5zC6ueMFb5GGgeNvBHBgh1oEFidwgvLhpump_1m_1777435618_1777438080.json
FML9ApgKaSCqbC3XUqTdLaTtdGm1BcJWatN7xmBbpump,profit,TRADE,,A_momentum_high_range,true,1,0.044,62,-0.1,-0.1,60,0,-0.35742359386283207,60,hard_stop,OBSERVE,false,,2026-04-29T04:33:55+00:00,2026-04-29T04:34:00.000Z,2026-04-29T04:35:00.000Z,0.0000044981138,0.000004048302420000001,0.470934692,1,0,0.864956233,high_range_entry,,FML9ApgKaSCqbC3XUqTdLaTtdGm1BcJWatN7xmBbpump_1m_1777436035_1777438497.json
BBZbQQFu8kkw1rhDVzjkyMXsEvc2JLBZiJeShoNapump,profit,TRADE,,B_extreme_near_high,true,0.8,0.191636,15,-0.020532678457141906,-0.020532678457141906,60,0,-0.020532678457141906,60,failed_no_push_1m_approx,OBSERVE,false,,2026-04-29T04:37:56+00:00,2026-04-29T04:38:00.000Z,2026-04-29T04:39:00.000Z,0.0000024607603,0.0000024102343,,1,0,,high_range_entry,,BBZbQQFu8kkw1rhDVzjkyMXsEvc2JLBZiJeShoNapump_1m_1777436276_1777438691.json
27sFia5GZfmt44iiDAym8Y2TL2duTewvYAjkLavhpump,profit,TRADE,,A_momentum_high_range,true,1,0.209587,113,0.4253727430757408,0.4253727430757408,60,0.5564636269024521,-0.35751791258359245,0,strong_trailing_stop,STRONG,false,,2026-04-29T04:39:00+00:00,2026-04-29T04:39:00.000Z,2026-04-29T04:40:00.000Z,0.0000044079625,0.0000062829896,0.770408763,1,0,0.324146934,high_range_entry,,27sFia5GZfmt44iiDAym8Y2TL2duTewvYAjkLavhpump_1m_1777436340_1777438853.json
6EYMLZo38gUSnujkokp6KPWQkWoftRKksL7dRc3yMTNG,loss,SKIP,no_entry_layer,,false,,-0.076545,47,,,,,,,,,,,2026-04-29T05:01:08+00:00,,,,,0.219515727,0.158660109,-0.525582844,0.065810881,unclear_entry,,6EYMLZo38gUSnujkokp6KPWQkWoftRKksL7dRc3yMTNG_1m_1777437668_1777440115.json
H64ap4deX9piTa1kbt6ihjck3KjuHve3MivMrsadpump,loss,SKIP,no_entry_layer,,false,,-0.361764,34,,,,,,,,,,,2026-04-29T05:03:31+00:00,,,,,,0.47876953,-0.322455628,,unclear_entry,,H64ap4deX9piTa1kbt6ihjck3KjuHve3MivMrsadpump_1m_1777437811_1777440245.json
HbUWXrTVCLY8sTydzW6gLu9q2UUCpe77yjni4eZPpump,loss,TRADE,,B_extreme_near_high,true,0.8,-0.022655,14,0.2563026332207845,0.2563026332207845,60,0.3053022462314219,-0.2338939100984997,0,normal_trailing_stop,NORMAL,false,,2026-04-29T05:08:49+00:00,2026-04-29T05:09:00.000Z,2026-04-29T05:10:00.000Z,0.0000031303186,0.0000039326275,,0.982996825,-0.005839645,,high_range_entry,,HbUWXrTVCLY8sTydzW6gLu9q2UUCpe77yjni4eZPpump_1m_1777438129_1777440543.json
2Ku7NnBci7sMSLRYV6xpESJFYmg9FTizpX2wTqXopump,profit,TRADE,,A_momentum_high_range,true,1,0.012954,15,1.480041009402294,1.460082018804588,60,1.6445792182361787,-0.6218680109469523,0,explosive_runner_trailing_stop,EXPLOSIVE,true,1.5,2026-04-29T05:09:30+00:00,2026-04-29T05:09:00.000Z,2026-04-29T05:10:00.000Z,0.0000081909265,0.000020150351,0.320819929,0.900352848,-0.071091489,0.787426619,high_range_entry,,2Ku7NnBci7sMSLRYV6xpESJFYmg9FTizpX2wTqXopump_1m_1777438170_1777440585.json
etxt2AosDxDR5kaKQn4GZoxwWgVXa9CBzUT5fAZpump,loss,SKIP,no_entry_layer,,false,,-0.147105,34,,,,,,,,,,,2026-04-29T05:12:08+00:00,,,,,-0.052530601,0.684315296,-0.254544334,0.433832401,unclear_entry,,etxt2AosDxDR5kaKQn4GZoxwWgVXa9CBzUT5fAZpump_1m_1777438328_1777440762.json
4SGxnG9Asrr2RdSXGcWvJAgzfxaQFnx2w6Zj5pegpump,loss,SKIP,no_entry_layer,,false,,-0.203836,15,,,,,,,,,,,2026-04-29T05:17:50+00:00,,,,,,0.310052146,-0.312189684,,unclear_entry,,4SGxnG9Asrr2RdSXGcWvJAgzfxaQFnx2w6Zj5pegpump_1m_1777438670_1777441085.json
9Gk885sPonJDzUfwoDqQf43nHb4vG22TsMiGEF3ppump,loss,TRADE,,B_extreme_near_high,true,0.8,-0.270485,25,0.20312855904494032,0.20312855904494032,60,0.2031863765043911,-0.24432198525277005,0,normal_trailing_stop,NORMAL,false,,2026-04-29T05:27:49+00:00,2026-04-29T05:28:00.000Z,2026-04-29T05:29:00.000Z,0.0000039244201,0.0000047215819,,0.960287287,-0.026042902,,high_range_entry,,9Gk885sPonJDzUfwoDqQf43nHb4vG22TsMiGEF3ppump_1m_1777439269_1777441694.json
APF5DgmqmDkmbF21TGJeYd4F7d8hSknyZWPCHphXpump,loss,SKIP,no_entry_layer,,false,,-0.04086,13,,,,,,,,,,,2026-04-29T05:29:31+00:00,,,,,,0.427261826,-0.305870424,,unclear_entry,,APF5DgmqmDkmbF21TGJeYd4F7d8hSknyZWPCHphXpump_1m_1777439371_1777441784.json
ELWxQbrb9FmSUGmxdmrDbjbYqvu5SNM2gn8ThYcspump,loss,SKIP,no_entry_layer,,false,,-0.303991,31,,,,,,,,,,,2026-04-29T05:37:18+00:00,,,,,,0.32593953,-0.412169788,,unclear_entry,,ELWxQbrb9FmSUGmxdmrDbjbYqvu5SNM2gn8ThYcspump_1m_1777439838_1777442269.json
CyAr9fPWPP4YdMoFajbEvNTpxSBaXbDbigauGg4epump,profit,TRADE,,E_green_continuation,false,0.3,0.004519,51,-0.1,-0.1,60,0,-0.15218426526448303,60,hard_stop,OBSERVE,false,,2026-04-29T05:42:21+00:00,2026-04-29T05:42:00.000Z,2026-04-29T05:43:00.000Z,0.0000056499113,0.00000508492017,-0.186261725,0.570605469,-0.299874045,0.619982406,unclear_entry,,CyAr9fPWPP4YdMoFajbEvNTpxSBaXbDbigauGg4epump_1m_1777440141_1777442592.json
6GrGEJ7Z2M2RQpfwjrFmFswPWNmbtHGrr3DHtE1Wpump,loss,SKIP,no_entry_layer,,false,,-0.0125,38,,,,,,,,,,,2026-04-29T05:44:55+00:00,,,,,-0.700307318,0,-0.775416051,0.086487343,dip_or_rebound_entry,,6GrGEJ7Z2M2RQpfwjrFmFswPWNmbtHGrr3DHtE1Wpump_1m_1777440295_1777442733.json
6i7VSyA3GwPeDgzigdFyK5qJXWARuMxfhEm1p92dpump,profit,TRADE,,B_extreme_near_high,true,0.8,0.476397,41,-0.1,-0.1,60,0.007492687672031373,-0.4567079382739486,0,hard_stop,OBSERVE,false,,2026-04-29T05:45:40+00:00,2026-04-29T05:46:00.000Z,2026-04-29T05:47:00.000Z,0.0000058505308,0.00000526547772,,0.942975441,-0.03508678,,high_range_entry,,6i7VSyA3GwPeDgzigdFyK5qJXWARuMxfhEm1p92dpump_1m_1777440340_1777442781.json
5xL9HT3fDAzX3VEsZCX8qEWi3mgemtrgfd544aJgpump,loss,SKIP,no_entry_layer,,false,,-0.464887,16,,,,,,,,,,,2026-04-29T05:59:26+00:00,,,,,,0.145851355,-0.509197064,,unclear_entry,,5xL9HT3fDAzX3VEsZCX8qEWi3mgemtrgfd544aJgpump_1m_1777441166_1777443582.json
PFVF3TH5uGWnhaM6XNn8CAWXpqrCE2PQiGgGQybpump,profit,SKIP,no_entry_layer,,false,,0.156038,18,,,,,,,,,,,2026-04-29T06:00:11+00:00,,,,,-0.614153864,0.016637134,-0.728543255,0.584491679,dip_or_rebound_entry,,PFVF3TH5uGWnhaM6XNn8CAWXpqrCE2PQiGgGQybpump_1m_1777441211_1777443629.json
DaNJ7kvzxFu7c7DG6u1E6s4wMZhJSEa4Ss9ZqKfUpump,profit,SKIP,no_entry_layer,,false,,0.022741,33,,,,,,,,,,,2026-04-29T06:05:25+00:00,,,,,,0.838177301,-0.035935474,,high_range_entry,,DaNJ7kvzxFu7c7DG6u1E6s4wMZhJSEa4Ss9ZqKfUpump_1m_1777441525_1777443958.json
EW9ArqgzzH8U5pu5nMXdajw9nft9hiWMncw11x5cpump,profit,TRADE,,A_momentum_high_range,true,1,0.514903,66,-0.1,-0.1,60,0,-0.13786747128458487,60,hard_stop,OBSERVE,false,,2026-04-29T06:19:03+00:00,2026-04-29T06:19:00.000Z,2026-04-29T06:20:00.000Z,0.000007828809,0.0000070459281000000005,1.076240983,1,0,1.654090064,breakout_volume_entry,,EW9ArqgzzH8U5pu5nMXdajw9nft9hiWMncw11x5cpump_1m_1777442343_1777444809.json
BP37KtWxxY3smx463XzsS5QvC58RW4tFFbVKRX2Gpump,profit,TRADE,,C_high_range_fallback,false,0.6,1.823698,76,-0.1,-0.1,60,0.08165595304556428,-0.22610371796026663,0,hard_stop,OBSERVE,false,,2026-04-29T06:23:16+00:00,2026-04-29T06:23:00.000Z,2026-04-29T06:24:00.000Z,0.000015148473,0.0000136336257,,0.904144242,-0.081317425,,high_range_entry,,BP37KtWxxY3smx463XzsS5QvC58RW4tFFbVKRX2Gpump_1m_1777442596_1777445072.json
8B8HcYv5zktaDKPBN4pvEDgHuutMp585A9mPyTLMpump,loss,SKIP,no_entry_layer,,false,,-0.352596,15,,,,,,,,,,,2026-04-29T06:32:57+00:00,,,,,,0.740129882,-0.133896637,,unclear_entry,,8B8HcYv5zktaDKPBN4pvEDgHuutMp585A9mPyTLMpump_1m_1777443177_1777445592.json
EPo6akAM2AiECbMh8q48kVHywyN7RMRmbpeHodKfpump,profit,TRADE,,A_momentum_high_range,true,1,0.108873,222,-0.04404933009133882,-0.04404933009133882,60,0.002462759207710885,-0.04639782263413983,0,failed_no_push_1m_approx,OBSERVE,false,,2026-04-29T06:36:25+00:00,2026-04-29T06:36:00.000Z,2026-04-29T06:37:00.000Z,0.0000051210041,0.0000048954273,1.153491509,1,0,1.764899202,breakout_volume_entry,,EPo6akAM2AiECbMh8q48kVHywyN7RMRmbpeHodKfpump_1m_1777443385_1777446007.json
E4VuwYbTv5RmmqJGQhKdoxUWZzJGNxUXyDcsP73apzJu,profit,TRADE,,B_extreme_near_high,true,0.8,0.430855,16,0.6,0.6,60,0.9612584292757715,-0.49012328764380775,0,strong_hard_tp,STRONG,false,,2026-04-29T06:40:46+00:00,2026-04-29T06:41:00.000Z,2026-04-29T06:42:00.000Z,0.000011715271,0.000018744433600000003,,0.957418573,-0.033379692,,high_range_entry,,E4VuwYbTv5RmmqJGQhKdoxUWZzJGNxUXyDcsP73apzJu_1m_1777443646_1777446062.json
F92bdh9DZMGUeASuwXepC2A3Dz8umaGvRgjzJgDypump,profit,TRADE,,E_green_continuation,false,0.3,0.132082,19,-0.1,-0.1,60,0.004042094559346898,-0.11792374172067788,0,hard_stop,OBSERVE,false,,2026-04-29T06:41:23+00:00,2026-04-29T06:41:00.000Z,2026-04-29T06:42:00.000Z,0.000005892638,0.0000053033742,-0.066463487,0.557917385,-0.319557332,0.916149166,unclear_entry,,F92bdh9DZMGUeASuwXepC2A3Dz8umaGvRgjzJgDypump_1m_1777443683_1777446102.json
Fu2Rm5QEf66SjnHLFxKwS3C5WdXiES2LX2hfPAWpump,loss,SKIP,no_entry_layer,,false,,-0.058775,26,,,,,,,,,,,2026-04-29T06:47:54+00:00,,,,,,0.324684336,-0.417976223,,unclear_entry,,Fu2Rm5QEf66SjnHLFxKwS3C5WdXiES2LX2hfPAWpump_1m_1777444074_1777446500.json
GASyGb3FKcUU5atCePcG39QwuLkLiHQ6bub8doEfpump,profit,TRADE,,E_green_continuation,false,0.3,0.030572,43,-0.1,-0.1,60,0.34076728188437033,-0.34971649034639796,0,hard_stop,OBSERVE,false,,2026-04-29T06:54:23+00:00,2026-04-29T06:54:00.000Z,2026-04-29T06:55:00.000Z,0.0000073362269,0.00000660260421,,0.817375489,-0.117265583,,high_range_entry,,GASyGb3FKcUU5atCePcG39QwuLkLiHQ6bub8doEfpump_1m_1777444463_1777446906.json
EAE9oXaQfoZrB4Lofyo13WyiGkWu73VVS9dGZrxhpump,profit,TRADE,,B_extreme_near_high,true,0.8,0.320264,33,-0.1,-0.1,60,0,-0.48039205630603965,60,hard_stop,OBSERVE,false,,2026-04-29T07:00:50+00:00,2026-04-29T07:01:00.000Z,2026-04-29T07:02:00.000Z,0.0000064250159,0.00000578251431,,1,0,,high_range_entry,,EAE9oXaQfoZrB4Lofyo13WyiGkWu73VVS9dGZrxhpump_1m_1777444850_1777447283.json
6eZAb5VQBD75KuEMEuUAVfsdnjikVxZmHCggLy4Ppump,profit,TRADE,,C_high_range_fallback,false,0.6,0.017567,22,0.2960764776386664,0.2960764776386664,60,0.34327477141430607,-0.25555067266906184,0,normal_trailing_stop,NORMAL,false,,2026-04-29T07:03:34+00:00,2026-04-29T07:04:00.000Z,2026-04-29T07:05:00.000Z,0.0000043973115,0.000005699252000000001,,0.87761798,-0.05052218,,high_range_entry,,6eZAb5VQBD75KuEMEuUAVfsdnjikVxZmHCggLy4Ppump_1m_1777445014_1777447436.json
7wKewyb1mqbqLWkR2ruJ3Y5bTubi81P8uraanG5Ypump,loss,TRADE,,D_breakout_volume,false,0.6,-0.522886,57,-0.1,-0.1,60,0.5471532509467079,-0.42679048270458064,0,hard_stop,OBSERVE,false,,2026-04-29T07:07:06+00:00,2026-04-29T07:07:00.000Z,2026-04-29T07:08:00.000Z,0.0000061000354,0.00000549003186,0.391395727,0.348615658,-0.528122396,1.697458281,breakout_volume_entry,,7wKewyb1mqbqLWkR2ruJ3Y5bTubi81P8uraanG5Ypump_1m_1777445226_1777447683.json
3a1ovj7dNJ87r4jj93PB2xSaowtnF2YaA8kCy7eSpump,loss,SKIP,no_entry_layer,,false,,-0.160422,11,,,,,,,,,,,2026-04-29T07:08:58+00:00,,,,,-0.026867015,0.752178879,-0.174076496,0.789826281,high_range_entry,,3a1ovj7dNJ87r4jj93PB2xSaowtnF2YaA8kCy7eSpump_1m_1777445338_1777447749.json
88zHjd1LL7pwBjommuMdLrf9yHmH3iwcuFb3ikAvpump,loss,TRADE,,A_momentum_high_range,true,1,-0.07615,64,0.09617720390628093,0.09617720390628093,60,0.09617720390628093,-0.087738737462838,0,weak_30s_1m_approx,OBSERVE,false,,2026-04-29T07:10:43+00:00,2026-04-29T07:11:00.000Z,2026-04-29T07:12:00.000Z,0.0000063035405,0.0000069097974,0.334638269,0.996879034,-0.001860584,0.62821046,high_range_entry,,88zHjd1LL7pwBjommuMdLrf9yHmH3iwcuFb3ikAvpump_1m_1777445443_1777447907.json
CaTc99L3DGKQaCDicYAjpWZdvbsiygZN4omPAZhmpump,profit,SKIP,no_entry_layer,,false,,0.099017,40,,,,,,,,,,,2026-04-29T07:13:48+00:00,,,,,,0.80618383,-0.070218273,,high_range_entry,,CaTc99L3DGKQaCDicYAjpWZdvbsiygZN4omPAZhmpump_1m_1777445628_1777448068.json
7ZVztNusCidFiHuscBFz7dAygHogBRfcJVMR3aGkpump,profit,TRADE,,A_momentum_high_range,true,1,0.027508,76,-0.1,-0.1,60,0,-0.13774560706510752,60,hard_stop,OBSERVE,false,,2026-04-29T07:14:41+00:00,2026-04-29T07:15:00.000Z,2026-04-29T07:16:00.000Z,0.000014665651,0.0000131990859,0.255554331,0.871494795,-0.089996272,2.211714639,breakout_volume_entry,,7ZVztNusCidFiHuscBFz7dAygHogBRfcJVMR3aGkpump_1m_1777445681_1777448157.json
SEbDZ4TRfKUvWxPm7fRxQinWNWJSAFEWeHCz2Kapump,profit,TRADE,,A_momentum_high_range,true,1,0.17251,84,-0.1,-0.1,60,0.1390954516830476,-0.2177313721957832,0,hard_stop,OBSERVE,false,,2026-04-29T07:19:59+00:00,2026-04-29T07:20:00.000Z,2026-04-29T07:21:00.000Z,0.000010564853,0.0000095083677,1.023782845,1,0,1.222872256,high_range_entry,,SEbDZ4TRfKUvWxPm7fRxQinWNWJSAFEWeHCz2Kapump_1m_1777445999_1777448483.json
tjn8grxUZug5xn5VswjweXGzfrZYNjwX7JWWXF3pump,loss,TRADE,,D_breakout_volume,false,0.6,-0.016163,33,-0.1,-0.1,60,0.1631678154422198,-0.30045612416144885,0,hard_stop,OBSERVE,false,,2026-04-29T07:37:33+00:00,2026-04-29T07:38:00.000Z,2026-04-29T07:39:00.000Z,0.0000086549979,0.000007789498110000002,-0.168813725,0.601354979,-0.275696666,1.726512184,breakout_volume_entry,,tjn8grxUZug5xn5VswjweXGzfrZYNjwX7JWWXF3pump_1m_1777447053_1777449486.json
98d1zQZStVJEKeTnxnsamTE2EVRyPtLV23WcZvHTpump,loss,TRADE,,D_breakout_volume,false,0.6,-0.022391,27,0.14040467655450573,0.14040467655450573,120,0.14040467655450573,-0.12311829251587181,0,weak_30s_1m_approx,OBSERVE,false,,2026-04-29T07:43:18+00:00,2026-04-29T07:43:00.000Z,2026-04-29T07:45:00.000Z,0.000003499585,0.0000039909431,0.228989988,0.745766293,-0.097781111,3.01892922,breakout_volume_entry,,98d1zQZStVJEKeTnxnsamTE2EVRyPtLV23WcZvHTpump_1m_1777447398_1777449825.json
DLeaRYKbquAHyDv6kAz7teAnojNnmpjeD8t1ijh1pump,loss,TRADE,,B_extreme_near_high,true,0.8,-0.156192,43,-0.1,-0.1,60,0,-0.38687455855502195,60,hard_stop,OBSERVE,false,,2026-04-29T08:36:57+00:00,2026-04-29T08:37:00.000Z,2026-04-29T08:38:00.000Z,0.0000039544849,0.00000355903641,,1,0,,high_range_entry,,DLeaRYKbquAHyDv6kAz7teAnojNnmpjeD8t1ijh1pump_1m_1777450617_1777453060.json
3x8PdworsRHX6TxSFwancm48KaFnmcqw3r15f5Gwpump,loss,TRADE,,B_extreme_near_high,true,0.8,-0.158881,15,-0.022226745130723535,-0.022226745130723535,60,0,-0.022226745130723535,60,failed_no_push_1m_approx,OBSERVE,false,,2026-04-29T08:44:56+00:00,2026-04-29T08:45:00.000Z,2026-04-29T08:46:00.000Z,0.0000027627257,0.0000027013193,,0.977126353,-0.011367574,,high_range_entry,,3x8PdworsRHX6TxSFwancm48KaFnmcqw3r15f5Gwpump_1m_1777451096_1777453511.json
BX4eMWGB2P1GWwzT3f9Egt8KiNcfhgGPE8geJcpXpump,loss,TRADE,,D_breakout_volume,false,0.6,-0.404333,22,-0.1,-0.1,60,0.010875751734993333,-0.39996426510542793,0,hard_stop,OBSERVE,false,,2026-04-29T08:47:15+00:00,2026-04-29T08:47:00.000Z,2026-04-29T08:48:00.000Z,0.0000042077827,0.00000378700443,-0.007158268,0.377395194,-0.409268204,5.180689486,breakout_volume_entry,,BX4eMWGB2P1GWwzT3f9Egt8KiNcfhgGPE8geJcpXpump_1m_1777451235_1777453657.json
E99TXmhG9ppHzm17eKkruMmA7rVfQePqoeHipUJppump,loss,TRADE,,A_momentum_high_range,true,1,-0.14721,6,-0.1,-0.1,60,0.025567167118867307,-0.42281848660654187,0,hard_stop,OBSERVE,false,,2026-04-29T08:48:30+00:00,2026-04-29T08:48:00.000Z,2026-04-29T08:49:00.000Z,0.00001061107,0.000009549963,2.072007603,1,0,7.031641253,breakout_volume_entry,,E99TXmhG9ppHzm17eKkruMmA7rVfQePqoeHipUJppump_1m_1777451310_1777453716.json
5eMXSW5rDTBCU3ZEiGaTeeesTqM7FPNg1KcS3krNpump,profit,TRADE,,A_momentum_high_range,true,1,2.131602,92,-0.1,-0.1,60,0.06410334257742911,-0.21716646071752055,0,hard_stop,OBSERVE,false,,2026-04-29T08:57:34+00:00,2026-04-29T08:58:00.000Z,2026-04-29T08:59:00.000Z,0.000017703913,0.0000159335217,0.277243632,0.977439239,-0.014978727,0.549618768,high_range_entry,,5eMXSW5rDTBCU3ZEiGaTeeesTqM7FPNg1KcS3krNpump_1m_1777451854_1777454346.json
9EZW54MXnwR5pbFBLEeEtP68AyLpBMiMNcqVjgYspump,profit,SKIP,no_entry_layer,,false,,0.583625,127,,,,,,,,,,,2026-04-29T09:02:41+00:00,,,,,,0.701997628,-0.133130964,,unclear_entry,,9EZW54MXnwR5pbFBLEeEtP68AyLpBMiMNcqVjgYspump_1m_1777452161_1777454688.json
DuuZid3VsVNzNUiJvxx1sEnr9rM2QirNVr9r8A58pump,profit,TRADE,,E_green_continuation,false,0.3,0.0406,41,-0.1,-0.1,60,0.09980625625801287,-0.5801558252923789,0,hard_stop,OBSERVE,false,,2026-04-29T09:08:02+00:00,2026-04-29T09:08:00.000Z,2026-04-29T09:09:00.000Z,0.0000061603022,0.00000554427198,0.18247403,0.476291392,-0.388813555,0.951434613,unclear_entry,,DuuZid3VsVNzNUiJvxx1sEnr9rM2QirNVr9r8A58pump_1m_1777452482_1777454923.json
9LdQTLF47JL1X3gwGcqZuBBPqE5qAyNhenmJYxDppump,loss,TRADE,,B_extreme_near_high,true,0.8,-0.003518,146,0.6,0.6,60,0.745205682043248,-0.4270016363749044,0,strong_hard_tp,STRONG,false,,2026-04-29T09:08:22+00:00,2026-04-29T09:08:00.000Z,2026-04-29T09:09:00.000Z,0.000006518289,0.000010429262400000001,,1,0,,high_range_entry,,9LdQTLF47JL1X3gwGcqZuBBPqE5qAyNhenmJYxDppump_1m_1777452502_1777455048.json
BFQbT1xeg7N9vGwC5cjQgN8F8MzgC3w1hv3k9tGypump,profit,SKIP,no_entry_layer,,false,,0.075564,13,,,,,,,,,,,2026-04-29T09:16:37+00:00,,,,,,0,-0.55358336,,unclear_entry,,BFQbT1xeg7N9vGwC5cjQgN8F8MzgC3w1hv3k9tGypump_1m_1777452997_1777455410.json
DZQKJPbkx7xZK68CKkQy3hzUfaoELkTCEq4n2uGWpump,loss,TRADE,,B_extreme_near_high,true,0.8,-0.0125,41,-0.00011804961522521307,-0.00011804961522521307,300,0,-0.00011804961522521307,300,failed_no_push_1m_approx,OBSERVE,false,,2026-04-29T09:20:58+00:00,2026-04-29T09:21:00.000Z,2026-04-29T09:26:00.000Z,0.0000040364384,0.0000040359619,0.071504461,1,0,7.643571338,breakout_volume_entry,,DZQKJPbkx7xZK68CKkQy3hzUfaoELkTCEq4n2uGWpump_1m_1777453258_1777455699.json
7b6gLvyhHViprRso1weiaGLqazsKbsYiYsXuwAAKpump,loss,SKIP,no_entry_layer,,false,,-0.035355,16,,,,,,,,,,,2026-04-29T09:21:44+00:00,,,,,0.528380813,0.547721604,-0.286658102,0.116436323,unclear_entry,,7b6gLvyhHViprRso1weiaGLqazsKbsYiYsXuwAAKpump_1m_1777453304_1777455720.json
HS1Vh4K1rpXLAw2RUNx8MCjWb9arnE6qQnXyBZ47pump,profit,TRADE,,A_momentum_high_range,true,1,0.543876,260,0.48423625190952224,0.48423625190952224,60,0.5369564170674386,-0.35914022458654304,0,strong_trailing_stop,STRONG,false,,2026-04-29T09:25:59+00:00,2026-04-29T09:26:00.000Z,2026-04-29T09:27:00.000Z,0.000010114441,0.00001501222,3.404894279,1,0,15.429260762,breakout_volume_entry,,HS1Vh4K1rpXLAw2RUNx8MCjWb9arnE6qQnXyBZ47pump_1m_1777453559_1777456219.json
Gcn2k5fFT17WbpZCR7WDDQYXJ8pd1SazbCLMzS7Dpump,loss,TRADE,,E_green_continuation,false,0.3,-0.103245,20,-0.08273297944290636,-0.08273297944290636,60,0.22841367383151634,-0.253291427719078,0,failed_15s_stop_1m_approx,OBSERVE,false,,2026-04-29T09:27:34+00:00,2026-04-29T09:28:00.000Z,2026-04-29T09:29:00.000Z,0.0000057195293,0.0000052463356,0.09437065,0.763819387,-0.146915699,0.61484041,high_range_entry,,Gcn2k5fFT17WbpZCR7WDDQYXJ8pd1SazbCLMzS7Dpump_1m_1777453654_1777456074.json
8jdhqDAWL3xJ9AK4tbuLU9ui1zf9D3oGPxEtWZ4vpump,loss,SKIP,no_entry_layer,,false,,-0.15695,7,,,,,,,,,,,2026-04-29T09:28:08+00:00,,,,,0.084268619,0.228778722,-0.207603591,1.789041461,unclear_entry,,8jdhqDAWL3xJ9AK4tbuLU9ui1zf9D3oGPxEtWZ4vpump_1m_1777453688_1777456095.json
3Xps1UwWmHFLv9R29reKoV8hCAbFD6DxZk3Xjckopump,profit,TRADE,,F_short_rebound_scout,false,0.2,0.099638,42,-0.0884553577358852,-0.0884553577358852,60,0.12251792352289614,-0.18894852465909917,0,failed_15s_stop_1m_approx,OBSERVE,false,,2026-04-29T09:39:03+00:00,2026-04-29T09:39:00.000Z,2026-04-29T09:40:00.000Z,0.0000038362436,0.0000034969073,-0.237351848,0.442877491,-0.323172282,0.585945015,unclear_entry,,3Xps1UwWmHFLv9R29reKoV8hCAbFD6DxZk3Xjckopump_1m_1777454343_1777456785.json
3R82c9xNofKmbAaW7WbeaHc4KWNgWL5nnvQvxYxQpump,loss,SKIP,no_entry_layer,,false,,-0.316371,24,,,,,,,,,,,2026-04-29T09:43:38+00:00,,,,,,0.822148068,-0.06699897,,high_range_entry,,3R82c9xNofKmbAaW7WbeaHc4KWNgWL5nnvQvxYxQpump_1m_1777454618_1777457042.json
4eoAmGt465BphcZhyky68EuGu8AwTVXfkiYpGeo1pump,loss,TRADE,,B_extreme_near_high,true,0.8,-0.063704,428,-0.1,-0.1,60,0,-0.22745398008490647,60,hard_stop,OBSERVE,false,,2026-04-29T09:43:59+00:00,2026-04-29T09:44:00.000Z,2026-04-29T09:45:00.000Z,0.0000053002814,0.00000477025326,,1,0,,high_range_entry,,4eoAmGt465BphcZhyky68EuGu8AwTVXfkiYpGeo1pump_1m_1777454639_1777457467.json
FK8NdVVYAMxGu3yGwCNeWh3gcyDeDtL7XoFLDsVvpump,profit,TRADE,,A_momentum_high_range,true,1,0.080874,47,0.00950720317980247,0.00950720317980247,60,0.00950720317980247,-0.00941766750138695,0,failed_no_push_1m_approx,OBSERVE,false,,2026-04-29T09:48:00+00:00,2026-04-29T09:48:00.000Z,2026-04-29T09:49:00.000Z,0.000004244792,0.0000042851481,0.440021017,0.929494563,-0.02981219,1.006585985,high_range_entry,,FK8NdVVYAMxGu3yGwCNeWh3gcyDeDtL7XoFLDsVvpump_1m_1777454880_1777457327.json
BEFGTBRvCvnoTAqsXC98EvFyBjza5tVxtMsKfFRBpump,profit,TRADE,,A_momentum_high_range,true,1,0.453689,74,-0.1,-0.1,60,0.06658854076752063,-0.27039005907186353,0,hard_stop,OBSERVE,false,,2026-04-29T09:49:01+00:00,2026-04-29T09:49:00.000Z,2026-04-29T09:50:00.000Z,0.000010310708,0.0000092796372,1.174484745,0.816915233,-0.138388459,5.377483721,breakout_volume_entry,,BEFGTBRvCvnoTAqsXC98EvFyBjza5tVxtMsKfFRBpump_1m_1777454941_1777457415.json
ATw5RFWAhbp9FSsVz7HK6dt6zVaGXuqYEnTupBWPpump,profit,TRADE,,A_momentum_high_range,true,1,0.188034,95,-0.09842254510390791,-0.09842254510390791,60,0,-0.09842254510390791,60,failed_15s_stop_1m_approx,OBSERVE,false,,2026-04-29T10:05:52+00:00,2026-04-29T10:06:00.000Z,2026-04-29T10:07:00.000Z,0.000018138395,0.000016353168,0.931108161,1,0,3.897371073,breakout_volume_entry,,ATw5RFWAhbp9FSsVz7HK6dt6zVaGXuqYEnTupBWPpump_1m_1777455952_1777458447.json
2MNaTukcJbkMvV1uM9iGwcSck9XS2tyFT3BfkTXjpump,loss,SKIP,no_entry_layer,,false,,-0.076201,20,,,,,,,,,,,2026-04-29T10:08:12+00:00,,,,,-0.078685933,0.045403929,-0.478233991,0.182208412,unclear_entry,,2MNaTukcJbkMvV1uM9iGwcSck9XS2tyFT3BfkTXjpump_1m_1777456092_1777458512.json
JBLNPDbZvJNXKfSWqoXvCnBkvoWyhZr7Jd1KZHwWpump,loss,TRADE,,E_green_continuation,false,0.3,-0.286574,34,-0.1,-0.1,60,0.12028287366487933,-0.39654026152279964,0,hard_stop,OBSERVE,false,,2026-04-29T10:10:32+00:00,2026-04-29T10:11:00.000Z,2026-04-29T10:12:00.000Z,0.000010655216,0.0000095896944,,0.671308348,-0.285667186,,unclear_entry,,JBLNPDbZvJNXKfSWqoXvCnBkvoWyhZr7Jd1KZHwWpump_1m_1777456232_1777458666.json
3Ky1XiMUJSa253EuG4pm6K4rLqRdACLfJynDRCqKpump,loss,TRADE,,E_green_continuation,false,0.3,-0.349559,8,-0.1,-0.1,60,0.026409940400680343,-0.27099907896339415,0,hard_stop,OBSERVE,false,,2026-04-29T10:12:32+00:00,2026-04-29T10:13:00.000Z,2026-04-29T10:14:00.000Z,0.0000052250932,0.0000047025838800000005,,0.315562679,-0.571850333,,unclear_entry,,3Ky1XiMUJSa253EuG4pm6K4rLqRdACLfJynDRCqKpump_1m_1777456352_1777458760.json
36rurryfBXL8n5vfokRTocLvyxnoE1qugf8f39ZYpump,loss,TRADE,,E_green_continuation,false,0.3,-0.314455,5,-0.1,-0.1,60,0.24414846139919066,-0.511812054886708,0,hard_stop,OBSERVE,false,,2026-04-29T10:17:35+00:00,2026-04-29T10:18:00.000Z,2026-04-29T10:19:00.000Z,0.000012134629,0.0000109211661,,0.789659212,-0.172050905,,high_range_entry,,36rurryfBXL8n5vfokRTocLvyxnoE1qugf8f39ZYpump_1m_1777456655_1777459060.json
2rUxzz58pVQz6KHT2NfHcxtdK6vdaXZaQgM58FJapump,loss,SKIP,no_entry_layer,,false,,-0.254578,22,,,,,,,,,,,2026-04-29T10:25:16+00:00,,,,,-0.365022528,0.270925774,-0.522791847,0.478185015,dip_or_rebound_entry,,2rUxzz58pVQz6KHT2NfHcxtdK6vdaXZaQgM58FJapump_1m_1777457116_1777459538.json
EtAqs7SjR5cp5wgRujYVmZhnb9dRoFJVwbEisHKypump,profit,TRADE,,E_green_continuation,false,0.3,0.125028,27,-0.1,-0.1,60,0.014784089233622177,-0.39934376809936734,0,hard_stop,OBSERVE,false,,2026-04-29T10:42:31+00:00,2026-04-29T10:43:00.000Z,2026-04-29T10:44:00.000Z,0.000014337914,0.0000129041226,,0.768126079,-0.1666376,,high_range_entry,,EtAqs7SjR5cp5wgRujYVmZhnb9dRoFJVwbEisHKypump_1m_1777458151_1777460578.json
Gu8aoaTcmxyyT9FKtQkfddrvW7HwXJRRcgDLhAn2pump,loss,SKIP,no_entry_layer,,false,,-0.103688,10,,,,,,,,,,,2026-04-29T10:43:34+00:00,,,,,,0.39078168,-0.394340692,,unclear_entry,,Gu8aoaTcmxyyT9FKtQkfddrvW7HwXJRRcgDLhAn2pump_1m_1777458214_1777460624.json
28uAqq1hGrh8tqmT8j9MD6FbzMxeMZgfywysNnuhpump,loss,TRADE,,B_extreme_near_high,true,0.8,-0.313087,72,-0.1,-0.1,60,0.10030416039635903,-0.5765140245984011,0,hard_stop,OBSERVE,false,,2026-04-29T10:46:13+00:00,2026-04-29T10:46:00.000Z,2026-04-29T10:47:00.000Z,0.000011269383,0.0000101424447,,0.949079144,-0.039903767,,high_range_entry,,28uAqq1hGrh8tqmT8j9MD6FbzMxeMZgfywysNnuhpump_1m_1777458373_1777460845.json
DiqmbYhdd7HoytAabr5AQdTBrB8DMTupgukE2ZHEpump,loss,TRADE,,D_breakout_volume,false,0.6,-0.039952,30,0.6,0.6,60,0.6533471982921724,-0.3951663624960615,0,strong_hard_tp,STRONG,false,,2026-04-29T10:47:08+00:00,2026-04-29T10:47:00.000Z,2026-04-29T10:48:00.000Z,0.00001017433,0.000016278928,1.037778066,0.65212154,-0.287512254,8.426884612,breakout_volume_entry,,DiqmbYhdd7HoytAabr5AQdTBrB8DMTupgukE2ZHEpump_1m_1777458428_1777460858.json
E6xoDtQRrYp7RGtmNT7M7BNv6WLumhMzVm5qpDQCpump,loss,SKIP,no_entry_layer,,false,,-0.038289,125,,,,,,,,,,,2026-04-29T10:54:51+00:00,,,,,,0.773690873,-0.108723118,,high_range_entry,,E6xoDtQRrYp7RGtmNT7M7BNv6WLumhMzVm5qpDQCpump_1m_1777458891_1777461416.json
